node_id,x,y,curvature,abs_curvature,position,sinuosity_local
0,41597.9095166254,3362463.779877077,0.0014078685428961046,0.0014078685428961046,0.0,1.1039286834012723
1,41517.9095166254,3362250.0094789644,0.0011612046870086348,0.0011612046870086348,0.0009871178943483261,1.1039286834012723
2,41533.24166477156,3362068.4477289305,0.0008169210391077715,0.0008169210391077715,0.0017751188960292335,1.1039286834012723
3,41715.405213527694,3361926.2841801746,0.0006100295598255169,0.0006100295598255169,0.0027744416272961524,1.1039286834012723
4,41895.71188846158,3361793.779877077,0.0003765878255423105,0.0003765878255423105,0.003742137828988478,1.1039286834012723
5,42095.34015095028,3361693.779877077,0.00017166413812954546,0.00017166413812954546,0.0047077400830471865,1.1039286834012723
6,42279.97197824185,3361571.7174154604,3.619640949493507e-05,3.619640949493507e-05,0.005664945064362556,1.0306159171198759
7,42457.9095166254,3361439.5191246457,-2.4703674351290263e-05,2.4703674351290263e-05,0.006623614384358539,1.0032597736307665
8,42626.01480450666,3361285.6745891958,-4.0672893061372764e-05,4.0672893061372764e-05,0.007609118020915861,1.0036642541032013
9,42812.4318446678,3361153.779877077,-4.896771010893536e-05,4.896771010893536e-05,0.008596707070666868,1.0046905179007177
10,43009.128698583336,3361032.5606951187,-6.493750111525311e-05,6.493750111525311e-05,0.009595933497151786,1.002976527192586
11,43178.363315151335,3360873.326078551,-8.200191102751608e-05,8.200191102751608e-05,0.010600873819117904,1.0025463618577224
12,43359.313660471875,3360742.3757332303,-9.093518982555256e-05,9.093518982555256e-05,0.011566859294555996,1.0030782525152175
13,43535.619344851744,3360586.0700488505,-9.321811473830546e-05,9.321811473830546e-05,0.012585838229795965,1.0042856196121999
14,43697.78289360788,3360423.9065000946,-9.86873384443254e-05,9.86873384443254e-05,0.013577646306853663,1.0047059211557652
15,43864.93230025423,3360273.779877077,-0.00011374822534154052,0.00011374822534154052,0.014549287362625618,1.0037252130933965
16,44033.82571987269,3360127.8636738295,-0.00013379368932733683,0.00013379368932733683,0.015514551387336067,1.004497069101036
17,44197.202472064426,3359954.486921638,-0.00014943855309063801,0.00014943855309063801,0.016544813970957424,1.0046708527854493
18,44347.9095166254,3359775.862204714,-0.0001582450013936661,0.0001582450013936661,0.01755553866540128,1.0056564963769024
19,44499.813840824165,3359591.8755528782,-0.00016598792514240104,0.00016598792514240104,0.018587384421360525,1.0087948515573097
20,44637.9095166254,3359408.027035974,-0.00017757318172428435,0.00017757318172428435,0.019581797674899877,1.0078980134904667
21,44777.06987052458,3359224.619523178,-0.00019062730330796738,0.00019062730330796738,0.020577463033691165,1.007452813976118
22,44897.9095166254,3359027.7654603627,-0.00019936714400822545,0.00019936714400822545,0.021576408650867608,1.0083915527224188
23,45009.41006020454,3358833.779877077,-0.0002025559243670017,0.0002025559243670017,0.02254405547270681,1.0096917456577101
24,45097.9095166254,3358628.5089353854,-0.00020326886377743808,0.00020326886377743808,0.02351078892745861,1.0107835636243871
25,45204.30270931183,3358437.3866843903,-0.00019988303427168584,0.00019988303427168584,0.024456781630419762,1.0096329535754356
26,45287.9095166254,3358225.1102747843,-0.00018354660634301454,0.00018354660634301454,0.025443459744601674,1.0063696450782713
27,45357.9095166254,3358013.055605424,-0.00015063000677524767,0.00015063000677524767,0.026409214421595,1.0073952596945452
28,45419.87452465988,3357791.8148690425,-0.00011462434368154203,0.00011462434368154203,0.027402841481712924,1.0065516878667904
29,45467.185259673635,3357564.5041340287,-9.875757930845768e-05,9.875757930845768e-05,0.028406966828458117,1.008004513451455
30,45527.9095166254,3357342.7494617207,-0.0001144818139400538,0.0001144818139400538,0.029401303690899574,1.0056019801648644
31,45617.9095166254,3357138.979063608,-0.00014972158580934768,0.00014972158580934768,0.030364684913071857,1.006786539450286
32,45647.9095166254,3356904.4979873775,-0.0001825854016049969,0.0001825854016049969,0.03138701924482893,1.0092426595286959
33,45687.9095166254,3356674.15904677,-0.0002031854073414793,0.0002031854073414793,0.032398082750831746,1.0118208281327679
34,45707.9095166254,3356435.535834915,-0.00021455971305548696,0.00021455971305548696,0.03343368306954629,1.013863310024464
35,45737.9095166254,3356209.3390299315,-0.00021831542928622835,0.00021831542928622835,0.03442049028624798,1.0135877625869383
36,45737.9095166254,3355962.431546829,-0.00021107550275357786,0.00021107550275357786,0.03548829947945233,1.008471054318727
37,45717.9095166254,3355723.808334974,-0.00019378044556728742,0.00019378044556728742,0.03652389979816688,1.0113845754598174
38,45687.9095166254,3355489.3272587433,-0.0001747822228823733,0.0001747822228823733,0.03754623412992395,1.0086436452154826
39,45657.9095166254,3355254.846182512,-0.0001606755699269393,0.0001606755699269393,0.038568568461683016,1.0088647172634622
40,45627.9095166254,3355020.365106281,-0.00014943579068640744,0.00014943579068640744,0.03959090279344208,1.0058331674135486
41,45577.9095166254,3354794.1683012974,-0.00013681695607668633,0.00013681695607668633,0.040592757973572424,1.0041238077277341
42,45502.58916776452,3354578.459528216,-0.00012669113036856304,0.00012669113036856304,0.04158087622585204,1.0054813042940811
43,45462.34950056263,3354348.2198610143,-0.00012966815613207617,0.00012966815613207617,0.0425916946652365,1.0075578035852009
44,45387.9095166254,3354132.1464288416,-0.00015086205287636947,0.00015086205287636947,0.04358005525957807,1.0115368798882856
45,45317.9095166254,3353914.2338951053,-0.0001800623729979757,0.0001800623729979757,0.04456989866337581,1.009081986683265
46,45256.7776852146,3353692.648045666,-0.0001943434807933628,0.0001943434807933628,0.04556399867608979,1.0082372708032172
47,45157.9095166254,3353486.6930988804,-0.0001768898556551622,0.0001768898556551622,0.04655201210898564,1.0091587306137066
48,45047.9095166254,3353291.2069720156,-0.00014049545150317927,0.00014049545150317927,0.047522091749199386,1.0075377328806405
49,44917.9095166254,3353121.578709527,-0.00012535071049584622,0.00012535071049584622,0.04844634870170362,1.0137055261176409
50,44833.686982051106,3352909.5573425028,-0.0001614847675385342,0.0001614847675385342,0.04943298059191036,1.016510944005547
51,44738.091975789896,3352713.9623362413,-0.0002339318950756652,0.0002339318950756652,0.05037450023628992,1.0135098062824999
52,44627.9095166254,3352530.2675151895,-0.000293289679177506,0.000293289679177506,0.0513008817007866,1.014860837244319
53,44497.40448858442,3352343.274849036,-0.0003039712957337166,0.0003039712957337166,0.05228705211520164,1.020932091970415
54,44321.09880420456,3352186.969164656,-0.00027365443285465795,0.00027365443285465795,0.05330603105044159,1.0229342974465714
55,44144.793119824695,3352030.6634802762,-0.00022965665268081403,0.00022965665268081403,0.054325009985681544,1.0178398460281988
56,43978.48743544483,3351864.3577958965,-0.00018257212338410996,0.00018257212338410996,0.055342151768121566,1.0119584495256762
57,43799.252818876834,3351715.123179328,-0.0001222244591162679,0.0001222244591162679,0.0563508074975312,1.0078705283354523
58,43598.4652416465,3351603.779877077,-4.120699227725594e-05,4.120699227725594e-05,0.05734373650008971,1.0048008079597235
59,43409.0678569883,3351464.9382174397,4.561495221594422e-05,4.561495221594422e-05,0.05835934368861276,1.0049610822647097
60,43213.975376044036,3351339.8457364957,0.00010643163537983517,0.00010643163537983517,0.05936161145822467,1.005085509653767
61,43023.42821728891,3351203.779877077,0.0001153329341896833,0.0001153329341896833,0.06037421020750298,1.00474040802524
62,42865.50614290804,3351031.3765033595,7.320968905078954e-05,7.320968905078954e-05,0.06138533177253965,1.0056703339184079
63,42695.05832290445,3350860.928683356,1.0041359438540678e-05,1.0041359438540678e-05,0.062427807260362,1.0067462324844396
64,42534.10797758391,3350709.9783380353,-3.2788052111887605e-05,3.2788052111887605e-05,0.0633821048813864,1.0064912928945768
65,42367.9095166254,3350555.3439690126,-2.929710252836427e-05,2.929710252836427e-05,0.06436386443276619,1.0053802458787098
66,42188.06515131911,3350423.9355117707,1.172446046614138e-05,1.172446046614138e-05,0.06532714666843448,1.0050817836221078
67,41994.18587381043,3350310.056234262,5.707393137314343e-05,5.707393137314343e-05,0.06629956447565115,1.0051212284934556
68,41856.16446067801,3350132.0348211294,8.234138861614896e-05,8.234138861614896e-05,0.06727374894002015,1.005217623140458
69,41682.3819148437,3349983.779877077,8.760867159020701e-05,8.760867159020701e-05,0.06826164449496216,1.0057076891420356
70,41500.62415973012,3349826.494520182,8.209390197246615e-05,8.209390197246615e-05,0.06930115227810962,1.0060064109674007
71,41345.53167878583,3349661.4020392373,6.779978676588426e-05,6.779978676588426e-05,0.07028077093017597,1.0050201610958376
72,41197.9095166254,3349499.073115314,4.192967058926225e-05,4.192967058926225e-05,0.07122968284125067,1.0019147573373355
73,41035.34671689727,3349331.217077349,5.80070304643228e-06,5.80070304643228e-06,0.07224024940443537,1.0037053307458774
74,40879.50972174589,3349153.779877077,-3.333043120252362e-05,3.333043120252362e-05,0.073261556465173,1.003469208675905
75,40718.59321251377,3348974.463572965,-6.411780831013245e-05,6.411780831013245e-05,0.0743035253586662,1.003228497937994
76,40547.9095166254,3348809.9713203283,-7.325360947968029e-05,7.325360947968029e-05,0.07532868461019726,1.0031859886040475
77,40395.98184375401,3348631.8522042055,-5.3711426312371656e-05,5.3711426312371656e-05,0.07634115682325247,1.0030765118716434
78,40200.88936280973,3348506.759723261,-1.58450727112442e-05,1.58450727112442e-05,0.07734342459286553,1.0031251114165638
79,40031.654746241715,3348347.525106693,1.6804128265753884e-05,1.6804128265753884e-05,0.07834836491483169,1.0028047065664516
80,39873.6333331093,3348189.5036935606,2.9461039828681465e-05,2.9461039828681465e-05,0.07931483928650851,1.0026580183813996
81,39707.9095166254,3348017.0991272307,2.8772543534351294e-05,2.8772543534351294e-05,0.08034905417604982,1.002963648546508
82,39541.02196434954,3347856.892324801,2.9893694924886295e-05,2.9893694924886295e-05,0.08134953327598812,1.0025135971459844
83,39367.9095166254,3347699.2639584905,3.846494945643547e-05,3.846494945643547e-05,0.08236206260673856,1.0004370892436771
84,39198.410595589776,3347534.280956041,5.041719484694586e-05,5.041719484694586e-05,0.08338501785781913,1.0010252422865304
85,39039.17597902176,3347365.046339473,6.368673947858796e-05,6.368673947858796e-05,0.08438995817978526,1.0033967864844573
86,38882.87029464188,3347188.7406550935,8.119218588668506e-05,8.119218588668506e-05,0.08540893711502524,1.0034159046612237
87,38720.70674588573,3347026.577106337,0.00010117805918878067,0.00010117805918878067,0.08640074519208442,1.0032677409010737
88,38562.68533275331,3346868.555693205,0.00011357699681960586,0.00011357699681960586,0.0873672195637598,1.0047436028107868
89,38420.52178399717,3346686.3921444486,0.00011302792278997104,0.00011302792278997104,0.08836654229502817,1.0045495588519893
90,38302.50037086475,3346488.370731316,0.0001085536303342389,0.0001085536303342389,0.08936349933981357,1.0065967495638304
91,38154.47895773233,3346320.349318184,0.00011146670586128966,0.00011146670586128966,0.09033190698950591,1.0062912837435984
92,38009.38647678805,3346145.2568372395,0.00012057579609872538,0.00012057579609872538,0.09131533671919234,1.0081458458480925
93,37898.4361314675,3345944.306491919,0.00012912830374347785,0.00012912830374347785,0.09230805885908935,1.0064338682539191
94,37774.55685395881,3345760.42721441,0.00014177876679254112,0.00014177876679254112,0.09326691846176854,1.008441922827012
95,37677.74864426199,3345553.6190047134,0.00017491473768086369,0.00017491473768086369,0.09425445009928166,1.0130453634824546
96,37537.9095166254,3345376.350513581,0.00024050962066837566,0.00024050962066837566,0.09523091240585399,1.030033674356559
97,37457.061157056494,3345162.931517508,0.00033201751757171833,0.00033201751757171833,0.09621790090007584,1.0338694324534539
98,37350.25294735967,3344966.123307811,0.0004191464604082644,0.0004191464604082644,0.09718630788389773,1.0384536409417735
99,37277.9095166254,3344749.1814548676,0.00045546906589310945,0.00045546906589310945,0.09817531450965698,1.0395633706502443
100,37227.9095166254,3344522.984649884,0.0004110729617916237,0.0004110729617916237,0.09917716968978733,1.039867446632325
101,37268.711494367984,3344292.9778993344,0.00030425331203296125,0.00030425331203296125,0.10018741780776565,1.0257331726417724
102,37277.9095166254,3344058.1646330454,0.00018214398410806943,0.00018214398410806943,0.1012037015358318,1.0217161162019328
103,37287.9095166254,3343823.683556814,7.996978054120665e-05,7.996978054120665e-05,0.10221869159804105,1.010627407524364
104,37317.9095166254,3343597.4867518307,9.92625596671555e-06,9.92625596671555e-06,0.10320549881474274,1.0050094182578422
105,37337.9095166254,3343367.1478112233,-2.8095523378138505e-05,2.8095523378138505e-05,0.10420540152196284,1.001543159703425
106,37347.9095166254,3343124.382463745,-3.6875778564039385e-05,3.6875778564039385e-05,0.10525618742587081,1.0011196909002367
107,37357.9095166254,3342889.9013875136,-2.0723013308546988e-05,2.0723013308546988e-05,0.10627117748808007,1.001144780331067
108,37366.749554474416,3342654.939839228,1.1024640168002303e-05,1.1024640168002303e-05,0.10728804262159523,1.001144032668527
109,37357.9095166254,3342420.9392350516,4.3054846551413054e-05,4.3054846551413054e-05,0.10830075487767912,1.001506916344152
110,37367.9095166254,3342194.742430068,6.141519190536036e-05,6.141519190536036e-05,0.10927995139698708,1.0014960784454339
111,37397.9095166254,3341968.545625084,6.412821305994032e-05,6.412821305994032e-05,0.11026675861369077,1.0016693385796214
112,37417.9095166254,3341738.2066844767,6.0577654071345316e-05,6.0577654071345316e-05,0.11126666132091088,1.0024349682525777
113,37427.9095166254,3341495.4413369983,5.934219185805507e-05,5.934219185805507e-05,0.11231744722481886,1.0025421850839529
114,37467.9095166254,3341265.102396391,6.0785200738573904e-05,6.0785200738573904e-05,0.11332851073082166,1.0014832299008132
115,37487.9095166254,3341026.4791845363,6.106558334722507e-05,6.106558334722507e-05,0.1143641110495342,1.0020830259356444
116,37519.16941740647,3340792.519976296,6.036566890834266e-05,6.036566890834266e-05,0.11538491403997186,1.0021294758824526
117,37567.9095166254,3340565.8013033215,6.625558601920417e-05,6.625558601920417e-05,0.11638781374294703,1.0039300646091207
118,37607.9095166254,3340335.462362714,8.726523390288718e-05,8.726523390288718e-05,0.11739887724894983,1.0043992687677243
119,37627.9095166254,3340096.839150859,0.00012200356225119068,0.00012200356225119068,0.11843447756766437,1.0060013898921703
120,37687.9095166254,3339874.7844814993,0.00015613813264895608,0.00015613813264895608,0.11942924419971589,1.0053852423218625
121,37727.9095166254,3339644.445540892,0.0001715238962947215,0.0001715238962947215,0.1204403077057187,1.00814315153475
122,37807.9095166254,3339430.6751427795,0.00015898370952755465,0.00015898370952755465,0.12142742560006703,1.0078332451593732
123,37887.9095166254,3339216.904744667,0.00012310296292276322,0.00012310296292276322,0.12241454349441536,1.0069634533895124
124,37975.43704344704,3339006.2523502554,7.764993607551463e-05,7.764993607551463e-05,0.1234010711532334,1.0048372640881422
125,38051.032049708265,3338790.657343994,4.005529147377301e-05,4.005529147377301e-05,0.12438911730489396,1.004484582143277
126,38169.05346284068,3338592.6359308613,2.6808211733485103e-05,2.6808211733485103e-05,0.12538607434967936,1.0030680778809073
127,38237.57740129003,3338374.1119924122,4.512714085059681e-05,4.512714085059681e-05,0.12637650682098633,1.0034074277687262
128,38306.10133973938,3338155.5880539627,8.684790475287912e-05,8.684790475287912e-05,0.12736693929229528,1.0041659968202115
129,38407.9095166254,3337956.7087628637,0.00013503809000958272,0.00013503809000958272,0.12833318473317815,1.0095541434688249
130,38495.57562350929,3337746.113770193,0.00017626321178901906,0.00017626321178901906,0.12931971332108114,1.0089686755632412
131,38606.52596882984,3337545.1634248723,0.0002034633674934049,0.0002034633674934049,0.13031243546097812,1.0108222803462568
132,38713.33417852666,3337348.3552151755,0.0002136113273666242,0.0002136113273666242,0.1312808424448,1.0107474363547058
133,38830.142388223474,3337161.5470054788,0.00021262495807615448,0.00021262495807615448,0.13223367336752218,1.0111298404692388
134,38997.9095166254,3336989.9888066575,0.00021789952884463418,0.00021789952884463418,0.13327141152250435,1.0188951765234688
135,39121.540553547566,3336800.1488401545,0.00024353297302796156,0.00024353297302796156,0.1342511699334186,1.0192143735015242
136,39270.77517011555,3336620.9142235867,0.0002820430922038908,0.0002820430922038908,0.13525982566282682,1.0203120710431492
137,39434.151922307254,3336447.537471395,0.0003061792736670893,0.0003061792736670893,0.1362900882464481,1.0172278611829628
138,39613.38653887524,3336298.302854827,0.00029289167475907043,0.00029289167475907043,0.1372987439758564,1.016819972628639
139,39810.19474857203,3336191.4946451304,0.0002471532553302922,0.0002471532553302922,0.13826715095967826,1.0179863524391781
140,40002.48531387871,3336073.779877077,0.0001983689572838675,0.0001983689572838675,0.13924220756961808,1.0125668556739995
141,40197.95330358934,3335963.736090113,0.0001741845059895942,0.0001741845059895942,0.14021231173638074,1.011115499243221
142,40389.31543198488,3335843.779877077,0.00018317238927338826,0.00018317238927338826,0.1411890599504687,1.0091545431553135
143,40598.640790794794,3335753.0486029075,0.00021858548372509195,0.00021858548372509195,0.14217571813852142,1.011489686834179
144,40804.42982133853,3335653.779877077,0.00026766984011945545,0.00026766984011945545,0.14316383615688075,1.0178403738063715
145,41014.058083827214,3335563.779877077,0.00031408157716863663,0.00031408157716863663,0.14415044447437542,1.0214873155852968
146,41236.112753187095,3335503.779877077,0.0003399222536794066,0.0003399222536794066,0.1451452111064277,1.0252687579569435
147,41462.30955817072,3335453.779877077,0.00033448585556147175,0.00033448585556147175,0.14614706628655838,1.0230804931915012
148,41700.93277002554,3335433.779877077,0.0003011750067892084,0.0003011750067892084,0.14718266660527182,1.0206363644408607
149,41947.840253127826,3335433.779877077,0.00025403806139193385,0.00025403806139193385,0.1482504757984762,1.0181615181562635
150,42190.60560060638,3335443.779877077,0.00021009537667710288,0.00021009537667710288,0.14930126170238464,1.0152648762783885
151,42425.08667683747,3335473.779877077,0.0001832624841690429,0.0001832624841690429,0.1503235960341431,1.0108797890159569
152,42659.56775306855,3335503.779877077,0.0001778336125592976,0.0001778336125592976,0.15134593036590155,1.0113958671612229
153,42901.03746281358,3335516.907823265,0.00018429238292390473,0.00018429238292390473,0.15239176483231856,1.0101473042736078
154,43125.41926563919,3335571.289626091,0.00018419536350045414,0.00018419536350045414,0.15339025005369383,1.009182081697933
155,43342.30030364315,3335643.779877077,0.000160911215892764,0.000160911215892764,0.15437920828071286,1.0073148254212922
156,43572.6392442505,3335683.779877077,0.00010722363825361732,0.00010722363825361732,0.15539027178671555,1.0066014687688116
157,43778.062148799065,3335783.9325092505,2.8768841839566718e-05,2.8768841839566718e-05,0.1563786331393724,1.0061057310469204
158,43991.89576922787,3335863.779877077,-5.5853007042931094e-05,5.5853007042931094e-05,0.15736577600860066,1.0042091683395675
159,44205.66616734029,3335943.779877077,-0.00012313161841949537,0.00012313161841949537,0.15835289390294877,1.0051613490825868
160,44427.72083670018,3336003.779877077,-0.00015988568242286097,0.00015988568242286097,0.15934766053500107,1.0056806708044472
161,44648.059777307535,3336053.779877077,-0.0001727174377165548,0.0001727174377165548,0.16032479443526967,1.0093648508405255
162,44878.39871791489,3336093.779877077,-0.0001803182555178134,0.0001803182555178134,0.16133585794127236,1.0110362718654065
163,45108.737658522245,3336133.779877077,-0.0001949821930565163,0.0001949821930565163,0.16234692144727506,1.0111903953176709
164,45343.218734753325,3336163.779877077,-0.00021104333708356883,0.00021104333708356883,0.1633692557790335,1.0093754641378785
165,45577.69981098441,3336193.779877077,-0.00021096377792591717,0.00021096377792591717,0.16439159011079196,1.0088250354214854
166,45820.46515846297,3336183.779877077,-0.00018380431953518735,0.00018380431953518735,0.1654423760147004,1.0079249320427524
167,46054.946234694056,3336153.779877077,-0.00013655809817444517,0.00013655809817444517,0.16646471034645888,1.0066912407694608
168,46293.56944654888,3336133.779877077,-8.600134962839014e-05,8.600134962839014e-05,0.16750031066517235,1.0045550004691173
169,46532.1926584037,3336113.779877077,-4.449621421917895e-05,4.449621421917895e-05,0.16853591098388582,1.003919829489665
170,46766.67373463478,3336083.779877077,-1.6982197363620995e-05,1.6982197363620995e-05,0.16955824531564428,1.0017185481671658
171,47000.20428618978,3336051.4851075127,-5.620379399333156e-06,5.620379399333156e-06,0.17057781427792604,1.0017620209842049
172,47235.635887096956,3336023.779877077,-9.730670345510083e-06,9.730670345510083e-06,0.17160301907791867,1.0019302747886778
173,47482.543370199244,3336023.779877077,-2.1918277799535104e-05,2.1918277799535104e-05,0.172670828271123,1.0020150838216446
174,47708.740175182866,3335973.779877077,-2.985747851497473e-05,2.985747851497473e-05,0.1736726834512537,1.002677960440676
175,47951.50552266142,3335963.779877077,-2.509001346487127e-05,2.509001346487127e-05,0.17472346935516214,1.0027198999002134
176,48181.84446326877,3335923.779877077,-1.2108129103211425e-05,1.2108129103211425e-05,0.17573453286116478,1.0027645286297566
177,48412.18340387612,3335883.779877077,-8.68846026109171e-06,8.68846026109171e-06,0.17674559636716747,1.0032145716434557
178,48642.52234448348,3335843.779877077,-3.21677074679547e-05,3.21677074679547e-05,0.17775665987317016,1.0053372228874486
179,48889.429827585765,3335843.779877077,-8.12750562901146e-05,8.12750562901146e-05,0.1788244690663745,1.0066817923292153
180,49122.153138205,3335809.5362554975,-0.00013181108033166188,0.00013181108033166188,0.17984177268458315,1.0057162947708247
181,49354.24984442421,3335773.779877077,-0.00015241853571981156,0.00015241853571981156,0.1808573708849027,1.0059827981834335
182,49580.44664940782,3335723.779877077,-0.00013163803177266824,0.00013163803177266824,0.18185922606503335,1.0084091023756643
183,49790.07491189651,3335633.779877077,-9.158809925482905e-05,9.158809925482905e-05,0.182845834382528,1.0085894263579955
184,50005.03568856675,3335556.6537051355,-6.660055152142813e-05,6.660055152142813e-05,0.1838335091621467,1.0052448309769195
185,50238.20428795677,3335523.4851057455,-6.951127767896053e-05,6.951127767896053e-05,0.18485205290375842,1.005562587875052
186,50459.657158594244,3335462.032235108,-8.709774015909261e-05,8.709774015909261e-05,0.18584596889285754,1.004585956061223
187,50666.465368291036,3335365.224025411,-0.0001038119203941875,0.0001038119203941875,0.18683350053037062,1.0045891535071672
188,50883.77971620101,3335293.779877077,-0.00011658740088675948,0.00011658740088675948,0.1878228139678026,1.008187545370662
189,51101.692249937165,3335223.779877077,-0.00012483137892592379,0.00012483137892592379,0.18881265737159963,1.0081475066278496
190,51307.17837680212,3335123.779877077,-0.00011898055773875568,0.00011898055773875568,0.18980097547244723,1.0047774147084292
191,51516.80663929081,3335033.779877077,-8.876123392550698e-05,8.876123392550698e-05,0.1907875837899419,1.0036985560398195
192,51721.008942091954,3334930.68045161,-4.0740939944500556e-05,4.0740939944500556e-05,0.19177688096732934,1.0037934084372355
193,51910.24355865993,3334791.4458350423,-9.640790190054005e-07,9.640790190054005e-07,0.19279292675368837,1.0035464923601038
194,52119.98070054485,3334701.7086931574,5.0141470004049895e-06,5.0141470004049895e-06,0.19377952004640966,1.0033290586000043
195,52329.71784242978,3334611.9715512726,-2.308410916376648e-05,2.308410916376648e-05,0.19476611333913096,1.0033792283637137
196,52539.45498431472,3334522.2344093877,-5.843661265486049e-05,5.843661265486049e-05,0.19575270663185232,1.0032000785894173
197,52743.33426182337,3334418.355131879,-7.349455182008833e-05,7.349455182008833e-05,0.19674228349884587,1.0032468610323062
198,52941.35567495576,3334300.3337187464,-6.568171483928005e-05,6.568171483928005e-05,0.19773924054363093,1.0024871990843751
199,53133.519223711875,3334168.1701699905,-5.479310151445455e-05,5.479310151445455e-05,0.19874787786477954,1.0029177275306926
200,53340.32743340867,3334071.3619602937,-5.926043519334284e-05,5.926043519334284e-05,0.19973540950229263,1.002805046924938
201,53538.53082295047,3333953.779877077,-7.928445719034874e-05,7.928445719034874e-05,0.20073207192665116,1.0021592733959583
202,53732.22812404971,3333839.4612696525,-0.00010159862923819345,0.00010159862923819345,0.20170477554862584,1.002156569402295
203,53923.178469370236,3333718.510924332,-0.00011657628016375594,0.00011657628016375594,0.2026823091429446,1.0039211885946713
204,54112.41308593821,3333579.276307764,-0.00012765247160399142,0.00012765247160399142,0.20369835492930363,1.0049992758614346
205,54301.64770250619,3333440.041691196,-0.00014548361225122798,0.00014548361225122798,0.20471440071566266,1.0055528015295496
206,54490.88231907417,3333300.8070746283,-0.00017831093669763316,0.00017831093669763316,0.20573044650202169,1.0080707566715237
207,54677.188003454015,3333154.501390248,-0.00022951818290727142,0.00022951818290727142,0.20675491712878338,1.0215660903596961
208,54843.493687833856,3332988.1957058683,-0.0002974324485277198,0.0002974324485277198,0.20777205891122333,1.0276812075305304
209,55021.01257564929,3332820.676818053,-0.0003660995754657905,0.0003660995754657905,0.2088276443056674,1.0327039543195495
210,55167.9095166254,3332646.3317689267,-0.0003948262063635682,0.0003948262063635682,0.2098135974250008,1.0287651524015853
211,55292.91326629034,3332468.776127412,-0.0003411942203157857,0.0003411942203157857,0.2107526917175782,1.0239749106860123
212,55354.366136927805,3332247.3232567743,-0.00021393199408641312,0.00021393199408641312,0.2117466077066778,1.0179249647773125
213,55429.96114318901,3332031.7282505133,-7.448512967102304e-05,7.448512967102304e-05,0.21273465385833643,1.0145109286402523
214,55498.48508163835,3331813.2043120638,1.909570947689712e-05,1.909570947689712e-05,0.21372508632964535,1.0083221977904393
215,55617.9095166254,3331615.764049612,5.098794295084746e-05,5.098794295084746e-05,0.21472301205629218,1.0049799018266363
216,55716.243636655665,3331415.445757047,4.5832163838532406e-05,4.5832163838532406e-05,0.2156880870646645,1.0043243406110103
217,55817.9095166254,3331210.6496602586,3.81126577732536e-05,3.81126577732536e-05,0.21667690506022985,1.0033923544669072
218,55909.86005604925,3331001.8293376532,4.172664794632036e-05,4.172664794632036e-05,0.2176636727986233,1.0026536544372573
219,56013.7393335579,3330797.9500601445,4.578759873248153e-05,4.578759873248153e-05,0.21865324966561694,1.0012105895885337
220,56107.9095166254,3330590.04914404,3.353508641972667e-05,3.353508641972667e-05,0.21964030153728922,1.0016170050396642
221,56227.355752951495,3330404.333640751,3.1190844358247546e-06,3.1190844358247546e-06,0.22059525188835596,1.0018029879740367
222,56345.37716608388,3330206.3122276184,-2.9121437092843214e-05,2.9121437092843214e-05,0.2215922089331413,1.0017974272193413
223,56447.9095166254,3330001.875034692,-4.552964548154842e-05,4.552964548154842e-05,0.22258131114323199,1.0016891293431662
224,56547.9095166254,3329808.1046365798,-4.601494577606963e-05,4.601494577606963e-05,0.2235243309473085,1.0021763471696579
225,56627.9095166254,3329594.3342384677,-4.739700882005128e-05,4.739700882005128e-05,0.22451144884165491,1.0030164769881256
226,56741.39680143546,3329400.2925922666,-6.272511262679425e-05,6.272511262679425e-05,0.22548361523187554,1.003027836939321
227,56845.276078944116,3329196.4133147583,-8.497457005395984e-05,8.497457005395984e-05,0.22647319209886738,1.0023552136570268
228,56942.084288640915,3328989.6051050615,-9.425286431395364e-05,9.425286431395364e-05,0.22746072373638046,1.0023307172923213
229,57024.75036271398,3328776.939030988,-7.909530085246169e-05,7.909530085246169e-05,0.2284474887267161,1.0021236212919657
230,57097.9095166254,3328560.335061648,-4.844195266227827e-05,4.844195266227827e-05,0.229436232468621,1.0020638114481384
231,57167.9095166254,3328342.4225279116,-2.3704755216647217e-05,2.3704755216647217e-05,0.23042607587241873,1.0016634357074614
232,57257.9095166254,3328132.794265423,-2.1811467539523374e-05,2.1811467539523374e-05,0.2314126841899132,1.0012067848265447
233,57337.9095166254,3327919.0238673105,-4.53048396562404e-05,4.53048396562404e-05,0.2323998020842615,1.0030202469310425
234,57416.86752964371,3327704.8218640587,-8.37017345207388e-05,8.37017345207388e-05,0.2333871007478662,1.0029586098915537
235,57506.604671528636,3327495.0847221734,-0.00012075823439829851,0.00012075823439829851,0.23437369404058922,1.004054793045945
236,57567.9095166254,3327273.5705373497,-0.00014339253814954245,0.00014339253814954245,0.23536769460168633,1.0061167531178865
237,57637.9095166254,3327055.6580036134,-0.0001485543510560855,0.0001485543510560855,0.23635753800548406,1.0059290425400462
238,57667.9095166254,3326821.1769273826,-0.00014162994430607672,0.00014162994430607672,0.23737987233724114,1.0062392676915248
239,57731.20295064293,3326600.4864430595,-0.0001274417901212233,0.0001274417901212233,0.23837277653682806,1.0058637747488677
240,57767.9095166254,3326368.783317415,-0.00010580375131740261,0.00010580375131740261,0.23938732734295243,1.0033822623525714
241,57787.9095166254,3326130.1601055604,-7.69555827939708e-05,7.69555827939708e-05,0.24042292766166495,1.0029464934677212
242,57817.9095166254,3325895.679029329,-4.740180749525522e-05,4.740180749525522e-05,0.24144526199342403,1.0016446760999596
243,57837.9095166254,3325657.0558174746,-2.739781774601133e-05,2.739781774601133e-05,0.24248086231213656,1.0019814696696243
244,57857.9095166254,3325418.4326056195,-2.2788208447337823e-05,2.2788208447337823e-05,0.2435164626308511,1.0006082695643985
245,57894.8592079237,3325186.8301857784,-2.949330208357949e-05,2.949330208357949e-05,0.24453074839941846,1.000549208780985
246,57917.9095166254,3324949.4704531576,-3.71817290017147e-05,3.71817290017147e-05,0.24556209509277033,1.000616183248164
247,57937.9095166254,3324710.8472413025,-4.037315854961284e-05,4.037315854961284e-05,0.24659769541148485,1.000899694497083
248,57947.9095166254,3324468.081893824,-4.566601227822975e-05,4.566601227822975e-05,0.24764848131539283,1.0011874605247664
249,57967.9095166254,3324229.4586819694,-6.656247631669147e-05,6.656247631669147e-05,0.24868408163410535,1.0060134177073763
250,57977.9095166254,3323986.6933344905,-0.00010930120200084604,0.00010930120200084604,0.24973486753801535,1.008913814027504
251,58007.9095166254,3323752.2122582598,-0.00016044653540572118,0.00016044653540572118,0.2507572018697724,1.008507198181124
252,58007.9095166254,3323513.5890464047,-0.00018837031920289867,0.00018837031920289867,0.25178918379324144,1.0118461596023967
253,58007.53491176121,3323283.405272213,-0.0001658180360460599,0.0001658180360460599,0.2527846687117569,1.011929469517796
254,57947.9095166254,3323061.1954364376,-9.802986842563661e-05,9.802986842563661e-05,0.25377966209187336,1.0109449182511854
255,57887.9095166254,3322839.1407670774,-2.193523747688866e-05,2.193523747688866e-05,0.2547744287239268,1.0104234065775222
256,57897.9095166254,3322604.6596908467,2.368768190210313e-05,2.368768190210313e-05,0.2557894187861341,1.0079268667353853
257,57827.9095166254,3322386.7471571104,2.3605594685194513e-05,2.3605594685194513e-05,0.2567792621899318,1.0082019940686033
258,57837.9095166254,3322160.550352127,-9.749309260826714e-06,9.749309260826714e-06,0.25775845870923975,1.0072137991902943
259,57817.9095166254,3321921.9271402718,-4.946757060077576e-05,4.946757060077576e-05,0.2587940590279543,1.0065119899899542
260,57787.9095166254,3321687.446064041,-7.291179462842606e-05,7.291179462842606e-05,0.25981639335971135,1.0062140471896244
261,57757.9095166254,3321452.96498781,-7.387479473967272e-05,7.387479473967272e-05,0.26083872769147043,1.0048533766444754
262,57697.9095166254,3321230.91031845,-6.08745491657959e-05,6.08745491657959e-05,0.261833494323522,1.0036911381457578
263,57667.9095166254,3320996.429242219,-4.439284861685123e-05,4.439284861685123e-05,0.26285582865528107,1.0018471382524505
264,57629.54323348122,3320765.4135939325,-2.774074092984547e-05,2.774074092984547e-05,0.26386859421398867,1.0014126527591343
265,57575.161430655615,3320541.0317911073,-1.100891096174211e-05,1.100891096174211e-05,0.26486707943536236,1.0012391096648123
266,57517.9095166254,3320317.8388272678,1.981271207457774e-06,1.981271207457774e-06,0.26586357999815446,1.0012391096648123
267,57487.9095166254,3320083.357751037,4.813231003252989e-06,4.813231003252989e-06,0.2668859143299115,1.0009963407347098
268,57437.9095166254,3319857.160946053,-7.483966716428991e-06,7.483966716428991e-06,0.26788776951004384,1.0020282837317207
269,57392.989558412424,3319628.859918864,-3.689382744861432e-05,3.689382744861432e-05,0.26889404099557956,1.0028589916454769
270,57347.9095166254,3319400.625200462,-7.836053346507374e-05,7.836053346507374e-05,0.269900165032623,1.0034515568546658
271,57317.9095166254,3319166.144124231,-0.00011462974895466434,0.00011462974895466434,0.27092249936438206,1.00388439940321
272,57267.9095166254,3318939.9473192473,-0.0001229944890648863,0.0001229944890648863,0.27192435454451236,1.0034312358595017
273,57187.9095166254,3318726.176921135,-9.646458307919619e-05,9.646458307919619e-05,0.2729114724388607,1.003859303535132
274,57107.9095166254,3318512.4065230223,-5.726093999057272e-05,5.726093999057272e-05,0.273898590333209,1.0044210662896016
275,57031.34340239927,3318297.2137628505,-4.1023402379579455e-05,4.1023402379579455e-05,0.2748863949342182,1.0072834819699237
276,56957.9095166254,3318086.58145555,-6.364578812938534e-05,6.364578812938534e-05,0.2758510966756427,1.0050891100176855
277,56917.9095166254,3317856.242514943,-0.00010440212404052332,0.00010440212404052332,0.27686216018164556,1.0057081827762946
278,56837.9095166254,3317642.4721168303,-0.00012353882033620318,0.00012353882033620318,0.27784927807599386,1.0069247670794095
279,56747.24764860178,3317433.118009053,-9.900451083342217e-05,9.900451083342217e-05,0.27883593102077014,1.0077350772599662
280,56627.9095166254,3317247.3577274764,-4.707671213992523e-05,4.707671213992523e-05,0.2797907914735875,1.007674842216983
281,56547.77336483183,3317033.6437252834,-4.408199301674086e-06,4.408199301674086e-06,0.2807778875255824,1.008181943159353
282,56427.9095166254,3316836.3854737463,8.430915597632002e-06,8.430915597632002e-06,0.2817761253266494,1.0052638007358154
283,56377.9095166254,3316610.188668763,3.717851642222618e-06,3.717851642222618e-06,0.2827779805067797,1.0051576564881104
284,56267.9095166254,3316408.8446775214,1.1426471465749532e-05,1.1426471465749532e-05,0.28377021627829957,1.009675810039012
285,56177.9095166254,3316199.2164150327,5.033538540365501e-05,5.033538540365501e-05,0.284756824595794,1.00894140312052
286,56067.9095166254,3316003.7302881675,0.00011044251780368282,0.00011044251780368282,0.2857269042360095,1.0101245755953134
287,55985.20837789824,3315791.0787383495,0.0001594392937954673,0.0001594392937954673,0.2867136656356801,1.0085316855389355
288,55877.9095166254,3315588.6158988136,0.0001678849298640607,0.0001678849298640607,0.28770462676699765,1.0080760516629992
289,55847.9095166254,3315354.134822583,0.00013270135780263365,0.00013270135780263365,0.28872696109875473,1.0075661516742658
290,55787.9095166254,3315132.0801532227,7.624755850429705e-05,7.624755850429705e-05,0.28972172773080823,1.0071601469986875
291,55737.9095166254,3314905.883348239,2.402677081095769e-05,2.402677081095769e-05,0.2907235829109386,1.0047553009050465
292,55677.9095166254,3314683.828678879,-1.256921937558186e-05,1.256921937558186e-05,0.29171834954299203,1.004362453730058
293,55617.9095166254,3314461.7740095193,-3.550747953578695e-05,3.550747953578695e-05,0.2927131161750436,1.0020803936927836
294,55576.251486871326,3314232.1218473227,-5.203696757669027e-05,5.203696757669027e-05,0.29372250860586985,1.004289774731964
295,55497.9095166254,3314017.6646707994,-7.131568235345552e-05,7.131568235345552e-05,0.2947099254616547,1.0056141331336999
296,55437.9095166254,3313801.467865816,-0.00010041610511328915,0.00010041610511328915,0.29568025795458674,1.0064615348199988
297,55367.9095166254,3313583.5553320795,-0.00013368794011389738,0.00013368794011389738,0.2966701013583845,1.0070054022944137
298,55327.9095166254,3313353.216391472,-0.00014986408349493773,0.00014986408349493773,0.29768116486438734,1.0066600122698006
299,55217.9095166254,3313157.730264607,-0.0001302268848581788,0.0001302268848581788,0.29865124450460284,1.0054548274931376
300,55117.9095166254,3312952.244137742,-7.895457010868754e-05,7.895457010868754e-05,0.29963956260544977,1.006289480532905
301,55016.745514801834,3312753.779877077,-1.6238448238125744e-05,1.6238448238125744e-05,0.30060294230243184,1.007132525722496
302,54917.9095166254,3312552.9876127644,4.6108639420378956e-05,4.6108639420378956e-05,0.3015708143756352,1.0092250209048705
303,54837.9095166254,3312339.217214652,0.00011068447954599375,0.00011068447954599375,0.3025579322699835,1.007519760543566
304,54737.9095166254,3312145.4468165394,0.00017581966192771142,0.00017581966192771142,0.3035009520740601,1.0086473427327225
305,54627.9095166254,3311955.8185540508,0.00022465617233506126,0.00022465617233506126,0.3044490347622741,1.0124698512478039
306,54577.9095166254,3311729.621749067,0.00024236717319044805,0.00024236717319044805,0.30545088994240444,1.015160989174391
307,54537.9095166254,3311499.28280846,0.00023233101729917057,0.00023233101729917057,0.30646195344840726,1.014880179807638
308,54477.41887389705,3311283.2892343486,0.0002043398552925916,0.0002043398552925916,0.3074320091434654,1.013833697112466
309,54437.9095166254,3311052.747062869,0.00016078051267070457,0.00016078051267070457,0.30844357804154177,1.0112163205442612
310,54427.9095166254,3310809.98171539,0.00010425584553635008,0.00010425584553635008,0.3094943639454517,1.0042773624801276
311,54427.9095166254,3310563.0742322877,4.672450236375365e-05,4.672450236375365e-05,0.3105621731386561,1.0042529901351804
312,54417.9095166254,3310320.3088848093,2.832377027931739e-06,2.832377027931739e-06,0.31161295904256403,1.0040572747533865
313,54377.9095166254,3310089.969944202,-1.957362061604745e-05,1.957362061604745e-05,0.31262402254856686,1.0025860906239543
314,54378.4168063278,3309843.2725873743,-1.870576375304472e-05,1.870576375304472e-05,0.3136909252571964,1.0021751401524814
315,54364.233627532965,3309610.1039879844,4.325352280519545e-06,4.325352280519545e-06,0.31470118125838153,1.0023629628667186
316,54317.9095166254,3309398.9531223797,4.101556646247999e-05,4.101556646247999e-05,0.3156360704399947,1.0027146479330242
317,54297.9095166254,3309160.329910525,7.398809904472323e-05,7.398809904472323e-05,0.3166716707587072,1.0031808757179332
318,54287.9095166254,3308917.564563046,8.771927584936901e-05,8.771927584936901e-05,0.31772245666261717,1.002366254876253
319,54277.9095166254,3308674.7992155678,7.762027029583547e-05,7.762027029583547e-05,0.3187732425665251,1.0023577585600842
320,54277.9095166254,3308436.176003713,4.887799065253758e-05,4.887799065253758e-05,0.31980522448999216,1.0023757274790988
321,54287.9095166254,3308201.694927482,1.1036760161171487e-05,1.1036760161171487e-05,0.3208202145522014,1.000696304994381
322,54297.9095166254,3307958.9295800035,-2.9337898123540796e-05,2.9337898123540796e-05,0.32187100045610934,1.001581904086118
323,54287.9095166254,3307716.1642325246,-7.439110479002296e-05,7.439110479002296e-05,0.3229217863600193,1.0086267208436182
324,54287.9095166254,3307469.2567494223,-0.00012954155967843196,0.00012954155967843196,0.32398959555322365,1.0098158661891758
325,54287.9095166254,3307222.34926632,-0.00018819035542520316,0.00018819035542520316,0.325057404746428,1.012084405829119
326,54287.9095166254,3306975.4417832177,-0.00022337775944513853,0.00022337775944513853,0.32612521393963234,1.0111075962929543
327,54248.84499452555,3306744.715354977,-0.0002038004165955919,0.0002038004165955919,0.3271372453320812,1.0102787943295444
328,54157.9095166254,3306547.1903088745,-0.00012706651546291105,0.00012706651546291105,0.3280776677202116,1.0095330481010147
329,54107.9095166254,3306320.993503891,-2.652341838288954e-05,2.652341838288954e-05,0.3290795229003419,1.0083517989871822
330,54038.92633845558,3306113.779877077,6.155427755613849e-05,6.155427755613849e-05,0.3300240211083173,1.0066967790249033
331,53997.9095166254,3305890.315622676,0.0001249135978986946,0.0001249135978986946,0.3310065893783505,1.006563279688827
332,53937.9095166254,3305674.118817692,0.0001717627268755984,0.0001717627268755984,0.33197692187128447,1.011626200938893
333,53897.9095166254,3305443.779877085,0.00021462167720040563,0.00021462167720040563,0.3329879853772873,1.0120810989668976
334,53877.9095166254,3305205.15666523,0.0002582739479351748,0.0002582739479351748,0.3340235856959998,1.0223121927742684
335,53847.9095166254,3304970.675588999,0.0002919578777812577,0.0002919578777812577,0.33504592002775885,1.0192275285445336
336,53847.9095166254,3304748.6209196392,0.00029027755749836586,0.00029027755749836586,0.33600624741175317,1.017848722734311
337,53878.86818542732,3304522.821208275,0.00023399574669281508,0.00023399574669281508,0.3369919068482963,1.0133510251307347
338,53917.9095166254,3304292.085174048,0.00013565834039962635,0.00013565834039962635,0.33800396246399295,1.0101241547463582
339,54004.70285889046,3304086.986534812,3.372957064578654e-05,3.372957064578654e-05,0.33896711224953713,1.0079711077396534
340,54037.9095166254,3303853.8336997046,-4.1110436734472735e-05,4.1110436734472735e-05,0.33998561168907776,1.004824700662738
341,54067.9095166254,3303619.3526234734,-8.864911830816303e-05,8.864911830816303e-05,0.3410079460208368,1.004888055262771
342,54107.9095166254,3303389.013682866,-0.0001297911284145226,0.0001297911284145226,0.3420190095268396,1.0094486243748
343,54147.9095166254,3303158.6747422586,-0.00018023990657450013,0.00018023990657450013,0.34303007303284244,1.0141323000095142
344,54177.9095166254,3302924.1936660274,-0.0002364949211224938,0.0002364949211224938,0.34405240736460146,1.0157162046674615
345,54187.9095166254,3302681.428318549,-0.00028164563097323825,0.00028164563097323825,0.3451031932685094,1.0159089981232123
346,54187.9095166254,3302434.5208354467,-0.00029735400436284884,0.00029735400436284884,0.3461710024617138,1.0224199659990403
347,54147.9095166254,3302204.1818948393,-0.00027361960471383013,0.00027361960471383013,0.34718206596771656,1.018723175545621
348,54097.9095166254,3301977.9850898557,-0.00021471771576034456,0.00021471771576034456,0.3481839211478469,1.0193461793565264
349,54018.216977024415,3301764.0873374757,-0.00013440513799073222,0.00013440513799073222,0.34917108987897777,1.01403176248718
350,53977.9095166254,3301533.875751136,-4.227530543698896e-05,4.227530543698896e-05,0.35018183921302126,1.0130013276175955
351,53878.24016793753,3301334.110528389,6.020994373245348e-05,6.020994373245348e-05,0.351147331829944,1.0137817357844474
352,53845.071568547515,3301100.941928999,0.00016565439800730392,0.00016565439800730392,0.35216587557155554,1.0160373267541989
353,53737.9095166254,3300898.4224211746,0.0002486895636944625,0.0002486895636944625,0.35315677639317394,1.0176195045105132
354,53697.9095166254,3300668.083480567,0.0002837180816649217,0.0002837180816649217,0.3541678398991768,1.0181218890700117
355,53697.9095166254,3300429.460268712,0.00028204594879230837,0.00028204594879230837,0.3551998218226458,1.0243373658522237
356,53705.84826913462,3300185.8411245677,0.00029616423578644117,0.00029616423578644117,0.3562539690761213,1.0564829774354283
357,53707.9095166254,3299939.7874381314,0.0003836126379647845,0.0003836126379647845,0.3573181231639317,1.086405194512321
358,53707.9095166254,3299692.879955029,0.0005749105882820964,0.0005749105882820964,0.35838593235713606,1.0916837401067958
359,53727.9095166254,3299454.2567431745,0.0008488574264725363,0.0008488574264725363,0.3594215326758486,1.1639455165159704
360,53784.88305638794,3299236.806337314,0.0011067149857012328,0.0011067149857012328,0.3603936907834172,1.2375538232887422
361,53962.904469520385,3299098.7849241816,0.0012260896263217949,0.0012260896263217949,0.3613678752477862,1.2740798337468264
362,54133.85481484097,3298957.8345788615,0.0011732924949077708,0.0011732924949077708,0.3623260846608299,1.2615934574856675
363,54325.23502236433,3298823.779877077,0.0009863533976627325,0.0009863533976627325,0.36333660248788385,1.2022324182388198
364,54568.00036984288,3298833.779877077,0.0007340689456267052,0.0007340689456267052,0.36438738839179224,1.1452418671380584
365,54798.33931045026,3298873.779877077,0.0005056341012136639,0.0005056341012136639,0.365398451897795,1.0811902871583405
366,55032.82038668137,3298903.779877077,0.0003600830889340523,0.0003600830889340523,0.3664207862295536,1.0658348614616033
367,55267.30146291248,3298933.779877077,0.00030550216791381255,0.00030550216791381255,0.3674431205613121,1.0501353990197926
368,55503.57708929983,3298959.447449751,0.00031571590070525945,0.00031571590070525945,0.3684709616003568,1.0231067323886447
369,55713.314231184806,3299049.184591636,0.0003520632675462988,0.0003520632675462988,0.3694575548930783,1.0279405814073899
370,55931.83816963418,3299117.7085300856,0.0003786842913339827,0.0003786842913339827,0.3704479873643868,1.0302504681222329
371,56144.50424370729,3299200.3746041586,0.0003698156539285131,0.0003698156539285131,0.371434752354721,1.0281124874478917
372,56326.15345347488,3299343.779877077,0.0003197113257717382,0.0003197113257717382,0.3724356410864813,1.024931428583063
373,56504.68920559592,3299480.5595660475,0.00024876626094266915,0.00024876626094266915,0.3734083092283841,1.0161848748033182
374,56669.781686540235,3299635.6520469915,0.00018767034584376806,0.00018767034584376806,0.3743879278804491,1.0160015892888217
375,56849.01630310829,3299784.88666356,0.00015265983003586922,0.00015265983003586922,0.37539658360985895,1.0089412254941814
376,57014.960875945166,3299923.779877077,0.0001382531588658139,0.0001382531588658139,0.37633245571328056,1.0028107107496997
377,57170.91699374944,3300086.787354201,0.0001313882052862138,0.0001313882052862138,0.3773081002609209,1.006451481912649
378,57327.9095166254,3300256.9506763844,0.00012643927239628478,0.00012643927239628478,0.3783093692021199,1.0055442926192404
379,57466.95982001434,3300422.8301804657,0.00012156796859012127,0.00012156796859012127,0.37924546182041025,1.0054570436899033
380,57627.9095166254,3300585.4965232434,0.00010679026346559718,0.00010679026346559718,0.3802351093703813,1.004292578301137
381,57767.9095166254,3300745.124785732,6.859576759074234e-05,6.859576759074234e-05,0.38115335115453475,1.0030708124365593
382,57877.9095166254,3300946.4687769734,8.25701209200092e-06,8.25701209200092e-06,0.3821455869260546,1.0030139125574558
383,58017.9095166254,3301123.670632591,-5.482967275767531e-05,5.482967275767531e-05,0.3831222541422348,1.003289108845055
384,58157.9095166254,3301300.8724882086,-9.994995902352464e-05,9.994995902352464e-05,0.38409892135841495,1.0038757278778558
385,58297.9095166254,3301478.074343826,-0.00011928467838523944,0.00011928467838523944,0.3850755885745951,1.0041799920461472
386,58456.0386441296,3301641.909004581,-0.00011754460535650985,0.00011754460535650985,0.3860603241211699,1.004906712646723
387,58611.13112507391,3301807.001485525,-0.00010376992050811965,0.00010376992050811965,0.38703994277323484,1.0023421799253271
388,58773.29467383009,3301969.1650342816,-8.553384824586998e-05,8.553384824586998e-05,0.38803175085029407,1.0019134287836704
389,58938.387154774406,3302124.257515226,-6.956562779302513e-05,6.956562779302513e-05,0.3890113695023605,1.0014641642212223
390,59107.621771342456,3302283.492131794,-6.588967670028914e-05,6.588967670028914e-05,0.3900163098243268,1.0068578374409174
391,59288.135896466425,3302443.779877077,-8.789670539244823e-05,8.789670539244823e-05,0.3910603324228836,1.0087301282235637
392,59456.09100447856,3302591.96136493,-0.00014153991137077346,0.00014153991137077346,0.3920289827897805,1.0113539450131779
393,59621.18348542287,3302747.0538458745,-0.0002088611780030575,0.0002088611780030575,0.39300860144184685,1.0112321785186489
394,59765.062762931586,3302910.933123383,-0.0002503234766843852,0.0002503234766843852,0.3939517273181914,1.0154756835170486
395,59974.799904816566,3303000.670265268,-0.0002403467913628304,0.0002403467913628304,0.39493832061091294,1.014356311314569
396,60174.85585267293,3303113.779877077,-0.00019443631497211795,0.00019443631497211795,0.39593222095601177,1.0142052462700186
397,60382.558459833985,3303208.4288202855,-0.00014849289451313423,0.00014849289451313423,0.39691934844113885,1.014285821290704
398,60580.57987296644,3303326.450233418,-0.0001268115142366159,0.0001268115142366159,0.3979163054859241,1.013509590266536
399,60799.1038114158,3303394.974171867,-0.00013317799960942516,0.00013317799960942516,0.39890673795723186,1.0062942898020362
400,61000.054156736376,3303505.9245171878,-0.00015515884000102752,0.00015515884000102752,0.39989946009712884,1.0068870398573528
401,61210.57075824551,3303593.779877077,-0.00017279354306528992,0.00017279354306528992,0.400885990642879,1.0064615605134384
402,61428.48329198171,3303663.779877077,-0.00017414797064455148,0.00017414797064455148,0.40187583404667626,1.0088651105535753
403,61654.68009696537,3303713.779877077,-0.00016727870978520165,0.00016727870978520165,0.4028776892268071,1.0075899177783423
404,61880.87690194903,3303763.779877077,-0.0001709507690089804,0.0001709507690089804,0.40387954440693796,1.0127631473226502
405,62102.93157130896,3303823.779877077,-0.00019145947408841482,0.00019145947408841482,0.40487431103899046,1.0106758271193934
406,62323.270511916344,3303873.779877077,-0.0002123361357555081,0.0002123361357555081,0.4058514449392591,1.0109754422667603
407,62561.89372377118,3303893.779877077,-0.00020858937490168553,0.00020858937490168553,0.40688704525797265,1.0089353659276705
408,62800.516935626016,3303913.779877077,-0.00016974703705884965,0.00016974703705884965,0.4079226455766862,1.0083818038563246
409,63039.14014748085,3303893.779877077,-0.00011022844111838469,0.00011022844111838469,0.40895824589539975,1.0076426249559898
410,63281.905494959414,3303883.779877077,-6.287817417793343e-05,6.287817417793343e-05,0.4100090317993082,1.0067928083582325
411,63516.38657119051,3303853.779877077,-6.012572871712064e-05,6.012572871712064e-05,0.41103136613106667,1.0081291051142742
412,63734.299104926715,3303883.779877077,-0.000108280886213713,0.000108280886213713,0.4119826687466903,1.0099428657588945
413,63972.92231678155,3303883.779877077,-0.00017743734388671423,0.00017743734388671423,0.4130146506701583,1.0084982307600203
414,64215.68766426011,3303873.779877077,-0.00022388672750392547,0.00022388672750392547,0.41406543657406675,1.0111304848276554
415,64446.0266048675,3303833.779877077,-0.00022435325337205687,0.00022435325337205687,0.4150765000800696,1.0127301717049157
416,64658.08127422743,3303763.779877077,-0.00019074309294044584,0.00019074309294044584,0.4160422547570619,1.0148158395312155
417,64875.993807963634,3303693.779877077,-0.0001519156751178355,0.0001519156751178355,0.4170320981608592,1.0092427245655693
418,65106.33274857102,3303653.779877077,-0.0001234998779574238,0.0001234998779574238,0.418043161666862,1.0061580905873917
419,65320.1031466835,3303573.779877077,-0.00010117939298347112,0.00010117939298347112,0.4190302795612103,1.002872679824941
420,65528.0156804197,3303493.779877077,-7.8779574718373e-05,7.8779574718373e-05,0.419993711710835,1.003030351889498
421,65733.5795920255,3303408.1098016766,-6.0682269731986014e-05,6.0682269731986014e-05,0.4209568357416576,1.0030210442191854
422,65949.17459828674,3303332.5147954156,-5.335527087249186e-05,5.335527087249186e-05,0.42194488189331686,1.0035974821560458
423,66157.6985367361,3303253.990856966,-5.43414123001851e-05,5.43414123001851e-05,0.42290851417377345,1.0016184657506895
424,66371.38154411706,3303173.779877077,-5.5914695567020275e-05,5.5914695567020275e-05,0.42389559839638524,1.0016552885967125
425,66572.72553535836,3303063.779877077,-5.398830162828174e-05,5.398830162828174e-05,0.42488783416790465,1.002028015199239
426,66789.83889457917,3302991.850499123,-4.817291789783686e-05,4.817291789783686e-05,0.42587697984412226,1.0020851978921996
427,66993.71817208789,3302887.971221614,-3.697254383023186e-05,3.697254383023186e-05,0.426866556711116,1.002126280267646
428,67200.52638178473,3302791.1630119174,-1.816723056041612e-05,1.816723056041612e-05,0.4278540883486293,1.002286042217333
429,67407.09644968965,3302693.779877077,6.764376964818604e-06,6.764376964818604e-06,0.42884174500564287,1.0022267645359246
430,67608.44044093095,3302583.779877077,3.094568394939902e-05,3.094568394939902e-05,0.4298339807771623,1.0019404102412495
431,67820.95101087526,3302500.738382827,4.480923102192173e-05,4.480923102192173e-05,0.430820708742089,1.0015064770554338
432,68021.90135619584,3302389.7880375064,4.189564049277459e-05,4.189564049277459e-05,0.431813430881986,1.0016930777154738
433,68237.32522839721,3302313.779877077,2.593756916917755e-05,2.593756916917755e-05,0.4328013717176152,1.0027945680999726
434,68450.16243653018,3302231.526957172,1.3517616888131465e-05,1.3517616888131465e-05,0.43378818107049183,1.0048329716805076
435,68660.72388899843,3302143.779877077,2.5834818478354933e-05,2.5834818478354933e-05,0.43477471039870064,1.0064208505731314
436,68860.35215148718,3302043.779877077,7.163225825427392e-05,7.163225825427392e-05,0.43574031265275953,1.0077674313591631
437,69075.23172656137,3301966.4576671408,0.00013436314003987897,0.00013436314003987897,0.43672794363103457,1.0070507911368556
438,69265.46654084096,3301843.779877077,0.00017918534376449308,0.00017918534376449308,0.437706893053276,1.0085253695661134
439,69491.66334582462,3301793.779877077,0.00018038052933595135,0.00018038052933595135,0.43870874823340683,1.008900927494281
440,69720.80354190948,3301750.885851793,0.00014252649901707384,0.00014252649901707384,0.4397169320145957,1.0086922629692567
441,69948.19909141566,3301703.779877077,8.948698554197248e-05,8.948698554197248e-05,0.4407212364659152,1.0071873775953253
442,70172.49607974889,3301649.1933139535,3.874331306738603e-05,3.874331306738603e-05,0.44171957423855746,1.0077082764679306
443,70404.7348370067,3301613.779877077,-6.68400471011889e-06,6.68400471011889e-06,0.44273555498132533,1.0020220580561263
444,70632.9754141527,3301568.7139795497,-4.6872436164374855e-05,4.6872436164374855e-05,0.44374169202464175,1.002626835654723
445,70861.27058259775,3301523.779877077,-7.40819615859333e-05,7.40819615859333e-05,0.4447479504606925,1.0025373098587906
446,71093.4547485565,3301488.234645146,-7.684788738427011e-05,7.684788738427011e-05,0.4457637839063824,1.0025421256921676
447,71299.52205694132,3301403.779877077,-5.484339541210869e-05,5.484339541210869e-05,0.4467269124023131,1.002557030231795
448,71523.43155764336,3301348.2578360587,-2.5795568885840358e-05,2.5795568885840358e-05,0.44772458797013837,1.002754624647571
449,71739.48926003746,3301273.779877077,-1.3003798963590061e-05,1.3003798963590061e-05,0.44871293775752635,1.0029690835848688
450,71965.68606502112,3301223.779877077,-2.6391772935358663e-05,2.6391772935358663e-05,0.4497147929376572,1.00267809416518
451,72187.74073438105,3301163.779877077,-5.732240472311473e-05,5.732240472311473e-05,0.45070955956970965,1.001965940798289
452,72413.9375393647,3301113.779877077,-9.06159096904466e-05,9.06159096904466e-05,0.4517114147498405,1.0026371752217114
453,72627.70793747719,3301033.779877077,-0.00012003119040160856,0.00012003119040160856,0.45269853264418886,1.0052969666834752
454,72841.47833558967,3300953.779877077,-0.00015024759478663225,0.00015024759478663225,0.45368565053853716,1.007576307115309
455,73059.39086932587,3300883.779877077,-0.00018319824455128385,0.00018319824455128385,0.4546754939423344,1.0083042312479176
456,73271.62306523834,3300800.066328464,-0.00020764833771216764,0.00020764833771216764,0.45566216344008476,1.0086095897844762
457,73467.9095166254,3300704.7577281515,-0.00020911532986399355,0.00020911532986399355,0.4566058289298156,1.0072707808256516
458,73662.3105524439,3300579.3788412586,-0.00018877415363489244,0.00018877415363489244,0.4576062515090679,1.0077778015558299
459,73857.4030333882,3300454.286360314,-0.00016503645569412837,0.00016503645569412837,0.458608519278681,1.0085628502825132
460,74045.42444652064,3300326.2649471816,-0.00015794815476341263,0.00015794815476341263,0.45959225638533346,1.0066503351792369
461,74237.58799527683,3300194.1013984256,-0.00017812800587528325,0.00017812800587528325,0.4606008937064824,1.009382145487609
462,74417.9095166254,3300057.032721311,-0.00022790475014658557,0.00022790475014658557,0.4615804595511923,1.0154167545352986
463,74601.9150927892,3299909.774300913,-0.0003057906263819808,0.0003057906263819808,0.4625996948099677,1.0261908436907496
464,74771.14970935725,3299750.539684345,-0.00040553836616339354,0.00040553836616339354,0.463604635131934,1.04235123941466
465,74937.9095166254,3299590.2799682007,-0.0005105447266477833,0.0005105447266477833,0.46460487431033376,1.0577204067802009
466,75067.9095166254,3299397.220248207,-0.0005923620275974009,0.0005923620275974009,0.46561145144420757,1.0729299822006562
467,75167.9095166254,3299191.7341213417,-0.0006219246450768913,0.0006219246450768913,0.46659976954505633,1.075386440233076
468,75237.9095166254,3298973.8215876054,-0.0005895746545645637,0.0005895746545645637,0.4675896129488541,1.067656158236747
469,75264.77041103305,3298740.6407714845,-0.0005150463222485893,0.0005150463222485893,0.46860472670046044,1.0648924674623539
470,75267.9095166254,3298500.7172995196,-0.00043571051011802786,0.00043571051011802786,0.469642420710627,1.0525165433904198
471,75232.57534787674,3298268.4457083284,-0.0003834539721626593,0.0003834539721626593,0.4706584902153326,1.0436127671059907
472,75206.47781629857,3298032.34817675,-0.00036597318599628767,0.00036597318599628767,0.4716857681818585,1.0378895366640644
473,75177.9095166254,3297797.2740708264,-0.0003607931519849583,0.0003607931519849583,0.47270988111546913,1.0267892407427972
474,75097.7142106473,3297583.584571099,-0.0003294512444249172,0.0003294512444249172,0.47369696780565,1.02130417502882
475,75000.90600095046,3297376.776361402,-0.00024969493505816687,0.00024969493505816687,0.4746844994431632,1.015122413704417
476,74897.9095166254,3297184.247147736,-0.0001360114034052515,0.0001360114034052515,0.47562879572327144,1.0141831223628672
477,74766.07637812117,3296991.946738573,-2.564796407703842e-05,2.564796407703842e-05,0.47663711211028087,1.0101599991781045
478,74662.19710061245,3296788.067461064,5.010511523693125e-05,5.010511523693125e-05,0.47762668897727467,1.0062007768912968
479,74547.9095166254,3296594.357309636,8.619046585559531e-05,8.619046585559531e-05,0.47859937227641575,1.009746175837674
480,74487.9095166254,3296372.302640276,0.00010625186151971886,0.00010625186151971886,0.4795941389084692,1.0123334304891713
481,74367.9095166254,3296175.1007846585,0.00014104577929758503,0.00014104577929758503,0.48059247424572205,1.0153986463964502
482,74297.9095166254,3295957.1882509226,0.0001978129761601924,0.0001978129761601924,0.48158231764951787,1.017422772030241
483,74168.15605212824,3295764.0264125797,0.00025145493380194627,0.00025145493380194627,0.4825886662269944,1.0185420909127552
484,74127.9095166254,3295533.789590321,0.00026907754852540815,0.00026907754852540815,0.48359947766082184,1.0164881454350787
485,74080.60564991257,3295306.476010364,0.00024431105646057475,0.00024431105646057475,0.4846036090009816,1.017532687851043
486,74047.9095166254,3295073.1117091062,0.0002045407425240657,0.0002045407425240657,0.48562270515273437,1.0150984675286199
487,74037.9095166254,3294830.346361628,0.00018953750379771775,0.00018953750379771775,0.4866734910566423,1.0249552011999887
488,74017.9095166254,3294591.723149773,0.00022893807179834964,0.00022893807179834964,0.48770909137535484,1.0203684506949
489,73997.9095166254,3294361.384209166,0.0003299751945903398,0.0003299751945903398,0.48870899408257495,1.0352044105424396
490,73977.9095166254,3294122.7609973107,0.0004741278732351608,0.0004741278732351608,0.4897445944012895,1.0676741313934344
491,73997.9095166254,3293884.137785456,0.0006195560410313224,0.0006195560410313224,0.490780194720002,1.080269073992855
492,74076.18037563284,3293675.5090180696,0.0007093010617985344,0.0007093010617985344,0.4917438662851728,1.0898995553223272
493,74165.91751751782,3293465.7718761843,0.0007002393577225476,0.0007002393577225476,0.49273045957789585,1.084091334573648
494,74296.86786283841,3293284.8215308636,0.0006103427550181605,0.0006103427550181605,0.49369644505333415,1.086659462831559
495,74487.81820815898,3293163.8711855435,0.0005205262853187464,0.0005205262853187464,0.49467397864765206,1.0859025372502835
496,74664.12389253889,3293007.5655011632,0.0005116467930833564,0.0005116467930833564,0.4956929575828935,1.0872574132188941
497,74845.61555569406,3292863.779877077,0.0006124159016987446,0.0006124159016987446,0.4966943322548163,1.118070118997671
498,75010.16671880378,3292721.5226748986,0.0007870995532475358,0.0007870995532475358,0.49763504090888905,1.1378388369030514
499,75225.76172506502,3292645.927668637,0.0009520345593393301,0.0009520345593393301,0.498623087060549,1.186125388485559
500,75463.49529252641,3292623.779877077,0.001019886022795787,0.001019886022795787,0.4996556735631675,1.1954819704046744
501,75702.11850438124,3292643.779877077,0.0009381928399070227,0.0009381928399070227,0.5006912738818811,1.1583924846053426
502,75907.60463124627,3292743.779877077,0.0007146260313937407,0.0007146260313937407,0.5016795919827288,1.127847109164594
503,76077.9095166254,3292867.2453898103,0.00043476006476623954,0.00043476006476623954,0.5025893035300247,1.0795386525111637
504,76208.57688497633,3293053.779877077,0.00021207260131411856,0.00021207260131411856,0.5035742523387466,1.0497707941845145
505,76394.06301184135,3293173.779877077,0.00011016100873295807,0.00011016100873295807,0.5045296672632738,1.0294065002037205
506,76610.78463326997,3293246.6549937213,0.00011020638184590058,0.00011020638184590058,0.5055185008767937,1.0142701476481728
507,76790.01924983802,3293395.8896102896,0.00014540069061961435,0.00014540069061961435,0.5065271566062035,1.0149699386046724
508,76959.25386640607,3293555.1242268574,0.00016802545056710186,0.00016802545056710186,0.5075320969281698,1.0152776760790794
509,77127.27527953852,3293703.14563999,0.00017388774490602446,0.00017388774490602446,0.5085005045778638,1.0136777421048526
510,77297.9095166254,3293861.800514757,0.00017649522646141327,0.00017649522646141327,0.5095081528695055,1.0148729949603228
511,77460.38917361527,3294006.2595340665,0.00018221313130799716,0.00018221313130799716,0.510448402634112,1.007642266444877
512,77591.33951893586,3294187.209879387,0.0001916758137443896,0.0001916758137443896,0.5114143881095503,1.0081333724091106
513,77743.50306769204,3294359.3734281436,0.00020666200069505695,0.00020666200069505695,0.5124080801778479,1.0138019545721435
514,77888.59554863635,3294534.465909088,0.000225927348801564,0.000225927348801564,0.5133915099075343,1.012018292741844
515,78020.75909739254,3294726.629457844,0.0002423056618659503,0.0002423056618659503,0.514400147228683,1.0161125038800638
516,78127.9095166254,3294929.153784086,0.0002497629532028222,0.0002497629532028222,0.5153910429411832,1.014609463728855
517,78237.9095166254,3295118.782046575,0.000249670632329053,0.000249670632329053,0.516339125629399,1.0169063133528575
518,78307.9095166254,3295336.694580311,0.00024635409754823127,0.00024635409754823127,0.5173289690331948,1.0157794536166922
519,78417.9095166254,3295526.3228428,0.00023878467163187972,0.00023878467163187972,0.5182770517214106,1.0159988680596588
520,78467.9095166254,3295752.5196477836,0.00022066982438999791,0.00022066982438999791,0.519278906901541,1.0125949941195946
521,78527.9095166254,3295974.5743171433,0.00018725674717346306,0.00018725674717346306,0.5202736735335926,1.0103849131270226
522,78577.9095166254,3296200.771122127,0.00014055449023963977,0.00014055449023963977,0.5212755287137228,1.0078905166519596
523,78617.9095166254,3296431.110062734,9.160188664966133e-05,9.160188664966133e-05,0.5222865922197257,1.0082202869128418
524,78627.9095166254,3296673.875410213,5.760345830464688e-05,5.760345830464688e-05,0.5233373781236357,1.0027779158867616
525,78667.9095166254,3296904.2143508205,5.026153187192197e-05,5.026153187192197e-05,0.5243484416296385,1.003222948800705
526,78727.9095166254,3297126.26902018,6.419698600340576e-05,6.419698600340576e-05,0.52534320826169,1.003255418845796
527,78747.9095166254,3297364.8922320353,8.072349307356103e-05,8.072349307356103e-05,0.5263788085804045,1.0029128165253922
528,78767.9095166254,3297603.51544389,8.260484014235363e-05,8.260484014235363e-05,0.5274144088991171,1.002751686887916
529,78797.9095166254,3297837.996520121,6.0781216982163526e-05,6.0781216982163526e-05,0.5284367432308761,1.0026426507902446
530,78807.9095166254,3298080.7618675996,1.1123738486935235e-05,1.1123738486935235e-05,0.529487529134784,1.0059010646080306
531,78807.9095166254,3298327.669350702,-6.696436802991922e-05,6.696436802991922e-05,0.5305553383279884,1.0073571539405262
532,78817.9095166254,3298570.4346981803,-0.00016672649634881772,0.00016672649634881772,0.5316061242318963,1.011741233044567
533,78827.9095166254,3298813.200045659,-0.00026866435016079587,0.00026866435016079587,0.5326569101358063,1.0181331058697118
534,78847.9095166254,3299043.5389862666,-0.00034168940694849183,0.00034168940694849183,0.5336568128430264,1.022515353754356
535,78927.9095166254,3299245.5936556263,-0.0003632379574360706,0.0003632379574360706,0.5345966452056173,1.0247942816006768
536,79004.78705799858,3299460.65741845,-0.00034460245411361943,0.00034460245411361943,0.5355843767610377,1.0240392637135167
537,79101.59526769542,3299667.4656281467,-0.00032484986194369154,0.00032484986194369154,0.5365719083985507,1.0353053562156773
538,79220.32381139373,3299863.779877077,-0.0003407159192521466,0.0003407159192521466,0.5375641097557373,1.043769767363972
539,79333.49595833659,3300059.366318788,-0.0004047719530924189,0.0004047719530924189,0.5385413655983866,1.0371558918744028
540,79458.5884392809,3300254.4587997324,-0.000498744257935312,0.000498744257935312,0.5395436333679999,1.0540901732726102
541,79593.6809202252,3300439.551280677,-0.0005847636277722763,0.0005847636277722763,0.5405346412855976,1.0676534084417857
542,79784.63126554579,3300560.5016259975,-0.0006371667149563277,0.0006371667149563277,0.5415121748799165,1.0871183498776187
543,79991.43947524263,3300657.3098356943,-0.0006603776505489372,0.0006603776505489372,0.5424997065174298,1.0961961216824478
544,80172.52989446526,3300773.779877077,-0.0006626013008553085,0.0006626013008553085,0.543430871170518,1.0966255822417144
545,80398.48735214138,3300824.357712593,-0.0006345820015599123,0.0006345820015599123,0.5444322585491028,1.085747147808774
546,80628.72701934328,3300842.962374359,-0.0005707479904924856,0.0005707479904924856,0.5454312294016203,1.0671617762617216
547,80863.54671628741,3300813.779877077,-0.0004853310406279436,0.0004853310406279436,0.5464545743202597,1.0557199208088468
548,81098.02779251852,3300783.779877077,-0.00039610362012653755,0.00039610362012653755,0.5474769086520183,1.045249623707385
549,81319.44602094898,3300722.2433727533,-0.00031366375165045915,0.00031366375165045915,0.548470777068761,1.0256434187386425
550,81533.85285999093,3300643.779877077,-0.00024979437460503277,0.00024979437460503277,0.5494581699433178,1.0215580869071348
551,81738.92030471894,3300542.7690889835,-0.00021783721265594642,0.00021783721265594642,0.5504467840518267,1.0156195257110066
552,81951.39365621589,3300473.779877077,-0.00021490620283290204,0.00021490620283290204,0.5514128993986628,1.0130982558462307
553,82165.96818161767,3300395.7212120844,-0.00021387830644856303,0.00021387830644856303,0.5524003734307565,1.0089828766926847
554,82363.98959475012,3300277.6997989523,-0.00018758618983131915,0.00018758618983131915,0.5533973304755408,1.0072284099227702
555,82546.15314350631,3300135.536250196,-0.0001391022254819084,0.0001391022254819084,0.5543966532068092,1.005983388505201
556,82734.17455663875,3300007.5148370634,-9.799557471738375e-05,9.799557471738375e-05,0.5553803903134616,1.0093407525801321
557,82929.26703758308,3299882.4223561194,-9.012263598959741e-05,9.012263598959741e-05,0.5563826580830739,1.008257362323131
558,83121.43058633925,3299750.258807363,-0.00011633599256100267,0.00011633599256100267,0.5573912954042237,1.0047065834171676
559,83313.59413509544,3299618.0952586066,-0.00015538799894943903,0.00015538799894943903,0.5583999327253738,1.0055116817080108
560,83508.68661603973,3299493.0027776626,-0.00018382922693788872,0.00018382922693788872,0.5594022004949858,1.0071583938635842
561,83672.06336823152,3299319.626025471,-0.00019484789826336015,0.00019484789826336015,0.5604324630786073,1.018512433445591
562,83835.44012042331,3299146.2492732788,-0.0001957600430140913,0.0001957600430140913,0.5614627256622303,1.0163776044904913
563,84007.60366917949,3298994.085724523,-0.00018646397192296734,0.00018646397192296734,0.5624564177305265,1.0145403198967162
564,84163.90935355941,3298817.780040143,-0.0001512399458935665,0.0001512399458935665,0.5634753966657665,1.012224667280567
565,84317.2861057512,3298634.403287951,-8.126663601383977e-05,8.126663601383977e-05,0.5645092836619942,1.0080586361593074
566,84392.88111201244,3298418.80828169,3.4815400616434304e-06,3.4815400616434304e-06,0.5654973298136529,1.008568030558989
567,84556.25786420424,3298245.431529498,6.933329396561218e-05,6.933329396561218e-05,0.5665275923972743,1.008466076284722
568,84704.27927733668,3298077.4101163656,0.00010265066262880625,0.00010265066262880625,0.5674960000469683,1.0081883835454577
569,84850.5849617166,3297891.104431986,0.00011794134602541876,0.00011794134602541876,0.5685204706737289,1.0101448125262351
570,84999.81957828465,3297711.8698154176,0.00013778464102895226,0.00013778464102895226,0.5695291264031388,1.0118810434902468
571,85177.33846610018,3297544.350927602,0.00017703497085177675,0.00017703497085177675,0.5705847117975832,1.0076927207783273
572,85324.3037848454,3297373.779877077,0.00024110851218568796,0.00024110851218568796,0.5715584330170761,1.0250702752717795
573,85494.59449580067,3297217.0948979016,0.0003243995719600526,0.0003243995719600526,0.5725592058959493,1.0384969426304627
574,85676.28108920937,3297073.779877077,0.000403205257569846,0.000403205257569846,0.5735599797511447,1.0346148643389017
575,85863.06372893677,3296928.6256647655,0.00043755864768611,0.00043755864768611,0.5745830101865119,1.035899067863769
576,86066.5426648208,3296823.779877077,0.00040292358745846053,0.00040292358745846053,0.575572952258062,1.0395535721264955
577,86300.11160583551,3296791.577787867,0.00032596157065262747,0.00032596157065262747,0.5765926308595636,1.0365650272415925
578,86535.50481728301,3296763.779877077,0.0002617960786558735,0.0002617960786558735,0.5776177177025245,1.0318837950082207
579,86735.13307977177,3296663.779877077,0.00023592036768078697,0.00023592036768078697,0.5785833199565834,1.0253921253804181
580,86965.47202037915,3296623.779877077,0.00022702611223608945,0.00022702611223608945,0.5795943834625863,1.0154453226601956
581,87204.09523223399,3296603.779877077,0.00020399171495996647,0.00020399171495996647,0.5806299837812998,1.0100302547735507
582,87451.00271533628,3296603.779877077,0.00016159450457346538,0.00016159450457346538,0.5816977929745042,1.0105166926694917
583,87697.90999874011,3296603.7793949624,0.0001145348600876738,0.0001145348600876738,0.5827656013040678,1.011146159283504
584,87936.53341029337,3296603.779877077,7.556679859271254e-05,7.556679859271254e-05,0.5837975840911805,1.002283807560934
585,88179.29875777193,3296613.779877077,4.8496772917843556e-05,4.8496772917843556e-05,0.584848369995089,1.0010944660228511
586,88422.0641052505,3296623.779877077,3.394512173485422e-05,3.394512173485422e-05,0.5858991558989975,1.0009836176861973
587,88664.82945272906,3296633.779877077,3.36013628920546e-05,3.36013628920546e-05,0.586949941802906,1.0009869500719122
588,88904.7580463241,3296650.6284067756,4.682782533998539e-05,4.682782533998539e-05,0.5879901244263702,1.0015180420805436
589,89146.21801206245,3296643.779877077,6.598554881221327e-05,6.598554881221327e-05,0.5890347945001324,1.0017657724987752
590,89384.84122391729,3296663.779877077,7.905742762150607e-05,7.905742762150607e-05,0.5900703948188459,1.0016845702557577
591,89619.3223001484,3296693.779877077,7.843185430040948e-05,7.843185430040948e-05,0.5910927291506045,1.0018942683865384
592,89857.94551200324,3296713.779877077,6.68126901646439e-05,6.68126901646439e-05,0.592128329469318,1.0021759056233197
593,90088.28445261062,3296753.779877077,5.492509595382176e-05,5.492509595382176e-05,0.5931393929753209,1.0020995792782512
594,90318.623393218,3296793.779877077,5.342579179748388e-05,5.342579179748388e-05,0.5941504564813238,1.0018785732261848
595,90557.24660507284,3296813.779877077,6.490001362082762e-05,6.490001362082762e-05,0.5951860568000373,1.0031102757382337
596,90787.58554568022,3296853.779877077,8.1005246661155e-05,8.1005246661155e-05,0.5961971203060402,1.0030275963295914
597,91014.99116958692,3296900.8615300385,8.609289061460109e-05,8.609289061460109e-05,0.5972014460903452,1.0026527563830567
598,91248.15976897696,3296934.0301294285,6.740760029702423e-05,6.740760029702423e-05,0.598219989831957,1.002661465407228
599,91462.54157180259,3296998.411932254,2.991673248413251e-05,2.991673248413251e-05,0.5991880405017395,1.0026502151124908
600,91672.37276561485,3297073.779877077,1.2578615804473395e-06,1.2578615804473395e-06,0.6001522666678671,1.0028468642859336
601,91898.56957059851,3297123.779877077,1.209337063943926e-05,1.209337063943926e-05,0.601154121847998,1.0043820030386554
602,92133.05064682962,3297153.779877077,6.850546755150657e-05,6.850546755150657e-05,0.6021764561797566,1.0071329598832588
603,92359.24745181328,3297203.779877077,0.00014590626024110285,0.00014590626024110285,0.6031783113598874,1.0078130643721115
604,92589.09524687144,3297244.9656073228,0.00020498499192266292,0.00020498499192266292,0.6041881740122182,1.0081857808338366
605,92803.35679053314,3297323.779877077,0.00021574880551185433,0.00021574880551185433,0.6051754995018958,1.009145257161055
606,93011.49846282952,3297417.368823281,0.00017850615389353235,0.00017850615389353235,0.6061624664069152,1.0090519541722855
607,93212.4488081501,3297528.3191686017,0.00012377186144689725,0.00012377186144689725,0.6071551885468123,1.0063750369358502
608,93409.8151711282,3297633.779877077,8.84412714930612e-05,8.84412714930612e-05,0.6081229577551236,1.0059235568941536
609,93618.9941597319,3297724.8645201833,9.031971734617243e-05,9.031971734617243e-05,0.6091096442968397,1.0067885681225992
610,93822.87343724062,3297828.743797692,0.00011891303299553594,0.00011891303299553594,0.6100992211638334,1.0055476518590325
611,94026.27355172328,3297933.779877077,0.00014485549496058182,0.00014485549496058182,0.6110892375590375,1.0052338726533654
612,94227.61754296458,3298043.779877077,0.00014146156713352743,0.00014146156713352743,0.6120814733305571,1.0051971639626966
613,94419.8666088261,3298175.7369692777,0.00010655241738269115,0.00010655241738269115,0.6130899098502297,1.0055744737050465
614,94585.45271170483,3298343.779877077,6.55097865989448e-05,6.55097865989448e-05,0.6141101912934299,1.0055734845916142
615,94782.6545673224,3298463.779877077,4.760375504505435e-05,4.760375504505435e-05,0.6151085266306828,1.0056225766896467
616,94969.85642293998,3298593.779877077,5.667320524527826e-05,5.667320524527826e-05,0.6160941916262603,1.0043525773798778
617,95160.23653260335,3298716.1068930547,6.746761350299486e-05,6.746761350299486e-05,0.6170728483108071,1.0032857077865345
618,95346.54221698327,3298862.412577435,5.369870554790117e-05,5.369870554790117e-05,0.618097318937569,1.0032608838396806
619,95511.63469792758,3299017.505058379,1.6895048695952727e-05,1.6895048695952727e-05,0.619076937589634,1.0025199012146506
620,95676.2374385391,3299173.779877077,-1.5664119639526057e-05,1.5664119639526057e-05,0.6200585272374621,1.0019373179574391
621,95865.96179543996,3299311.832155891,-1.920221696019792e-05,1.920221696019792e-05,0.6210732628648528,1.0018119632243543
622,96047.9095166254,3299442.369374602,6.286977274204651e-06,6.286977274204651e-06,0.6220417033922627,1.0016013033569722
623,96239.07568951671,3299574.9460499682,4.139581373559174e-05,4.139581373559174e-05,0.6230478068287664,1.001921203851964
624,96415.38137389664,3299731.251734348,6.739084295085791e-05,6.739084295085791e-05,0.6240667857640064,1.001921203851964
625,96597.54492265283,3299873.4152831044,7.624900308101707e-05,7.624900308101707e-05,0.6250661084952749,1.0017279791419034
626,96776.77953922088,3300022.6498996723,6.808981510775758e-05,6.808981510775758e-05,0.6260747642246833,1.0021700569558816
627,96945.22907162487,3300183.779877077,4.775853659800163e-05,4.775853659800163e-05,0.627082882959595,1.001735830055021
628,97116.46197579258,3300352.332336244,2.2896144244881755e-05,2.2896144244881755e-05,0.6281219954980464,1.0010665132784646
629,97281.55445673689,3300507.424817188,-5.591581704663829e-07,5.591581704663829e-07,0.6291016141501113,1.001072492368907
630,97457.9095166254,3300651.9943208103,-2.226215786142859e-05,2.226215786142859e-05,0.6300878189768997,1.0008527429470828
631,97611.73941862553,3300817.609779077,-4.530800382512095e-05,4.530800382512095e-05,0.6310653630786738,1.0020770740014404
632,97783.90296738168,3300969.773327833,-7.070360418847603e-05,7.070360418847603e-05,0.6320590551469699,1.0034876400350183
633,97963.13758394975,3301119.0079444014,-9.37714529291208e-05,9.37714529291208e-05,0.6330677108763798,1.0032032582928472
634,98127.9095166254,3301268.3753364095,-0.00010401630944548978,0.00010401630944548978,0.6340295185741723,1.0036461636681115
635,98299.18041021464,3301415.050770666,-9.121921737539802e-05,9.121921737539802e-05,0.6350047187864093,1.003952569674078
636,98494.27289115895,3301540.1432516105,-5.560755471405448e-05,5.560755471405448e-05,0.6360069865560224,1.0027025262941516
637,98692.2943042914,3301658.164664743,-1.0028661759414271e-05,1.0028661759414271e-05,0.6370039436008077,1.0063824856068697
638,98864.45785304758,3301810.328213499,2.6218526522438288e-05,2.6218526522438288e-05,0.6379976356691038,1.0081287286518115
639,99059.5503339919,3301935.4206944434,2.9806213055109446e-05,2.9806213055109446e-05,0.638999903438717,1.009423318704005
640,99243.42961150061,3302059.299971952,-2.2431153802092308e-05,2.2431153802092308e-05,0.6399587630413963,1.0109963241986784
641,99414.3799568212,3302200.2503172727,-0.00013373311294838903,0.00013373311294838903,0.6409169724544412,1.0137215641453157
642,99545.33030214177,3302381.2006625934,-0.0002714055474002337,0.0002714055474002337,0.6418829579298795,1.027581869583002
643,99743.89021901114,3302483.779877077,-0.0003861726127226592,0.0003861726127226592,0.6428495000491454,1.037441400053087
644,99949.37634587617,3302583.779877077,-0.0004479227693727119,0.0004479227693727119,0.6438378181499933,1.0456913054777577
645,100158.68386342043,3302674.554223872,-0.00045069342069366827,0.00045069342069366827,0.6448244796457451,1.0493350352339328
646,100372.7750064774,3302753.779877077,-0.0003974039282404646,0.0003974039282404646,0.6458117295809707,1.0432932703929199
647,100615.54035395596,3302763.779877077,-0.0003054687671653216,0.0003054687671653216,0.6468625154848792,1.0203835780923454
648,100862.44783705825,3302763.779877077,-0.0002133518486563583,0.0002133518486563583,0.6479303246780835,1.0194774024643347
649,101109.35532016054,3302763.779877077,-0.00016253020156397458,0.00016253020156397458,0.6489981338712879,1.0170233650586922
650,101356.26280326283,3302763.779877077,-0.00017541016047605798,0.00017541016047605798,0.6500659430644923,1.02260607015941
651,101594.88601511766,3302783.779877077,-0.00024438141177593486,0.00024438141177593486,0.6511015433832058,1.0208965147358657
652,101840.65590634891,3302781.0334873535,-0.0003324976319800578,0.0003324976319800578,0.6521644991549223,1.0242471848870414
653,102072.13243882734,3302743.779877077,-0.0003874932400006968,0.0003874932400006968,0.6531784553121393,1.0258684578804222
654,102298.20630856458,3302693.483085138,-0.00037424354339541527,0.00037424354339541527,0.6541800693316463,1.0275384617594263
655,102492.08558607327,3302579.603807629,-0.00030632529715985405,0.00030632529715985405,0.655152487138863,1.028406140680676
656,102695.96486358199,3302475.7245301204,-0.00023085150226757455,0.00023085150226757455,0.6561420640058567,1.0211089348306719
657,102900.64548878232,3302373.779877077,-0.00017971562277123838,0.00017971562277123838,0.6571309716366954,1.0124840359504226
658,103106.13161564735,3302273.779877077,-0.00014560075771542875,0.00014560075771542875,0.6581192897375434,1.0079746983965203
659,103303.33347126492,3302153.779877077,-9.907311004297509e-05,9.907311004297509e-05,0.6591176250747962,1.0049567323334097
660,103492.25105563505,3302013.779877077,-2.1730535158254534e-05,2.1730535158254534e-05,0.6601345341507588,1.0089837087101738
661,103676.07192924422,3301875.617464458,7.365116611955904e-05,7.365116611955904e-05,0.6611290252021368,1.0089411166671438
662,103868.23547800041,3301743.4539157017,0.00014438354503601758,0.00014438354503601758,0.6621376625232869,1.009754415137773
663,104050.3990267566,3301601.290366946,0.0001394036835398685,0.0001394036835398685,0.663136985254554,1.0182466517359836
664,104265.99403301784,3301525.6953606843,3.955722642040521e-05,3.955722642040521e-05,0.6641250314062138,1.0185222910869292
665,104490.37583584347,3301471.3135578586,-0.00011794993751458465,0.00011794993751458465,0.6651235166275892,1.0203894304394432
666,104687.18404554031,3301364.505348162,-0.0002619309753316146,0.0002619309753316146,0.6660919236114112,1.0224385764771637
667,104899.85011961342,3301281.839274089,-0.00033733399222086026,0.00033733399222086026,0.6670786886017456,1.0316412283909344
668,105034.94260055774,3301096.7467931444,-0.0003481447118751589,0.0003481447118751589,0.6680696965193432,1.0433509994379615
669,105217.9095166254,3300966.631738777,-0.00034106855502465523,0.00034106855502465523,0.6690406625852173,1.0401454659381224
670,105389.2696980701,3300802.419695632,-0.0003486592037195906,0.0003486592037195906,0.6700670915995295,1.0343259227970043
671,105547.29111120255,3300644.3982824995,-0.00037141117168857616,0.00037141117168857616,0.6710335659712063,1.0381678363011035
672,105667.9095166254,3300447.452578795,-0.00040279164283135255,0.00040279164283135255,0.67203234931941,1.0412369102976726
673,105765.04966621997,3300246.639727482,-0.00044298832590155136,0.00044298832590155136,0.6729970850415697,1.0564672516325881
674,105887.9095166254,3300068.196053818,-0.00047680657585652433,0.00047680657585652433,0.6739340333284051,1.0472535308428044
675,105967.9095166254,3299854.4256557054,-0.000460848040851664,0.000460848040851664,0.6749211512227534,1.040811648535463
676,106017.9095166254,3299642.370986345,-0.00036732031913744377,0.00036732031913744377,0.6758633794953102,1.0268527631659594
677,106007.9095166254,3299399.605638867,-0.0002266026058927479,0.0002266026058927479,0.6769141653992181,1.0228397551584123
678,105997.9095166254,3299156.8402913883,-9.634079678801285e-05,9.634079678801285e-05,0.6779649513031262,1.0188860529534578
679,106017.9095166254,3298918.2170795333,-1.4518021918492156e-05,1.4518021918492156e-05,0.6790005516218407,1.0078316368529434
680,106017.9095166254,3298671.309596431,1.2933612217199489e-05,1.2933612217199489e-05,0.6800683608150451,1.004094114583893
681,106067.9095166254,3298445.1127914474,3.2267438360340636e-06,3.2267438360340636e-06,0.6810702159951754,1.0026380464658629
682,106067.9095166254,3298198.205308345,-2.226364058405613e-05,2.226364058405613e-05,0.6821380251883797,1.0030851020543476
683,106083.80672793215,3297957.88266577,-5.255130280481449e-05,5.255130280481449e-05,0.6831796281430818,1.0030851020543476
684,106107.9095166254,3297720.9588846355,-8.495736970335808e-05,8.495736970335808e-05,0.6842095490231813,1.0035880701638502
685,106117.9095166254,3297478.193537157,-0.00011624074948702828,0.00011624074948702828,0.6852603349270894,1.0059717441519933
686,106127.9095166254,3297235.4281896786,-0.00014152878534588937,0.00014152878534588937,0.6863111208309973,1.0056547657039265
687,106107.9095166254,3296996.8049778235,-0.0001583032578923148,0.0001583032578923148,0.6873467211497118,1.0060624300844752
688,106097.9095166254,3296754.039630345,-0.00016607952777546834,0.00016607952777546834,0.6883975070536199,1.0076991794255163
689,106079.06672615647,3296514.937086608,-0.00016385666736915144,0.00016385666736915144,0.6894347679556051,1.007507329799802
690,106031.7559911427,3296287.626351594,-0.00015153453749563417,0.00015153453749563417,0.6904388933023503,1.0060833327453873
691,105977.9095166254,3296063.022808523,-0.00013158272432248428,0.00013158272432248428,0.6914377682586249,1.005325534073112
692,105944.20558892703,3295830.0759493783,-0.00010614068026122025,0.00010614068026122025,0.6924556915357633,1.0046277116868478
693,105877.9095166254,3295616.487062932,-7.52571498089338e-05,7.52571498089338e-05,0.6934228801971483,1.003301445680128
694,105807.9095166254,3295398.5745291957,-4.0198583983846175e-05,4.0198583983846175e-05,0.6944127236009461,1.0021723215190543
695,105757.9095166254,3295172.377724212,-5.8743237891145684e-06,5.8743237891145684e-06,0.6954145787810764,1.0020860787533203
696,105677.9095166254,3294958.6073260996,2.0992458509346693e-05,2.0992458509346693e-05,0.6964016966754247,1.0021303546448632
697,105627.9095166254,3294732.4105211156,3.5359617011279774e-05,3.5359617011279774e-05,0.697403551855557,1.0015351403778714
698,105557.9095166254,3294514.49798738,3.7872273122329805e-05,3.7872273122329805e-05,0.6983933952593528,1.001732800267781
699,105517.9095166254,3294284.1590467724,3.7119605517587e-05,3.7119605517587e-05,0.6994044587653557,1.0022275742420361
700,105457.9095166254,3294062.1043774122,4.4975598629769286e-05,4.4975598629769286e-05,0.7003992253974092,1.0023879700769331
701,105407.9095166254,3293835.9075724287,6.674481220290428e-05,6.674481220290428e-05,0.7014010805775396,1.0019086331723923
702,105340.89008598759,3293616.760446439,9.747379008517359e-05,9.747379008517359e-05,0.7023921626822753,1.0039263462837151
703,105297.9095166254,3293387.656098085,0.000130286504785457,0.000130286504785457,0.7034002630237972,1.0038201444418502
704,105267.9095166254,3293153.175021854,0.00016583041266341053,0.00016583041266341053,0.7044225973555542,1.009392506419452
705,105227.24215219378,3292923.1125126453,0.00020978323543140447,0.00020978323543140447,0.7054329814095958,1.016990614145287
706,105197.9095166254,3292688.3550050156,0.00026150162222619464,0.00026150162222619464,0.7064561397310183,1.0215379053159428
707,105197.9095166254,3292441.4475219133,0.0003057298391209463,0.0003057298391209463,0.7075239489242227,1.019158686941415
708,105187.9095166254,3292206.966445682,0.00031632202767980453,0.00031632202767980453,0.7085389389864318,1.0189111612962216
709,105232.96700736968,3291978.7223863327,0.00027703744781156186,0.00027703744781156186,0.7095450837621423,1.0179387971685168
710,105307.9095166254,3291762.8571069622,0.00020354020321629697,0.00020354020321629697,0.710533303926248,1.0135324831098305
711,105377.9095166254,3291544.944573226,0.0001345454804467763,0.0001345454804467763,0.7115231473300458,1.008895636388446
712,105431.46775490593,3291320.2216387964,9.969664634947714e-05,9.969664634947714e-05,0.7125222346710541,1.0123211460007098
713,105499.9916933553,3291101.697700347,0.00010084746115486209,0.00010084746115486209,0.7135126671423632,1.0061832372845145
714,105568.51563180468,3290883.1737618977,0.00011800296230975944,0.00011800296230975944,0.7145030996136701,1.005912760967584
715,105637.9095166254,3290665.010167034,0.00012806827180135143,0.00012806827180135143,0.7154931791137658,1.0064890769172439
716,105712.63457651528,3290449.054817187,0.00012196434300733845,0.00012196434300733845,0.7164814593591233,1.011591785641002
717,105847.7270574596,3290263.9623362427,0.00010525979281304108,0.00010525979281304108,0.7174724672767211,1.01008079382371
718,105907.9095166254,3290041.9832439437,7.925421070927133e-05,7.925421070927133e-05,0.7184671245672292,1.0098539452314481
719,106007.9095166254,3289836.497117079,2.95225866582742e-05,2.95225866582742e-05,0.7194554426680763,1.0103885364997027
720,106109.86741530267,3289631.8219783995,-5.466880816050405e-05,5.466880816050405e-05,0.7204443546005,1.0109492605196708
721,106257.9095166254,3289457.95127022,-0.0001549805340551257,0.0001549805340551257,0.7214319432618211,1.0145384283870555
722,106344.69703813196,3289246.99235557,-0.00023286725780405056,0.00023286725780405056,0.7224184731799174,1.012121680070248
723,106417.9095166254,3289030.410473995,-0.0002666341230645678,0.0002666341230645678,0.7234072002479419,1.0177773420826022
724,106477.9095166254,3288808.355804635,-0.00027018129606131704,0.00027018129606131704,0.7244019668799935,1.021043165428339
725,106537.9095166254,3288586.301135275,-0.00027187221290475756,0.00027187221290475756,0.7253967335120469,1.030979158348578
726,106567.9095166254,3288351.820059044,-0.00028613930062648473,0.00028613930062648473,0.7264190678438059,1.0200936512931411
727,106617.9095166254,3288125.6232540603,-0.0003079687878804972,0.0003079687878804972,0.7274209230239363,1.0203845752563412
728,106617.9095166254,3287878.715770958,-0.0003270516217450502,0.0003270516217450502,0.7284887322171406,1.0241719023328781
729,106617.9095166254,3287631.8082878557,-0.0003438882605272115,0.0003438882605272115,0.729556541410345,1.0359774963347512
730,106557.9095166254,3287409.753618496,-0.0003702435078185481,0.0003702435078185481,0.7305513080423964,1.0422933550219644
731,106528.96499030176,3287174.8353507533,-0.00040879909637271645,0.00040879909637271645,0.7315749496386742,1.0442231273780134
732,106477.9095166254,3286949.0757372812,-0.00043258107586188266,0.00043258107586188266,0.7325759556858445,1.0368612675288054
733,106391.91711340302,3286737.7874738546,-0.0004010412144982137,0.0004010412144982137,0.7335625015870793,1.029388946238561
734,106257.9095166254,3286558.103483551,-0.0003103979144437304,0.0003103979144437304,0.734531901811435,1.0235793713299557
735,106111.73215151438,3286377.6025119657,-0.0002069853234288642,0.0002069853234288642,0.7355363991245564,1.0250659576275178
736,105972.49753494633,3286188.367895398,-0.00014284264257613207,0.00014284264257613207,0.7365524449109154,1.0166728274768095
737,105831.54718962575,3286017.417550077,-0.0001345202105435867,0.0001345202105435867,0.7375106543239605,1.0094518353032753
738,105731.81004774077,3285817.6804081923,-0.0001562155862614992,0.0001562155862614992,0.7384761692185068,1.006473723251593
739,105572.57543117272,3285648.445791624,-0.000166872200117076,0.000166872200117076,0.7394811095404745,1.0064924657865384
740,105407.9095166254,3285493.176621093,-0.0001464030893900128,0.0001464030893900128,0.7404599085334318,1.0068245112655283
741,105241.17726584848,3285327.0476263,-0.00010264078423807238,0.00010264078423807238,0.7414778161230249,1.00607261901491
742,105071.94264928043,3285167.813009732,-5.161319427477525e-05,5.161319427477525e-05,0.7424827564449911,1.0057361020062017
743,104892.70803271238,3285018.5783931636,-2.7868529564221515e-06,2.7868529564221515e-06,0.743491412174401,1.0006585420217102
744,104719.3312805206,3284855.201640972,4.180197490155851e-05,4.180197490155851e-05,0.7445216747580224,1.0008451688084117
745,104543.02559614068,3284698.895956592,8.452696335897443e-05,8.452696335897443e-05,0.7455406536932626,1.0032456928470983
746,104380.8620473845,3284536.732407836,0.00012981923117460242,0.00012981923117460242,0.7465324617703218,1.0058786748241633
747,104218.6984986283,3284374.56885908,0.00018056592804269718,0.00018056592804269718,0.7475242698473799,1.0098769233352975
748,104059.46388206026,3284205.3342425115,0.00023527285738857392,0.00023527285738857392,0.7485292101693476,1.009721131458332
749,103903.15819768034,3284029.028558132,0.00029217040677041235,0.00029217040677041235,0.7495481891045875,1.0207301889914633
750,103782.20785235976,3283838.078212811,0.0003581060383020298,0.0003581060383020298,0.7505257226989066,1.0416302282983265
751,103668.32857485107,3283644.1989353024,0.00044577984051856067,0.00044577984051856067,0.7514981405061233,1.0574571197803198
752,103571.52036515423,3283437.3907256057,0.0005479505446740433,0.0005479505446740433,0.7524856721436365,1.0677162069732202
753,103461.78322326925,3283247.653583721,0.0006136294832546764,0.0006136294832546764,0.7534335925135485,1.0674984203422606
754,103428.41761280718,3283023.271780895,0.0005822113960587955,0.0005822113960587955,0.7544146539937214,1.0553280892939971
755,103457.9095166254,3282788.5802443344,0.0004591796176660957,0.0004591796176660957,0.7554376148614648,1.0496086350577436
756,103494.75481158725,3282556.934582115,0.00031181796021680634,0.00031181796021680634,0.7564520142873927,1.0394419464462485
757,103547.9095166254,3282332.0444987435,0.00019949729140090086,0.00019949729140090086,0.7574514019533622,1.0293066697698894
758,103597.9095166254,3282105.84769376,0.00014274383157896725,0.00014274383157896725,0.7584532571334927,1.0093685389920002
759,103627.9095166254,3281871.3666175287,0.00012825604280072123,0.00012825604280072123,0.7594755914652517,1.003575684604258
760,103687.9095166254,3281649.3119481686,0.00012576761082296433,0.00012576761082296433,0.7604703580973051,1.0028650549643925
761,103752.5216900917,3281429.1677036104,0.00010999021340775038,0.00010999021340775038,0.7614625827339102,1.0031962614927414
762,103828.11669635294,3281213.5726973494,7.358073496469128e-05,7.358073496469128e-05,0.7624506288855688,1.003288989747666
763,103907.9095166254,3280999.716482584,2.3122730592946123e-05,2.3122730592946123e-05,0.7634377808055736,1.0032889897476691
764,103986.37777668728,3280785.311617015,-3.114064238255605e-05,3.114064238255605e-05,0.7644251727466148,1.0021754357738908
765,104054.90171513666,3280566.7876785654,-7.893971644977876e-05,7.893971644977876e-05,0.7654156052179238,1.0024257502080112
766,104147.9095166254,3280358.4052882465,-0.00011003706610855318,0.00011003706610855318,0.7664024946618074,1.0030870222697248
767,104197.9095166254,3280132.208483263,-0.0001192623846532892,0.0001192623846532892,0.7674043498419377,1.0038947724743255
768,104247.9095166254,3279906.011678279,-0.00011137898642414014,0.00011137898642414014,0.76840620502207,1.004029102696317
769,104297.9095166254,3279679.8148732954,-9.554726382027307e-05,9.554726382027307e-05,0.7694080602022003,1.0034174332655188
770,104347.9095166254,3279453.618068312,-7.575463563720213e-05,7.575463563720213e-05,0.7704099153823307,1.003014421769069
771,104387.9095166254,3279223.2791277044,-5.1494315172849386e-05,5.1494315172849386e-05,0.7714209788883336,1.0007786880558898
772,104417.9095166254,3278988.798051473,-2.648037928138938e-05,2.648037928138938e-05,0.7724433132200926,1.000705502765517
773,104447.9095166254,3278754.316975242,-1.019445402521229e-05,1.019445402521229e-05,0.7734656475518517,1.0009685044303227
774,104487.9095166254,3278523.9780346346,-7.923776286098115e-06,7.923776286098115e-06,0.7744767110578545,1.0008430293686639
775,104537.9095166254,3278297.781229651,-1.2167182407243533e-05,1.2167182407243533e-05,0.775478566237985,1.0010978263650545
776,104567.9095166254,3278063.30015342,-8.36710960550094e-06,8.36710960550094e-06,0.776500900569744,1.0011245075468092
777,104607.9095166254,3277832.9612128125,9.820233129082815e-06,9.820233129082815e-06,0.7775119640757469,1.001115737442115
778,104627.9095166254,3277594.338000958,3.3225339505002095e-05,3.3225339505002095e-05,0.7785475643944594,1.00109509649554
779,104657.9095166254,3277359.8569247266,4.594244280346098e-05,4.594244280346098e-05,0.7795698987262184,1.001099430376829
780,104715.06526566009,3277136.6241280423,4.0561086744273426e-05,4.0561086744273426e-05,0.7805664629176202,1.0010994303768292
781,104757.9095166254,3276907.4633147595,2.4088288420675046e-05,2.4088288420675046e-05,0.7815746947582847,1.0009892454609772
782,104802.61566787575,3276679.0737258266,9.79607432874372e-06,9.79607432874372e-06,0.7825811640119418,1.0009892454609772
783,104849.92640288953,3276451.762990813,6.5829519771515605e-06,6.5829519771515605e-06,0.783585289358687,1.0007622303912218
784,104887.9095166254,3276220.588628561,1.6410470548917763e-05,1.6410470548917763e-05,0.7845984620571969,1.0009166054491925
785,104937.9095166254,3275994.391823577,3.658754950984169e-05,3.658754950984169e-05,0.7856003172373272,1.000870541213967
786,104977.9095166254,3275764.05288297,6.105323176709124e-05,6.105323176709124e-05,0.78661138074333,1.000951637875105
787,105017.9095166254,3275533.7139423625,8.236783290510581e-05,8.236783290510581e-05,0.7876224442493329,1.0031788049708008
788,105077.9095166254,3275311.6592730028,9.580411685789132e-05,9.580411685789132e-05,0.7886172108813844,1.0033264214013597
789,105143.79081297215,3275097.89858073,9.932238056485607e-05,9.932238056485607e-05,0.7895845793402987,1.0038735091158064
790,105197.9095166254,3274873.407798659,8.715133831856394e-05,8.715133831856394e-05,0.7905832553389318,1.0038735091158066
791,105257.9095166254,3274651.353129299,4.9014568646314134e-05,4.9014568646314134e-05,0.7915780219709853,1.0038735091158066
792,105356.43369613212,3274445.2556975703,-1.6912330271653318e-05,1.6912330271653318e-05,0.7925659484198622,1.0044353152922867
793,105427.9095166254,3274227.954468698,-9.153099250085418e-05,9.153099250085418e-05,0.7935552507488779,1.0045925921808634
794,105517.9095166254,3274024.1840705853,-0.00014248033686002664,0.00014248033686002664,0.7945186319710501,1.0050223480812588
795,105567.9095166254,3273797.9872656018,-0.00014970492486076752,0.00014970492486076752,0.7955204871511805,1.0062701484808563
796,105607.9095166254,3273567.6483249944,-0.00012172803663066513,0.00012172803663066513,0.7965315506571834,1.0062574751602862
797,105638.3427102603,3273333.346683442,-8.38938180223949e-05,8.38938180223949e-05,0.7975533548844395,1.00417971531837
798,105687.9095166254,3273106.9704437796,-5.648529008374117e-05,5.648529008374117e-05,0.7985555654122761,1.0040151800589694
799,105725.89311247595,3272875.7962812264,-4.6276239785268696e-05,4.6276239785268696e-05,0.7995687375966171,1.0011542168693
800,105747.9095166254,3272638.008291317,-5.068956000095381e-05,5.068956000095381e-05,0.800601505906226,1.0019380024718274
801,105797.9095166254,3272411.8114863336,-6.215521245900491e-05,6.215521245900491e-05,0.8016033610863564,1.0020000348898614
802,105827.9095166254,3272177.3304101024,-6.939338450009113e-05,6.939338450009113e-05,0.8026256954181155,1.002070203245776
803,105847.9095166254,3271938.707198248,-6.136559439287825e-05,6.136559439287825e-05,0.803661295736828,1.001532552734914
804,105877.9095166254,3271704.2261220166,-3.435374269649839e-05,3.435374269649839e-05,0.804683630068587,1.0019716652691122
805,105877.9095166254,3271457.3186389143,4.291373886957016e-06,4.291373886957016e-06,0.8057514392617914,1.0019906254573665
806,105894.43369789938,3271217.255695803,3.952434557668494e-05,3.952434557668494e-05,0.8067921042186926,1.0013972894796372
807,105913.46016166567,3270978.2292320365,5.7800073546329267e-05,5.7800073546329267e-05,0.8078290998397979,1.00160286623345
808,105937.9095166254,3270741.44900335,5.721927729234538e-05,5.721927729234538e-05,0.8088585559484898,1.0016501618871925
809,105987.9095166254,3270515.2521983664,4.976715079367603e-05,4.976715079367603e-05,0.8098604111286201,1.0016813494103685
810,106007.9095166254,3270276.6289865114,5.1381700839689046e-05,5.1381700839689046e-05,0.8108960114473346,1.0035231473264519
811,106037.9095166254,3270042.14791028,6.942187280370743e-05,6.942187280370743e-05,0.8119183457790936,1.003656810736733
812,106077.9095166254,3269811.808969673,9.890108660772091e-05,9.890108660772091e-05,0.8129294092850965,1.0035311267243783
813,106112.47175800586,3269579.2176356963,0.0001277232436621241,0.0001277232436621241,0.8139463498435086,1.0042132811185571
814,106145.6403573959,3269346.0490363063,0.00014651104942641803,0.00014651104942641803,0.8149648935851201,1.0064942576680243
815,106227.9095166254,3269133.218554722,0.0001570088699523495,0.0001570088699523495,0.8159517011227679,1.0076304481510645
816,106287.9095166254,3268911.163885362,0.00016944177881366335,0.00016944177881366335,0.8169464677548214,1.00712301024214
817,106347.9095166254,3268689.109216002,0.00019025292411818876,0.00019025292411818876,0.8179412343868749,1.0126454268316405
818,106426.80717900526,3268474.882214697,0.00021662457747723178,0.00021662457747723178,0.818928544257651,1.01244026716984
819,106523.6153887021,3268268.0740050003,0.00024335812075992164,0.00024335812075992164,0.8199160758951641,1.0124080939250897
820,106627.9095166254,3268070.224428536,0.0002695372117090325,0.0002695372117090325,0.820883325840141,1.0184876130686569
821,106720.16074028393,3267861.528653418,0.000298650966372949,0.000298650966372949,0.8218701256672148,1.0214107860380093
822,106869.39535685195,3267682.2940368503,0.00033900238782624673,0.00033900238782624673,0.8228787813966231,1.0257820321602338
823,107001.55890560814,3267490.130488094,0.0004053158482071238,0.0004053158482071238,0.8238874187177734,1.0500521689002857
824,107153.72245436432,3267317.966939338,0.0005141856209294535,0.0005141856209294535,0.8248811107860694,1.0868564065824682
825,107334.17027436798,3267157.5191193344,0.0006690657569349581,0.0006690657569349581,0.8259253788587348,1.1099767652230401
826,107508.10755637698,3267023.779877077,0.0008370457566875179,0.0008370457566875179,0.8268742649557774,1.1284034050788794
827,107709.45154761829,3266913.779877077,0.0009483378806921206,0.0009483378806921206,0.8278665007272968,1.1636859791095944
828,107939.79048822567,3266893.779877077,0.0009655104859773377,0.0009655104859773377,0.8288664034345171,1.1858726365990246
829,108170.12942883305,3266933.779877077,0.000937329968413959,0.000937329968413959,0.8298774669405199,1.2149100369279329
830,108400.46836944044,3266973.779877077,0.0009263386448563561,0.0009263386448563561,0.8308885304465228,1.2008886537113428
831,108609.45604068795,3267065.3264011396,0.0009270063607637625,0.0009270063607637625,0.8318752582284982,1.1877134642488538
832,108794.54852163226,3267200.4188820836,0.0008758693318858067,0.0008758693318858067,0.8328662661460944,1.1344736970564056
833,108935.49886695284,3267371.3692274042,0.0007311477551886177,0.0007311477551886177,0.8338244755591394,1.1011572227870934
834,109025.23600883782,3267581.106369289,0.000523214045113989,0.000523214045113989,0.8348110688518606,1.076547316577936
835,109129.11528634652,3267784.985646798,0.0003122537807099134,0.0003122537807099134,0.8358006457188544,1.0430569655090947
836,109169.35495354843,3268015.2253139997,0.0001388074648939762,0.0001388074648939762,0.8368114641582389,1.0205891115377674
837,109247.9095166254,3268229.5944316895,1.6085579199854002e-05,1.6085579199854002e-05,0.8377988392764496,1.007274150183728
838,109334.68710169465,3268440.557462146,-6.69177694897074e-05,6.69177694897074e-05,0.8387853693076388,1.008065689723138
839,109420.28210795589,3268646.1524684075,-0.0001373479631165182,0.0001373479631165182,0.8397484926405534,1.0118153255617834
840,109497.9095166254,3268860.905626027,-0.000215371241005119,0.000215371241005119,0.8407360571206568,1.0187367283373263
841,109585.61425610211,3269071.4846165534,-0.0002938197829449286,0.0002938197829449286,0.8417225860435954,1.0174069549276101
842,109677.9095166254,3269280.162151004,-0.0003457099648897348,0.0003457099648897348,0.8427093907386876,1.0214949067264996
843,109827.51494674326,3269453.3853071947,-0.0003543801498705711,0.0003543801498705711,0.8436992546833014,1.026422532315538
844,109976.2690949169,3269633.779877077,-0.0003305677803726825,0.0003305677803726825,0.8447104473931248,1.028006788834558
845,110141.84204425564,3269787.712404707,-0.0002949352455399363,0.0002949352455399363,0.8456881589500201,1.0266964713478643
846,110304.0055930118,3269949.8759534634,-0.00025255877250012583,0.00025255877250012583,0.8466799670270793,1.018308478007102
847,110490.31127739171,3270096.181637843,-0.00019024877098053718,0.00019024877098053718,0.84770443765384,1.0087691225489046
848,110685.40375833603,3270221.2741187876,-9.487255142168518e-05,9.487255142168518e-05,0.8487067054234532,1.0128839876483515
849,110881.56769488612,3270343.779877077,2.626210574597762e-05,2.626210574597762e-05,0.8497069066506729,1.0131892660067006
850,111087.05382175115,3270443.779877077,0.0001367152216834305,0.0001367152216834305,0.8506952247515209,1.0137077614154975
851,111265.32586210963,3270581.196222561,0.00018249932802342136,0.00018249932802342136,0.8516686663012946,1.0130610432007856
852,111453.34727524208,3270709.2176356935,0.00013258987029193906,0.00013258987029193906,0.8526524034079471,1.01314089803505
853,111572.8015242276,3270903.779877077,1.835642411660324e-05,1.835642411660324e-05,0.8536397675903579,1.0131024641897113
854,111708.17689807138,3271074.047258523,-8.731971115309263e-05,8.731971115309263e-05,0.854580508812597,1.0145086634618046
855,111899.12724339195,3271194.9976038435,-0.00013519908961347318,0.00013519908961347318,0.8555580424069158,1.0126402896174693
856,112084.21972433628,3271330.090084788,-0.000133343998909676,0.000133343998909676,0.8565490503245132,1.0127057601792238
857,112269.31220528058,3271465.182565732,-0.0001171657999512275,0.0001171657999512275,0.8575400582421095,1.0130212729253343
858,112434.40468622491,3271620.2750466764,-0.00010855631836259616,0.00010855631836259616,0.858519676894176,1.0096038288992135
859,112638.28396373361,3271724.154324185,-0.00011103686836153596,0.00011103686836153596,0.8595092537611697,1.0056434590722148
860,112829.2343090542,3271845.1046695057,-0.00012093448569235136,0.00012093448569235136,0.8604867873554888,1.0066966945940892
861,113014.32678999851,3271980.19715045,-0.0001283048704389946,0.0001283048704389946,0.8614777952730862,1.0062949215982786
862,113210.04463165696,3272103.779877077,-0.00011925183359083504,0.00011925183359083504,0.8624788396171666,1.0062241663172562
863,113423.81502976944,3272183.779877077,-9.195164157560945e-05,9.195164157560945e-05,0.863465957511515,1.003705973785703
864,113629.30115663446,3272283.779877077,-6.505007993371874e-05,6.505007993371874e-05,0.8644542756123629,1.0043455361627525
865,113838.63069659776,3272374.5010570493,-6.060318384518179e-05,6.060318384518179e-05,0.8654409330312047,1.0043442378183711
866,114036.1312747408,3272493.779877077,-8.215200135259144e-05,8.215200135259144e-05,0.8664387562549114,1.00372727272337
867,114243.46031942705,3272589.3306798786,-0.00011533793917680279,0.00011533793917680279,0.8674260399779796,1.002899277768952
868,114455.3877997183,3272673.779877077,-0.00014680241913914447,0.00014680241913914447,0.868412656971916,1.005622683745268
869,114668.79246757326,3272754.662828025,-0.00017659847752868652,0.00017659847752868652,0.869399640528603,1.0075164740489901
870,114882.92859594323,3272833.779877077,-0.00021258215206363792,0.00021258215206363792,0.8703869100456493,1.016458920044608
871,115104.98326530316,3272893.779877077,-0.0002567903363077064,0.0002567903363077064,0.8713816766777017,1.0188958408397473
872,115324.36428292136,3272960.2346433727,-0.0002982443708183345,0.0002982443708183345,0.8723730154026932,1.0175854277848948
873,115557.37687527048,3272993.779877077,-0.00031993982400929275,0.00031993982400929275,0.8733911220080257,1.0194818255840872
874,115791.85795150159,3273023.779877077,-0.0003183225084790705,0.0003183225084790705,0.8744134563397843,1.0265942308768161
875,116026.3390277327,3272993.779877077,-0.0003157795009814086,0.0003157795009814086,0.8754357906715429,1.03098076389653
876,116260.82010396381,3272963.779877077,-0.0003449153472048623,0.0003449153472048623,0.8764581250033013,1.0416641243011537
877,116507.7275870661,3272963.779877077,-0.000417299155866248,0.000417299155866248,0.8775259341965057,1.050685459863099
878,116738.02054020221,3272923.6688535,-0.0005072900041029372,0.0005072900041029372,0.8785368840303026,1.0553004630675675
879,116947.69479016223,3272833.779877077,-0.0005681577004308038,0.0005681577004308038,0.8795234858146024,1.0576076585128964
880,117151.63695959591,3272730.0524341064,-0.0005738576174809406,0.0005738576174809406,0.8805130071773953,1.0672109799831986
881,117337.94264397582,3272583.7467497266,-0.0005400767408913541,0.0005400767408913541,0.8815374778041559,1.0737608279001836
882,117497.9095166254,3272408.957579182,-0.0004981242379159629,0.0004981242379159629,0.88256218111348,1.0604855936451951
883,117649.34080930006,3272242.3485844024,-0.00046279659811291696,0.00046279659811291696,0.8835358706905067,1.049628980069952
884,117777.36222243251,3272054.32717127,-0.00042634764101424997,0.00042634764101424997,0.8845196077971592,1.037850817258133
885,117887.9095166254,3271853.209876706,-0.00037388332986776346,0.00037388332986776346,0.8855121212573622,1.0284716598975066
886,117970.9786418262,3271640.7107518762,-0.00030278309297603024,0.00030278309297603024,0.8864988466208182,1.0218264671562225
887,118037.9095166254,3271421.526944857,-0.00022635549124446508,0.00022635549124446508,0.8874899685094155,1.0162306625894724
888,118087.9095166254,3271195.3301398735,-0.000160506002951358,0.000160506002951358,0.8884918236895458,1.0091488379731333
889,118167.9095166254,3270981.559741761,-0.00011225486781042707,0.00011225486781042707,0.8894789415838942,1.0053905998286312
890,118207.9095166254,3270751.2208011537,-8.102851545076253e-05,8.102851545076253e-05,0.8904900050898971,1.0037398212784046
891,118247.9095166254,3270520.8818605463,-6.355149842619794e-05,6.355149842619794e-05,0.8915010685958998,1.0027225553693027
892,118307.9095166254,3270298.827191186,-5.189464915327869e-05,5.189464915327869e-05,0.8924958352279534,1.0025365241191986
893,118358.72232941752,3270072.9670642847,-3.3420117189188626e-05,3.3420117189188626e-05,0.8934970344021885,1.0032772813614002
894,118397.9095166254,3269842.291445595,-3.958834526241127e-06,3.958834526241127e-06,0.8945089378531591,1.0024466069233564
895,118417.9095166254,3269603.66823374,2.0074945373107693e-05,2.0074945373107693e-05,0.8955445381718736,1.0030493591702214
896,118458.2281275876,3269373.461266115,1.323756156842332e-05,1.323756156842332e-05,0.8965552761486232,1.003219754872744
897,118519.6809982251,3269152.008395477,-3.025403641204643e-05,3.025403641204643e-05,0.8975491921377228,1.003272367757353
898,118595.27600448634,3268936.4133892157,-8.569356898493494e-05,8.569356898493494e-05,0.8985372382893833,1.0033573107286233
899,118627.9095166254,3268703.0231494294,-0.00012301225096534427,0.00012301225096534427,0.8995564079958875,1.0049659767466388
900,118647.9095166254,3268464.3999375748,-0.0001353409315050109,0.0001353409315050109,0.9005920083146001,1.0073064772882598
901,118677.9095166254,3268229.9188613435,-0.00013430714350701076,0.00013430714350701076,0.9016143426463591,1.007319234810936
902,118697.9095166254,3267991.2956494885,-0.00012632527543104111,0.00012632527543104111,0.9026499429650736,1.006074489448711
903,118718.6925945653,3267752.996799137,-0.0001057739520789501,0.0001057739520789501,0.9036844341549493,1.0025135634472027
904,118709.81570367173,3267525.686064123,-7.056043304864397e-05,7.056043304864397e-05,0.9046682419421825,1.0020490015451675
905,118687.9095166254,3267296.136692043,-3.347326110139831e-05,3.347326110139831e-05,0.9056654921806861,1.002072124597761
906,118697.9095166254,3267053.3713445645,-1.0575944885742141e-05,1.0575944885742141e-05,0.9067162780845941,1.0013958979642217
907,118697.9095166254,3266806.4638614617,-4.786484119551338e-06,4.786484119551338e-06,0.9077840872778005,1.00104351756459
908,118697.9095166254,3266567.840649607,-6.7253639035406425e-06,6.7253639035406425e-06,0.9088160692012675,1.000617364830583
909,118697.9095166254,3266320.933166505,-6.390351388187379e-06,6.390351388187379e-06,0.9098838783944718,1.0005968812640336
910,118687.9095166254,3266078.1678190264,4.358563689429614e-07,4.358563689429614e-07,0.9109346642983799,1.000264715691767
911,118687.9095166254,3265831.260335924,1.4386747703219083e-05,1.4386747703219083e-05,0.9120024734915841,1.000748948171278
912,118687.9095166254,3265584.352852822,3.564953387303108e-05,3.564953387303108e-05,0.9130702826847885,1.0008094228571665
913,118677.9095166254,3265341.5875053434,6.335740316723787e-05,6.335740316723787e-05,0.9141210685886966,1.0014189167947771
914,118677.9095166254,3265094.6800222406,9.530903403737718e-05,9.530903403737718e-05,0.9151888777819029,1.0032672190165735
915,118682.15734601844,3264849.532047684,0.00013096473425657892,0.00013096473425657892,0.9162492367171642,1.0064012167847598
916,118707.9095166254,3264613.2914629076,0.0001725706451027402,0.0001725706451027402,0.9172769666799938,1.0081289901740682
917,118717.9095166254,3264370.526115429,0.00022073915920225678,0.00022073915920225678,0.9183277525839019,1.0127865961675877
918,118747.9095166254,3264136.045039198,0.00027133933993517826,0.00027133933993517826,0.9193500869156609,1.0165671696431118
919,118800.68960795482,3263910.9997857474,0.00032079534237376147,0.00032079534237376147,0.9203497564976327,1.0244689991872136
920,118876.28461421606,3263695.4047794864,0.00037294238622624,0.00037294238622624,0.9213378026492913,1.0320935308950923
921,118944.80855266543,3263476.880841037,0.00043641005913821053,0.00043641005913821053,0.9223282351206004,1.0454525811815727
922,119047.9095166254,3263272.6791755003,0.0005182030344429805,0.0005182030344429805,0.923317532836577,1.0604630645703554
923,119166.7092433066,3263074.9801503955,0.0006256590523467958,0.0006256590523467958,0.9243150220244646,1.1133348594877692
924,119317.9095166254,3262902.417599889,0.0007687427636510918,0.0007687427636510918,0.9253072573594257,1.1544395987362577
925,119488.10740863084,3262743.5819850713,0.0009391773330696311,0.0009391773330696311,0.9263140576230415,1.1911867528681563
926,119683.19988957515,3262618.4895041273,0.001067852635717257,0.001067852635717257,0.9273163253926535,1.1903742556692771
927,119899.16163191342,3262543.779877077,0.0010485949917011688,0.0010485949917011688,0.9283046099418094,1.1704036953756765
928,120125.35843689708,3262593.779877077,0.0008864016788952118,0.0008864016788952118,0.9293064651219403,1.1602872604686199
929,120347.41310625701,3262653.779877077,0.000718213032826655,0.000718213032826655,0.9303012317539927,1.1653099678867307
930,120557.04136874576,3262743.779877077,0.0006567677725023386,0.0006567677725023386,0.9312878400714876,1.1710023636897664
931,120766.66963123452,3262833.779877077,0.0007230431933625349,0.0007230431933625349,0.9322744483889825,1.1342158061599072
932,120979.69885933072,3262915.569219782,0.0008463860382034105,0.0008463860382034105,0.9332613120284367,1.1225399801064015
933,121144.79134027503,3263070.6617007265,0.0008901545287435889,0.0008901545287435889,0.9342409306805031,1.1238033130105358
934,121247.9095166254,3263268.998372281,0.0007828783874425739,0.0007828783874425739,0.9352076881279309,1.1125416743544256
935,121291.83921717378,3263497.709577625,0.0005995799360536698,0.0005995799360536698,0.9362148836237365,1.103011801383341
936,121377.9095166254,3263708.965575377,0.0004384889445056155,0.0004384889445056155,0.9372014273386872,1.0791347549510606
937,121387.9095166254,3263951.730922856,0.00033435693506715024,0.00033435693506715024,0.9382522132425972,1.0392498580578455
938,121417.9095166254,3264186.2119990867,0.0002789190457586455,0.0002789190457586455,0.9392745475743542,1.0196365918200916
939,121437.9095166254,3264416.550939694,0.0002516994071080732,0.0002516994071080732,0.9402744502815744,1.015793658509852
940,121427.9095166254,3264651.0320159253,0.0002364030867698734,0.0002364030867698734,0.9412894403437836,1.0172416371676432
941,121407.9095166254,3264889.6552277803,0.00022719924457764327,0.00022719924457764327,0.9423250406624982,1.0106061207576473
942,121377.65748472307,3265124.031908979,0.0002239769094482414,0.0002239769094482414,0.9433470661236342,1.0155220009908807
943,121347.9095166254,3265358.6173802423,0.00022202631935073374,0.00022202631935073374,0.9443697105937777,1.0131649069477529
944,121287.9095166254,3265580.6720496025,0.0002074886327839368,0.0002074886327839368,0.9453644772258313,1.0086767122639864
945,121227.9095166254,3265802.726718962,0.00016481189123312154,0.00016481189123312154,0.9463592438578827,1.0068984185006684
946,121157.9095166254,3266014.7813883224,9.229800303255918e-05,9.229800303255918e-05,0.9473249985348761,1.0053885100818039
947,121053.32206372368,3266218.3673299784,1.0365607971665198e-05,1.0365607971665198e-05,0.9483148409805437,1.0041874187774815
948,120967.9095166254,3266429.895777676,-5.038506426321619e-05,5.038506426321619e-05,0.9493014073918282,1.0028396543335771
949,120907.9095166254,3266651.950447036,-7.333458047820912e-05,7.333458047820912e-05,0.9502961740238817,1.0027566143259794
950,120833.60811275183,3266868.0812809505,-7.032149256055093e-05,7.032149256055093e-05,0.9512845743256017,1.0052590542352728
951,120787.9095166254,3267096.059785756,-7.21470104058254e-05,7.21470104058254e-05,0.9522901336740552,1.005907475053585
952,120724.84450710056,3267316.844886602,-0.00010323696370656764,0.00010323696370656764,0.9532831594356137,1.0053248307086902
953,120642.17843302745,3267529.510960675,-0.00016439748310559686,0.00016439748310559686,0.9542699244259476,1.0108332198681844
954,120577.9095166254,3267749.7973869643,-0.00024025982377091654,0.00024025982377091654,0.9552623222953546,1.0162888662553198
955,120557.9095166254,3267988.4205988194,-0.00031904501608131776,0.00031904501608131776,0.9562979226140691,1.0356872724869455
956,120517.9095166254,3268218.759539427,-0.0003963158414105684,0.0003963158414105684,0.957308986120072,1.0450955936216075
957,120497.9095166254,3268457.3827512814,-0.0004618959462193307,0.0004618959462193307,0.9583445864387845,1.04316845042991
958,120533.62573279724,3268689.4960932485,-0.0005016428759097318,0.0005016428759097318,0.9593602293153267,1.050530169319172
959,120573.86539999915,3268919.735760451,-0.0005284305048397311,0.0005284305048397311,0.9603710477547133,1.0904733919701044
960,120694.81574531973,3269110.686105771,-0.0005995260031897326,0.0005995260031897326,0.9613485813490307,1.1302286615540227
961,120787.30466139852,3269313.779877077,-0.0007790078748266097,0.0007790078748266097,0.9623136976560863,1.194623432995943
962,120847.9095166254,3269535.2296912097,-0.0010634519453388608,0.0010634519453388608,0.9633066265317838,1.2287080255515368
963,120996.56118637603,3269703.779877077,-0.0013025828864509476,0.0013025828864509476,0.964278552020347,1.240415393431863
964,121214.47372011223,3269773.779877077,-0.0012861424270466427,0.0012861424270466427,0.9652683954241442,1.2323163301778663
965,121432.38625384841,3269823.779877077,-0.001042765645007043,0.001042765645007043,0.9662352987210212,1.2306704559939976
966,121655.45685069902,3269766.2325430033,-0.0007762481782840773,0.0007762481782840773,0.9672316050626512,1.2019499056831717
967,121876.90972133652,3269704.7796723656,-0.000601042833046184,0.000601042833046184,0.9682255210517503,1.1198727036978193
968,122101.29152416215,3269650.39786954,-0.0005267152632467441,0.0005267152632467441,0.9692240062731257,1.0754249459131922
969,122308.09973385901,3269553.589659843,-0.000517032135610054,0.000517032135610054,0.970211537910639,1.0598331063438127
970,122513.66465128199,3269453.779877077,-0.0005232879887746642,0.0005232879887746642,0.9711998028294431,1.0559026252297499
971,122687.07149231202,3269304.6179013904,-0.00051226419673169,0.00051226419673169,0.9721890163977606,1.0562285685629
972,122847.9095166254,3269141.9053024324,-0.0004777708284113299,0.0004777708284113299,0.9731784665850756,1.0572001825673398
973,122995.54072544814,3268956.1486682543,-0.00042467533022981193,0.00042467533022981193,0.9742046276507021,1.04051154859699
974,123141.84640982805,3268769.842983874,-0.00035560609410897323,0.00035560609410897323,0.9752290982774643,1.0328741141643192
975,123210.37034827743,3268551.319045425,-0.00027836986061325096,0.00027836986061325096,0.9762195307487713,1.0241782795541015
976,123317.9095166254,3268348.9557443387,-0.00021013839871735992,0.00021013839871735992,0.9772105988076664,1.0182250250083735
977,123387.9095166254,3268131.0432106024,-0.0001615336967904213,0.0001615336967904213,0.9782004422114642,1.0123614537615293
978,123493.7239095561,3267927.965484146,-0.00012264520504600462,0.00012264520504600462,0.9791907708806652,1.0088509526182015
979,123567.9095166254,3267711.7866856246,-7.488141525939769e-05,7.488141525939769e-05,0.9801792046869493,1.004267051845765
980,123607.9095166254,3267481.4477450172,-1.4428353495223302e-05,1.4428353495223302e-05,0.9811902681929522,1.004297373214906
981,123677.9095166254,3267263.5352112814,4.370132214366184e-05,4.370132214366184e-05,0.982180111596748,1.0033432773788526
982,123757.9095166254,3267049.764813169,8.248367574319243e-05,8.248367574319243e-05,0.9831672294910964,1.0044994812079011
983,123822.20146617922,3266829.487927523,9.740359358808963e-05,9.740359358808963e-05,0.9841596156557959,1.003874825386506
984,123917.9095166254,3266622.224016944,9.63931463064762e-05,9.63931463064762e-05,0.9851469284659865,1.0041204581309162
985,124007.9095166254,3266412.595754455,9.243234262927372e-05,9.243234262927372e-05,0.9861335367834827,1.0025557562666594
986,124087.9095166254,3266198.8253563424,9.924296166234119e-05,9.924296166234119e-05,0.987120654677831,1.0036798526828572
987,124197.9095166254,3266003.3392294776,0.0001302501164781161,0.0001302501164781161,0.9880907343180448,1.007235235318017
988,124287.9095166254,3265793.710966989,0.00019398976356266285,0.00019398976356266285,0.9890773426355394,1.0149312996781366
989,124384.76645311278,3265586.9229405895,0.00028408812433421143,0.00028408812433421143,0.9900648845850203,1.029895198316069
990,124495.71679843336,3265385.972595269,0.00037010951437260866,0.00037010951437260866,0.9910576067249174,1.0410832655473004
991,124623.73821156581,3265197.9511821363,0.0004000981004927085,0.0004000981004927085,0.9920413438315699,1.0382494729232588
992,124780.04389594574,3265021.6454977565,0.0003300914475583246,0.0003300914475583246,0.9930603227668101,1.0368208934862702
993,124969.84556917759,3264883.779877077,0.0001706113684822767,0.0001706113684822767,0.9940748541616001,1.0338705379671076
994,125176.08672221063,3264785.6026714914,-3.3721391695961015e-06,3.3721391695961015e-06,0.9950626955229591,1.0291949785136532
995,125377.9095166254,3264698.4451639233,-0.00010294814760287024,0.00010294814760287024,0.9960134376333051,1.0291949785136532
996,125478.48993816871,3264493.1994555336,-0.0001036435896900376,0.0001036435896900376,0.997001922951842,1.0291949785136532
997,125609.4402834893,3264312.249110213,-5.568447197411004e-05,5.568447197411004e-05,0.9979679084272803,1.0291949785136532
998,125798.67490005735,3264173.0144936447,-3.5232167664480284e-06,3.5232167664480284e-06,0.9989839542136407,1.0291949785136532
999,125987.9095166254,3264033.779877077,4.295325370632567e-05,4.295325370632567e-05,1.0,1.0291949785136532
