node_id,201601,201602,201603,201604,201605,201606,201607,201608,201609,201610,201611,201612,201701,201702,201703,201704,201705,201706,201707,201708,201709,201710,201711,201712,201801,201802,201803,201804,201805,201806,201807,201808,201809,201810,201811,201812,201901,201902,201903,201904,201905,201906,201907,201908,201909,201910,201911,201912,202001,202002,202003,202004,202005,202006,202007,202008,202009,202010,202011,202012,202101,202102,202103,202104,202105,202106,202107,202108,202109,202110,202111,202112,202201,202202,202203,202204,202205,202206,202207,202208,202209,202210,202211,202212,202301,202302,202303,202304,202305,202306,202307,202308,202309,202310,202311,202312,202401,202402,202403,202404,202405,202406,202407,202408,202409,202410,202411,202412
0,,,2.0,,2.0,,2.0,2.0,0.0,,2.0,2.0,,,,,,,,,,,,,,2.0,2.0,,,,,,,,,,,,,,,2.0,,,,,,,,,,,2.0,,,,,,,,,,,0.0,,,,,2.0,,,,,2.0,,2.0,2.0,,,,,,,,2.0,,,,,,,2.0,2.0,,,0.4405078887939453,,2.0,,,,,0.0,2.0,,2.0,,
1,9.0,9.0,2.0,0.007381439208984375,9.0,,2.0,2.0,0.0,,0.0,0.0,0.0,2.0,0.0,0.0,0.0,2.2303810119628906,0.0,,2.0,0.0,0.0,0.0,,2.0,2.0,2.0,2.0,0.0,1.9190635681152344,2.0,0.0,2.0,2.0,2.0,2.0,2.0,0.0,2.0,0.5985240936279297,0.0,2.0,0.0,0.9023056030273438,0.3897819519042969,11.934158325195312,0.0,0.46076393127441406,0.0,2.0,,2.0,2.0,2.0,0.0,3.23443603515625,,,2.0,,0.0,,0.0,,2.0,2.0,,0.0,,,0.4203376770019531,0.0,2.0,2.0,2.0,2.0,2.0,,,,0.0,2.0,0.0,2.0,2.0,0.06808090209960938,2.0,1.9896583557128906,0.0,0.0,0.0,0.0,0.0,1.9177703857421875,0.0,0.0,2.0,0.0,0.0,2.0,0.8617229461669922,0.0,2.0,0.0,0.0,,0.0
2,0.0,0.0,0.0,0.007381439208984375,9.0,0.0,0.0,0.0,0.0,,0.0,0.0,0.0,0.0,0.0,0.0,0.0,0.0,0.0,0.36003875732421875,0.0,0.0,0.0,0.0,0.0,0.0,0.0,0.0,0.0,0.0,0.1580944061279297,0.0,0.0,0.0,0.0,0.0,0.0,0.0,0.0,0.0,0.0,0.0,0.0,0.0,0.0,0.0,0.12100410461425781,0.0,0.46076393127441406,0.0,0.0,,0.0,0.0,0.0,0.0,3.23443603515625,0.5454254150390625,1.0755596160888672,0.0,1.4056053161621094,0.0,,0.0,0.2753334045410156,0.0,0.0,,0.0,,0.0,0.4203376770019531,0.0,0.0,0.0,0.0,0.0,0.0,,0.03687858581542969,0.9885063171386719,0.0,0.0,0.0,0.0,0.0,0.0,0.0,0.0,0.0,0.0,0.0,0.0,0.0,0.0,0.0,0.0,0.0,0.0,0.0,0.0,0.0,0.0,0.0,0.0,0.0,,0.0
3,0.0,0.0,0.0,0.0,0.0,0.0,0.0,0.0,0.0,0.0,0.0,0.0,0.0,0.0,0.0,0.0,0.0,0.0,0.0,0.36003875732421875,0.0,0.0,0.0,0.0,0.0,0.0,0.0,0.0,0.0,0.0,0.0,0.0,0.0,0.0,0.0,0.0,0.0,0.0,0.0,0.0,0.0,0.0,0.0,0.0,0.0,0.0,0.0,0.0,0.0,0.0,0.0,0.0,0.0,0.0,0.0,0.0,0.0,0.5454254150390625,0.0,0.0,0.0,0.0,0.0,0.0,0.2753334045410156,0.0,0.0,0.0,0.0,0.0,0.0,0.4203376770019531,0.0,0.0,0.0,0.0,0.0,0.0,,0.0,0.0,0.0,0.0,0.0,0.0,0.0,0.0,0.0,0.0,0.0,0.0,0.0,0.0,0.0,0.0,0.0,0.0,0.0,0.0,0.0,0.0,0.0,0.0,0.0,0.0,0.0,0.0,0.0
4,0.0,0.0,0.0,0.0,0.0,0.0,0.0,0.0,0.0,0.0,0.0,0.0,0.0,0.0,0.0,0.0,0.0,0.0,0.0,0.0,0.0,0.0,0.0,0.0,0.0,0.0,0.0,0.0,0.0,0.0,0.0,0.0,0.0,0.0,0.0,0.0,0.0,0.0,0.0,0.0,0.0,0.0,0.0,0.0,0.0,0.0,0.0,0.0,0.0,0.0,0.0,0.0,0.0,0.0,0.0,0.0,0.0,0.0,0.0,0.0,0.0,0.0,0.0,0.0,0.0,0.0,0.0,0.0,0.0,0.0,0.0,0.0,0.0,0.0,0.0,0.0,0.0,0.0,0.0,0.0,0.0,0.0,0.0,0.0,0.0,0.0,0.0,0.0,0.0,0.0,0.0,0.0,0.0,0.0,0.0,0.0,0.0,0.0,0.0,0.0,0.0,0.0,0.0,0.0,0.0,0.0,0.0,0.0
5,0.0,0.0,0.0,0.0,0.0,0.0,0.0,0.0,0.0,0.0,0.0,0.0,0.0,0.0,0.0,0.0,0.0,0.0,0.0,0.0,0.0,0.0,0.0,0.0,0.0,0.0,0.0,0.0,0.0,0.0,0.0,0.0,0.0,0.0,0.0,0.0,0.0,0.0,0.0,0.0,0.0,0.0,0.0,0.0,0.0,0.0,0.0,0.0,0.0,0.0,0.0,0.0,0.0,0.0,0.0,0.0,0.0,0.0,0.0,0.0,0.0,0.0,0.0,0.0,0.0,0.0,0.0,0.0,0.0,0.0,0.0,0.0,0.0,0.0,0.0,0.0,0.0,0.0,0.0,0.0,0.0,0.0,0.0,0.0,0.0,0.0,0.0,0.0,0.0,0.0,0.0,0.0,0.0,0.0,0.0,0.0,0.0,0.0,0.0,0.0,6.0,0.0,0.0,0.0,0.0,0.0,0.0,0.0
6,0.0,2.7481422424316406,0.0,0.5699367523193359,0.0,0.0,0.0,0.0,0.0,0.0,0.0,0.0,0.0,0.0,0.0,0.0,0.0,0.0,0.0,0.0,0.0,0.0,0.0,0.0,0.0,0.0,0.0,0.0,0.0,0.0,0.0,0.0,0.0,0.0,0.0,0.0,0.0,0.0,0.0,0.0,0.0,0.0,0.0,0.0,0.0,0.0,0.0,0.0,0.0,0.0,0.0,0.0,0.0,0.0,0.0,0.0,0.0,0.0,0.0,0.0,0.0,0.0,0.0,0.0,0.0,0.0,0.0,0.0,0.0,0.0,0.0,0.2730426788330078,0.0,0.0,0.0,0.0,0.0,0.0,0.0,0.0,0.0,0.0,0.0,0.0,0.0,0.0,0.0,0.0,0.0,0.0,0.0,0.0,0.0,0.0,0.21759414672851562,0.0,0.0,0.0,0.0,0.0,6.0,0.0,0.0,0.0,0.0,0.0,0.0,2.5613250732421875
7,0.0,6.0,0.0,0.5699367523193359,0.0,0.0,0.0,0.0,0.0,0.0,0.0,0.0,0.0,0.0,0.0,0.0,0.0,0.0,0.0,0.0,0.0,0.0,0.0,0.0,,0.0,0.0,0.0,0.0,0.0,0.0,0.0,0.0,0.0,0.0,0.0,0.0,0.0,0.0,0.0,0.0,0.0,0.0,0.0,,0.0,0.0,0.0,0.0,0.0,0.0,0.0,0.0,0.0,0.0,0.0,0.0,0.0,0.0,0.0,0.0,0.0,0.0,0.0,0.0,0.0,0.0,0.0,0.0,0.0,0.0,0.2730426788330078,0.0,0.0,0.0,0.0,0.0,0.0,0.0,0.0,0.0,0.0,0.0,0.0,0.0,0.0,0.0,0.0,0.0,0.0,0.0,0.0,0.0,0.0,0.21759414672851562,0.0,0.0,0.0,,0.0,6.0,0.0,0.0,0.0,0.0,0.0,0.0,2.5613250732421875
8,0.0,,0.0,,0.0,0.0,0.0,0.0,0.0,0.0,0.0,0.0,0.0,0.0,0.0,0.0,0.0,2.689544677734375,0.0,0.0,0.0,0.0,0.0,0.0,,0.0,0.0,0.0,0.0,0.0,0.0,0.0,0.0,0.0,0.0,0.0,0.0,0.0,0.0,0.0,0.0,0.0,0.0,0.0,,0.0,0.0,0.0,,0.0,0.0,0.0,0.0,0.0,0.0,0.0,1.2788867950439453,0.0,0.0,0.0,0.0,0.0,0.0,0.0,0.0,0.0,0.0,0.12118339538574219,0.0,0.0,0.0,0.2730426788330078,0.0,0.0,0.0,0.0,0.0,0.0,0.0,0.0,0.0,0.0,0.0,0.0,0.0,0.0,0.9180984497070312,0.0,0.0,0.0,0.0,0.0,0.0,0.0,,0.0,0.0,0.0,,0.0,0.0,0.0,0.0,0.0,0.0,0.0,0.0,
9,0.0,,0.0,,0.0,0.0,0.0,0.0,0.0,0.0,0.0,0.0,0.0,0.0,0.0,0.0,0.0,2.689544677734375,0.0,0.0,0.0,0.0,0.0,0.0,,0.0,0.0,0.0,0.0,0.0,0.0,0.0,0.0,0.0,0.0,0.0,0.0,0.0,0.0,0.0,0.0,0.0,0.0,0.0,,0.0,0.0,0.0,,0.0,0.0,0.0,0.0,0.0,0.0,0.0,1.2788867950439453,0.0,0.0,0.0,0.07641983032226562,0.1885528564453125,,0.0,0.0,0.0,0.0,0.12118339538574219,0.0,0.0,0.11738395690917969,,0.0,0.0,0.0,0.0,0.0,0.0,0.0,1.779031753540039,0.0,0.0,0.0,0.0,0.0,0.0,0.9180984497070312,0.0,0.0,0.0,0.0,0.0,0.0,0.0,,0.0,0.0,0.0,,0.0,0.0,0.0,0.0,0.0,0.0,0.0,0.0,
10,0.0,,0.0,,0.0,0.0,0.0,0.0,0.0,0.0,0.0,0.0,0.0,0.0,0.0,0.0,0.0,,0.0,1.3821887969970703,0.0,0.0,0.0,0.0,,0.0,0.0,0.0,0.0,0.0,0.0,0.0,0.0,0.0,0.0,0.0,0.0,0.0,0.0,0.0,0.0,0.0,0.0,0.0,,0.0,0.0,0.0,,0.0,0.0,0.8186893463134766,0.0,0.0,0.0,0.0,,1.9388618469238281,0.0,0.0,0.07641983032226562,0.0,,0.0,0.0,0.0,0.0,3.8565673828125,0.0,1.4016151428222656,0.11738395690917969,,0.0,0.0,0.0,0.0,0.0,0.0,0.0,1.779031753540039,0.0,0.0,0.0,0.0,0.0,0.0,,0.0,0.0,0.0,0.0,0.0,0.0,0.0,,1.4959697723388672,0.0,0.0,,0.0,0.0,0.0,0.0,0.0,0.0,0.0,0.8375263214111328,
11,0.0,,0.0,,0.0,0.0,0.0,0.0,0.0,1.2058906555175781,0.0,0.0,0.0,0.0,0.0,0.0,0.0,,0.0,1.3821887969970703,0.0,0.0,0.0,0.0,,0.0,0.0,0.0,0.0,0.0,0.0,0.0,0.0,0.0,0.0,0.0,0.0,0.0,0.0,0.0,0.0,0.0,0.0,0.0,,0.0,0.0,0.0,,0.0,0.0,0.8186893463134766,0.0,0.0,0.0,0.0,,1.9388618469238281,0.0,0.0,0.0,0.0,,0.0,0.0,0.0,0.0,3.8565673828125,0.0,1.4016151428222656,0.0,,0.0,0.0,0.0,0.0,0.0,0.0,0.0,,0.0,0.0,0.0,0.0,0.0,0.0,,0.0,0.0,0.0,0.0,0.0,0.0,0.0,,0.0,0.0,0.0,,0.0,0.0,0.0,0.0,0.0,0.0,0.0,0.8375263214111328,
12,0.0,0.0,0.0,,0.0,0.0,0.0,0.0,0.0,1.2058906555175781,0.0,0.0,0.0,0.0,0.0,0.0,0.0,,0.0,0.0,0.0,0.0,0.0,0.0,,0.0,0.0,0.0,0.0,0.0,0.0,0.0,0.0,0.0,0.0,0.0,0.0,0.0,0.0,0.0,0.0,0.0,0.0,0.0,,0.0,0.0,0.0,,0.0,0.0,0.0,0.0,0.0,0.0,0.0,,0.0,0.0,0.0,0.0,0.0,,0.0,0.0,0.0,0.0,,0.0,1.4016151428222656,0.0,,0.0,0.0,0.0,0.0,0.0,0.0,0.0,,0.0,0.0,0.0,0.0,0.0,0.0,,0.0,0.0,0.0,0.0,0.0,0.0,0.0,,0.0,0.0,0.0,,0.0,0.0,0.0,0.0,0.0,0.0,0.0,0.0,
13,0.0,0.0,0.0,,0.0,0.0,0.0,0.0,0.0,1.2058906555175781,0.0,0.0,0.0,0.0,0.0,0.0,0.0,,0.0,0.0,0.0,0.0,0.0,0.0,,0.0,0.0,0.0,0.0,0.0,0.0,0.0,0.0,0.0,0.0,0.0,0.0,0.0,0.0,0.0,0.0,0.0,0.0,0.0,,0.0,0.0,0.0,,0.0,0.0,0.0,0.0,0.0,0.0,0.0,,0.0,0.0,0.0,0.0,0.0,,0.0,0.0,0.0,0.0,,0.0,,0.0,,0.0,0.0,0.0,0.0,0.0,0.0,0.0,,0.0,0.0,0.0,0.0,0.0,0.0,,0.0,0.0,0.0,0.0,0.0,0.0,0.0,,0.0,0.0,0.0,,0.0,0.0,0.0,0.0,0.0,0.0,0.0,0.0,
14,0.0,0.0,0.0,,0.0,0.0,0.0,0.0,0.0,,0.0,0.0,0.0,0.0,0.0,0.0,0.0,,0.0,,0.0,0.0,0.0,0.0,,0.0,0.0,0.0,0.0,0.0,0.0,0.0,0.0,0.0,0.0,0.0,0.0,0.0,0.0,0.0,0.0,0.0,0.0,0.0,,0.0,0.0,0.0,,0.0,0.0,0.0,0.0,0.0,0.0,0.0,,0.0,0.0,0.0,0.0,0.0,,0.0,0.0,0.0,0.0,,0.0,,0.0,,0.0,0.0,0.0,0.0,0.0,0.0,0.0,,0.0,0.0,0.0,0.0,0.0,0.0,,0.0,0.0,0.0,0.0,0.0,0.0,0.0,,0.0,0.0,0.0,,0.0,0.0,0.0,0.0,0.0,0.0,0.0,0.0,
15,0.0,0.0,0.0,,0.0,0.0,0.0,0.0,0.0,,0.0,0.0,0.0,0.0,0.0,0.0,0.0,,0.0,,0.0,0.0,0.0,0.0,,0.0,0.0,0.0,0.0,0.0,0.0,0.0,0.0,0.0,0.0,0.0,0.0,0.0,0.0,0.0,0.0,0.0,0.0,0.0,,0.0,0.0,0.0,,0.0,0.0,0.0,0.0,0.0,0.0,0.0,,0.12916183471679688,0.0,0.0,0.0,0.0,,0.0,0.0,0.0,0.0,,0.0,,0.0,,0.0,0.0,0.0,0.0,0.0,0.0,0.0,,0.0,0.0,0.0,0.0,0.0,0.0,,0.0,0.0,0.0,0.0,0.0,0.0,0.0,,0.0,0.0,0.0,,0.0,0.0,0.0,0.0,0.0,0.0,0.0,0.0,
16,0.0,0.0,0.0,,0.0,0.0,0.0,0.0,0.0,,0.0,0.0,0.0,0.0,0.0,0.0,0.0,,0.0,,0.0,0.0,0.0,0.0,,0.0,0.0,0.0,0.0,0.0,0.0,0.0,0.0,0.0,0.0,0.0,0.0,0.0,0.0,0.0,0.0,0.0,0.0,0.0,,0.0,0.0,0.0,,0.0,0.0,1.984292984008789,0.0,0.0,0.0,0.0,,0.12916183471679688,0.0,0.0,0.0,0.0,,0.0,0.0,0.0,0.0,,0.0,,0.0,,0.0,0.0,0.0,0.0,0.0,0.0,0.0,,0.0,0.0,0.0,0.0,0.0,0.0,,0.0,0.0,0.0,0.0,0.0,0.0,0.0,,0.0,0.0,0.0,,0.0,0.0,0.0,0.0,0.0,0.0,0.0,0.0,
17,0.0,0.0,0.0,,0.0,0.0,0.0,0.0,0.0,,0.0,0.0,0.0,0.0,0.0,0.0,0.0,,0.0,,0.0,0.0,0.0,0.0,,0.0,0.0,0.0,0.0,0.0,0.0,0.0,0.0,0.0,0.0,0.0,0.0,0.0,0.0,0.0,0.0,0.0,0.0,0.0,,0.0,0.0,0.0,,0.0,0.0,1.984292984008789,0.0,0.0,0.0,0.0,,5.960426330566406,0.0,0.0,0.0,0.0,,0.0,0.0,0.0,0.0,,0.0,,0.0,,0.0,0.0,0.0,0.0,0.0,0.0,0.0,,0.0,0.0,0.0,0.0,0.0,0.0,,0.0,0.0,0.0,0.0,0.0,0.0,0.0,,0.0,0.0,0.0,,0.0,0.0,0.0,0.0,0.0,0.0,0.0,0.0,
18,0.0,0.0,0.0,,0.0,0.0,0.0,0.0,0.0,,0.0,0.0,0.0,0.0,0.0,0.0,0.0,,0.0,,0.0,0.0,0.0,0.0,,0.0,0.0,0.0,0.0,0.0,0.0,,0.0,0.0,0.0,0.0,0.0,0.0,0.0,0.0,,0.0,0.0,0.0,,0.0,0.0,0.0,,0.0,0.0,3.6171493530273438,0.0,0.0,0.0,0.0,,5.960426330566406,0.0,0.0,0.0,0.0,,0.0,0.0,0.0,0.0,,0.0,,0.0,,0.0,0.0,0.0,0.0,0.0,0.0,0.0,,0.0,0.0,0.0,0.0,0.0,0.0,,0.0,0.0,0.0,0.0,0.0,,0.0,,0.0,0.0,0.0,,0.0,0.0,0.0,0.0,0.0,0.0,0.0,0.0,
19,0.0,0.0,0.0,,0.0,0.0,0.0,0.0,0.0,,0.0,0.0,0.0,0.0,,0.0,,,0.0,,0.0,0.0,0.0,0.0,,0.0,,0.0,0.0,0.0,0.0,,0.0,0.0,0.0,0.0,0.0,,0.0,0.0,,0.0,0.0,0.0,,0.0,0.0,0.0,,0.0,0.0,3.6171493530273438,0.0,0.0,0.0,0.0,,4.470760345458984,0.0,0.0,0.0,0.0,,0.0,0.0,0.0,0.0,,0.0,,0.0,,0.0,0.0,0.0,0.0,0.0,,0.0,,0.0,0.0,0.0,0.0,0.0,0.0,,0.0,0.0,0.0,0.0,0.0,,0.0,,0.0,0.0,0.0,,0.0,0.0,0.0,0.0,0.0,0.0,0.0,0.0,
20,0.0,0.0,0.0,,0.0,0.0,0.0,0.0,0.0,,0.0,0.0,0.0,0.0,0.0,0.0,0.0,,0.0,,0.0,0.0,0.0,0.0,,0.0,0.0,0.0,0.0,0.0,0.0,,0.0,0.0,0.0,0.0,0.0,0.0,0.0,0.0,0.0,0.0,0.0,0.0,,0.0,0.0,0.0,,0.0,0.0,6.607280731201172,0.0,,0.0,0.0,,4.470760345458984,0.0,0.0,0.0,0.0,,0.0,0.0,0.0,0.0,,0.0,,0.0,,0.0,0.0,0.0,0.0,0.0,,0.0,,0.0,0.0,0.0,1.192739486694336,0.0,0.0,,0.0,0.0,0.0,0.0,0.0,,0.0,,0.0,,0.0,,0.0,0.0,0.0,0.0,0.0,0.0,0.0,0.0,
21,0.0,0.0,0.0,,0.0,0.0,,0.0,,,0.0,0.0,0.0,0.0,0.0,0.0,0.0,,0.0,,0.0,0.0,0.0,0.0,,0.0,0.0,0.0,0.0,0.0,0.0,,0.0,,0.0,0.0,0.0,0.0,0.0,0.0,0.0,0.0,0.0,0.0,,0.0,0.0,0.0,,0.0,0.0,6.607280731201172,0.0,,0.0,0.0,,5.485527038574219,0.0,0.0,0.0,0.0,,0.0,0.0,0.0,0.0,,0.0,,0.0,,0.0,0.0,0.0,0.0,0.0,0.0,0.0,,0.0,0.0,0.0,1.192739486694336,0.0,0.0,,0.0,0.0,0.0,0.0,0.0,0.0,0.0,,0.0,,0.0,,0.0,0.0,0.0,,0.0,0.0,0.0,0.0,
22,0.0,0.0,0.0,,0.0,0.0,0.0,0.0,0.0,,0.0,0.0,0.0,0.0,0.0,0.0,0.0,,0.0,,0.0,0.0,0.0,0.0,,0.0,0.0,0.0,0.0,0.0,0.0,0.0,0.0,0.0,0.0,0.0,0.0,0.0,0.0,0.0,0.0,0.0,0.0,0.0,,0.0,0.0,0.0,,0.0,0.0,,0.0,0.0,0.0,0.0,,5.485527038574219,0.0,0.0,0.0,0.0,,0.0,0.0,0.0,0.0,,0.0,,1.1582679748535156,,0.0,0.0,0.0,0.0,0.0,0.0,0.0,,0.0,0.0,0.0,,0.0,0.0,,0.0,0.0,0.0,0.0,0.0,0.0,0.0,,0.0,0.0,0.0,,0.0,0.0,0.0,0.0,0.0,0.0,0.0,0.0,
23,0.0,0.0,0.0,,0.0,0.0,0.0,0.0,0.0,,0.0,0.0,0.0,0.0,0.0,0.0,0.0,,0.0,,0.0,0.0,0.0,0.0,,0.0,0.0,0.0,0.0,0.0,0.0,0.0,0.0,0.0,0.0,0.0,0.0,0.0,0.0,0.0,0.0,0.0,0.0,0.0,,0.0,0.0,0.0,,0.0,0.0,,0.0,0.0,0.0,0.0,,0.0,0.0,0.0,0.0,0.0,,0.0,0.0,0.0,0.0,,0.0,,1.1582679748535156,,0.0,0.0,0.0,0.0,0.0,0.0,0.0,,0.0,0.0,0.0,,0.0,0.0,,0.0,,0.0,0.0,0.0,0.0,0.0,,0.0,0.0,0.0,,0.0,0.0,0.0,0.0,0.0,0.0,0.0,0.0,
24,0.0,0.0,0.0,,0.0,0.0,0.0,0.0,0.0,,0.0,0.0,0.0,0.0,0.0,0.0,0.0,0.0,0.0,,0.0,0.0,0.0,0.0,,0.0,0.0,0.0,0.0,0.0,0.0,0.0,0.0,0.0,0.0,0.0,0.0,0.0,0.0,0.0,0.0,0.0,0.0,0.0,,0.0,0.0,0.0,,0.0,0.0,0.4541759490966797,0.0,0.0,0.0,0.0,,0.0,1.7424087524414062,0.0,0.0,0.0,,0.0,0.0,0.0,0.0,,0.0,,0.0,,0.0,0.0,0.0,0.0,0.0,0.0,0.0,,0.0,0.0,0.0,,0.0,0.0,,0.0,,0.0,0.0,0.0,0.0,0.0,,0.0,0.0,0.0,,0.0,0.0,0.0,0.0,0.0,0.0,0.0,0.0,
25,0.0,0.0,0.0,,0.0,0.0,0.0,0.0,0.0,,0.0,0.0,0.0,0.0,0.0,0.0,0.0,0.0,0.0,,0.0,0.0,0.0,0.0,,0.0,0.0,0.0,0.0,0.0,0.0,0.0,0.0,0.0,0.0,0.0,0.0,0.0,0.0,0.0,0.0,0.0,0.0,0.0,,0.0,0.0,0.0,,0.0,0.0,0.4541759490966797,0.0,0.0,0.0,0.0,,0.0,0.0,0.0,0.0,0.0,,0.0,0.0,0.0,0.0,,0.0,,0.0,,0.0,0.0,0.0,0.0,0.0,0.0,,,0.0,0.0,0.0,,0.0,0.0,,0.0,,0.0,0.0,0.0,0.0,0.0,,0.0,,0.0,,0.0,0.0,0.0,0.0,0.0,0.0,0.0,0.0,
26,0.0,0.0,0.0,,0.0,0.0,0.0,0.0,0.0,,0.0,0.0,0.0,0.0,0.0,0.0,0.0,0.0,0.0,0.0,0.0,0.0,0.0,0.0,,0.0,0.0,0.0,0.0,0.0,0.0,0.0,0.0,0.0,0.0,0.0,0.0,0.0,0.0,0.0,0.0,0.0,0.0,0.0,,0.0,0.0,0.0,,0.0,0.0,0.0,0.0,0.0,0.0,0.0,0.0,0.0,0.0,0.0,0.0,0.0,,0.0,0.0,0.0,0.0,,0.0,,0.0,,0.0,0.0,,0.0,0.0,0.0,,,0.0,0.0,0.0,,0.0,0.0,,0.0,,0.0,0.0,0.0,0.0,0.0,,0.0,,0.0,,0.0,0.0,0.0,,0.0,0.0,0.0,0.0,
27,0.0,0.0,0.0,,0.0,0.0,0.0,0.0,0.0,,0.0,0.0,0.0,0.0,0.0,0.0,0.0,0.0,0.0,0.0,0.0,0.0,0.0,0.0,,0.0,0.0,0.0,0.0,0.0,0.0,0.0,0.0,0.0,0.0,0.0,0.0,0.0,0.0,0.0,0.0,0.0,0.0,0.0,,0.0,0.0,0.0,,0.0,0.0,0.0,0.0,0.0,0.0,0.0,0.0,0.0,0.0,0.0,0.0,0.0,,0.0,0.0,0.0,0.0,0.0,0.0,,0.0,,0.0,0.0,,0.0,0.0,0.0,,,0.0,0.0,0.0,,0.0,0.0,,0.0,,0.0,0.0,0.0,0.0,0.0,,0.0,,0.0,,0.0,0.0,0.0,,0.0,0.0,0.0,0.0,0.0
28,0.0,,0.0,0.0,0.0,0.0,0.0,0.0,0.0,,0.0,0.0,0.0,0.0,0.0,0.0,0.0,0.0,0.0,0.0,0.0,0.0,0.0,0.0,,0.0,0.0,0.0,0.0,0.0,0.0,0.0,0.0,0.0,0.0,0.0,0.0,0.0,0.0,0.0,0.0,0.0,0.0,0.0,,0.0,0.0,0.0,,,0.0,0.0,0.0,0.0,0.0,0.0,0.0,0.0,0.0,0.0,0.0,0.0,,0.0,0.0,0.0,0.0,0.0,0.0,,0.0,,0.0,0.0,,0.0,0.0,0.0,,,0.0,0.0,0.0,,0.0,0.0,,0.0,,0.0,0.0,0.0,0.0,0.0,,0.0,,,,0.0,,0.0,,0.0,0.0,0.0,0.0,0.0
29,0.0,,0.0,0.0,0.0,0.0,0.0,0.0,0.0,,0.0,0.0,0.0,0.0,0.0,0.0,0.0,0.0,0.0,0.0,0.0,0.0,0.0,0.0,,0.0,0.0,0.0,0.0,0.0,0.0,0.0,0.0,0.0,0.0,0.0,0.0,0.0,0.0,0.0,0.0,0.0,0.0,0.0,,0.0,0.0,0.0,,,0.0,0.0,0.0,0.0,0.0,0.0,0.0,0.0,0.0,0.0,0.0,0.0,,0.0,0.0,0.0,0.0,0.0,0.0,,0.0,,0.0,0.0,,0.0,0.0,0.0,,0.0,0.0,0.0,0.0,,0.0,0.0,,0.0,,0.0,0.0,0.0,0.0,0.0,,0.0,,,,0.0,0.0,0.0,,0.0,0.0,0.0,0.0,0.0
30,0.0,,0.0,,0.0,0.0,0.0,0.0,0.0,,0.0,0.0,0.0,0.0,0.0,0.0,0.0,0.0,0.0,0.0,0.0,0.0,0.0,0.0,,0.0,0.0,0.0,0.0,0.0,0.0,0.0,0.0,0.0,0.0,0.0,0.0,0.0,0.0,0.0,0.0,0.0,0.0,0.0,,0.0,0.0,0.0,,,0.0,0.0,0.0,0.0,0.0,0.0,0.0,0.0,0.0,0.0,0.0,0.0,,0.0,0.0,0.0,0.0,0.0,0.0,,0.0,,0.0,0.0,,0.0,0.0,0.0,,0.0,0.0,0.0,0.0,,0.0,0.0,,0.0,,0.0,0.0,0.0,0.0,0.0,0.0,0.0,,0.0,,0.0,,0.0,,0.0,0.0,0.0,0.0,0.0
31,0.0,,0.0,,0.0,0.0,0.0,0.0,0.0,,0.0,0.0,0.0,0.0,0.0,0.0,0.0,0.0,0.0,0.0,0.0,0.0,0.0,0.0,,0.0,0.0,0.0,0.0,0.0,0.0,0.0,0.0,0.0,0.0,0.0,0.0,0.0,0.0,0.0,0.0,0.0,0.0,0.0,0.0,0.0,0.0,0.0,,,0.0,0.0,0.0,0.0,0.0,0.0,0.0,0.0,0.0,0.0,0.0,0.0,,0.0,0.0,0.0,0.0,0.0,0.0,,0.0,,,0.0,,0.0,0.0,0.0,,0.0,0.0,0.0,0.0,,0.0,0.0,,0.0,,0.0,0.0,0.0,0.0,0.0,0.0,0.0,,0.0,,0.0,,0.0,,0.0,0.0,0.0,0.0,0.0
32,,,0.0,,0.0,,,0.0,0.0,,0.0,0.0,0.0,0.0,0.0,0.0,0.0,0.0,0.0,0.0,0.0,0.0,0.0,,,0.0,0.0,0.0,0.0,0.0,0.0,0.0,0.0,0.0,0.0,0.0,0.0,0.0,0.0,0.0,0.0,0.0,0.0,0.0,0.0,0.0,0.0,0.0,,,0.0,0.0,0.0,0.0,0.0,0.0,0.0,0.0,0.0,0.0,0.0,0.0,,0.0,0.0,0.0,0.0,0.0,0.0,,0.0,,,0.0,,0.0,0.0,0.0,,0.0,0.0,0.0,0.0,,,0.0,,0.0,,0.0,0.0,0.0,0.0,0.0,,,,,,0.0,,0.0,,0.0,0.0,,0.0,
33,,,,,0.0,,,0.0,0.0,,0.0,,0.0,0.0,0.0,0.0,0.0,0.0,0.0,0.0,0.0,0.0,0.0,,,0.0,0.0,0.0,0.0,0.0,0.0,0.0,0.0,0.0,0.0,0.0,0.0,0.0,0.0,0.0,0.0,0.0,0.0,0.0,0.0,0.0,0.0,0.0,,,0.0,0.0,0.0,0.0,0.0,0.0,0.0,0.0,0.0,0.0,0.0,0.0,,0.0,0.0,0.0,0.0,0.0,0.0,,0.0,0.0,,,,0.0,0.0,0.0,,0.0,0.0,0.0,0.0,,,0.0,,0.0,,0.0,0.0,0.0,0.0,0.0,,,,,,0.0,,0.0,,0.0,0.0,,0.0,
34,,,,,0.0,0.0,,0.0,0.0,,0.0,,0.0,0.0,0.0,0.0,0.0,0.0,0.0,0.0,0.0,0.0,0.0,,,0.0,0.0,0.0,0.0,0.0,0.0,0.0,0.0,0.0,0.0,0.0,0.0,0.0,0.0,0.0,0.0,0.0,0.0,0.0,0.0,0.0,0.0,0.0,,,0.0,0.0,0.0,0.0,0.0,0.0,0.0,0.0,0.0,0.0,0.0,0.0,,0.0,0.0,0.0,0.0,0.0,0.0,0.0,0.0,0.0,0.0,0.0,,0.0,0.0,0.0,,0.0,0.0,0.0,0.0,,,0.0,,0.0,,0.0,0.0,0.0,0.0,0.0,,,,,,0.0,,0.0,,0.0,0.0,,0.0,0.0
35,,,0.0,,0.0,0.0,,0.0,0.0,,0.0,0.0,0.0,0.0,0.0,0.0,0.0,0.0,0.0,0.0,0.0,0.0,0.0,0.0,,0.0,0.0,0.0,0.0,0.0,0.0,0.0,0.0,0.0,0.0,0.0,0.0,0.0,0.0,0.0,0.0,0.0,0.0,0.0,0.0,0.0,0.0,0.0,,,0.0,0.0,0.0,0.0,0.0,0.0,0.0,0.0,0.0,0.0,0.0,0.0,0.0,0.0,0.0,0.0,0.0,0.0,0.0,0.0,0.0,0.0,0.0,0.0,,0.0,0.0,0.0,,0.0,0.0,0.0,0.0,,,0.0,,0.0,,0.0,0.0,0.0,0.0,0.0,,,,0.0,,0.0,,0.0,,0.0,0.0,,0.0,0.0
36,,,0.0,0.0,0.0,0.0,,0.0,0.0,0.0,0.0,0.0,0.0,0.0,0.0,0.0,0.0,0.0,0.0,0.0,0.0,0.0,0.0,0.0,,0.0,0.0,0.0,0.0,0.0,0.0,0.0,0.0,0.0,0.0,0.0,0.0,0.0,0.0,0.0,0.0,0.0,0.0,0.0,0.0,0.0,0.0,0.0,,,0.0,0.0,0.0,0.0,0.0,0.0,0.0,0.0,0.0,0.0,0.0,0.0,0.0,0.0,0.0,0.0,0.0,0.0,0.0,0.0,0.0,0.0,0.0,0.0,,0.0,0.0,0.0,,0.0,0.0,0.0,0.0,,0.0,0.0,,0.0,,0.0,0.0,0.0,0.0,0.0,,,,0.0,,0.0,,0.0,,0.0,0.0,0.0,0.0,0.0
37,0.0,,0.0,0.0,0.0,0.0,0.0,0.0,0.0,0.0,0.0,0.0,0.0,0.0,0.0,0.0,0.0,0.0,0.0,0.0,0.0,0.0,0.0,0.0,,0.0,0.0,0.0,0.0,0.0,0.0,0.0,0.0,0.0,0.0,0.0,0.0,0.0,0.0,0.0,0.0,0.0,0.0,0.0,0.0,0.0,0.0,0.0,,,0.0,0.0,0.0,0.0,0.0,0.0,0.0,0.0,0.0,0.0,0.0,0.0,0.0,0.0,0.0,0.0,0.0,0.0,0.0,0.0,0.0,0.0,0.0,0.0,0.0,0.0,0.0,0.0,,0.0,0.0,0.0,0.0,,0.0,0.0,,0.0,,0.0,0.0,0.0,0.0,0.0,0.0,,,0.0,,0.0,,0.0,,0.0,0.0,0.0,0.0,0.0
38,0.0,0.0,0.0,0.0,0.0,0.0,0.0,0.0,0.0,0.0,0.0,0.0,0.0,0.0,0.0,0.0,0.0,0.0,0.0,0.0,0.0,0.0,0.0,0.0,,0.0,0.0,0.0,0.0,0.0,0.0,0.0,0.0,0.0,0.0,0.0,0.0,0.0,0.0,0.0,0.0,0.0,0.0,0.0,0.0,0.0,0.0,0.0,,,0.0,0.0,0.0,0.0,0.0,0.0,0.0,0.0,0.0,0.0,0.0,0.0,0.0,0.0,0.0,0.0,0.0,0.0,0.0,0.0,0.0,0.0,0.0,0.0,0.0,0.0,0.0,0.0,0.0,0.0,0.0,0.0,0.0,,0.0,0.0,0.0,0.0,0.0,0.0,0.0,0.0,0.0,0.0,0.0,,,0.0,,0.0,0.0,0.0,,0.0,0.0,0.0,0.0,0.0
39,0.0,0.0,0.0,0.0,0.0,0.0,0.0,0.0,0.0,0.0,0.0,0.0,0.0,0.0,0.0,0.0,0.0,0.0,0.0,0.0,0.0,0.0,0.0,0.0,0.0,0.0,0.0,0.0,0.0,0.0,0.0,0.0,0.0,0.0,0.0,0.0,0.0,0.0,0.0,0.0,0.0,0.0,0.0,0.0,0.0,0.0,0.0,0.0,,0.0,0.0,0.0,0.0,0.0,0.0,0.0,0.0,0.0,0.0,0.0,0.0,0.0,0.0,0.0,0.0,0.0,0.0,0.0,0.0,0.0,0.0,0.0,0.0,0.0,0.0,0.0,0.0,0.0,0.0,0.0,0.0,0.0,0.0,,0.0,0.0,0.0,0.0,0.0,0.0,0.0,0.0,0.0,0.0,0.0,,0.0,0.0,,0.0,0.0,0.0,,0.0,0.0,0.0,0.0,0.0
40,0.0,0.0,0.0,0.0,0.0,0.0,0.0,0.0,0.0,0.0,0.0,0.0,0.0,0.0,0.0,0.0,0.0,0.0,0.0,0.0,0.0,0.0,0.0,0.0,0.0,0.0,0.0,0.0,0.0,0.0,0.0,0.0,0.0,0.0,0.0,0.0,0.0,0.0,0.0,0.0,0.0,0.0,0.0,0.0,0.0,0.0,0.0,0.0,0.0,0.0,0.0,0.0,0.0,0.0,0.0,0.0,0.0,0.0,0.0,0.0,0.0,0.0,0.0,0.0,0.0,0.0,0.0,0.0,0.0,0.0,0.0,0.0,0.0,0.0,0.0,0.0,0.0,0.0,0.0,0.0,0.0,0.0,0.0,,0.0,0.0,0.0,0.0,0.0,0.0,0.0,0.0,0.0,0.0,0.0,0.0,0.0,0.0,0.0,0.0,0.0,0.0,,0.0,0.0,0.0,0.0,0.0
41,0.0,0.0,0.0,0.0,0.0,0.0,0.0,0.0,0.0,0.0,0.0,0.0,0.0,0.0,0.0,0.0,0.0,0.0,0.0,0.0,0.0,0.0,0.0,0.0,0.0,0.0,0.0,0.0,0.0,0.0,0.0,0.0,0.0,0.0,0.0,0.0,0.0,0.0,0.0,0.0,0.0,0.0,0.0,0.0,0.0,0.0,0.0,0.0,0.0,0.0,0.0,0.0,0.0,0.0,0.0,0.0,0.0,0.0,0.0,0.0,0.0,0.0,0.0,0.0,0.0,0.0,0.0,0.0,0.0,0.0,0.0,0.0,0.0,0.0,0.0,0.0,0.0,0.0,0.0,0.0,0.0,0.0,0.0,0.0,0.0,0.0,0.0,0.0,0.0,0.0,0.0,0.0,0.0,0.0,0.0,0.0,0.0,0.0,0.0,0.0,0.0,0.0,,0.0,0.0,0.0,0.0,0.0
42,0.0,0.0,0.0,0.0,0.0,0.0,0.0,0.0,0.0,0.0,0.0,0.0,0.0,0.0,0.0,0.0,0.0,0.0,0.0,0.0,0.0,0.0,0.0,0.0,0.0,0.0,0.0,0.0,0.0,0.0,0.0,0.0,0.0,0.0,0.0,0.0,0.0,0.0,0.0,0.0,0.0,0.0,0.0,0.0,0.0,0.0,0.0,0.0,0.0,0.0,0.0,0.0,0.0,0.0,0.0,0.0,0.0,0.0,0.0,0.0,0.0,0.0,0.0,0.0,0.0,0.0,0.0,0.0,0.0,0.0,0.0,0.0,0.0,0.0,0.0,0.0,0.0,0.0,0.0,0.0,0.0,0.0,0.0,0.0,0.0,0.0,0.0,0.0,0.0,0.0,0.0,0.0,0.0,0.0,0.0,0.0,0.0,0.0,0.0,0.0,0.0,0.0,,0.0,0.0,0.0,0.0,0.0
43,0.0,0.0,0.0,0.0,0.0,0.0,0.0,0.0,0.0,0.0,0.0,0.0,0.0,0.0,0.0,0.0,0.0,0.0,0.0,0.0,0.0,0.0,0.0,0.0,0.0,0.0,0.0,0.0,0.0,0.0,0.0,0.0,0.0,0.0,0.0,0.0,0.0,0.0,0.0,0.0,0.0,0.0,0.0,0.0,0.0,0.0,0.0,0.0,0.0,0.0,0.0,0.0,0.0,0.0,0.0,0.0,0.0,0.0,0.0,0.0,0.0,0.0,0.0,0.0,0.0,0.0,0.0,0.0,0.0,0.0,0.0,0.0,0.0,0.0,0.0,0.0,0.0,0.0,0.0,0.0,0.0,0.0,0.0,0.0,0.0,0.0,0.0,0.0,0.0,0.0,0.0,0.0,0.0,0.0,0.0,0.0,0.0,0.0,0.0,0.0,0.0,0.0,,0.0,0.0,0.0,0.0,0.0
44,0.0,0.0,0.0,0.0,0.0,0.0,0.0,0.0,0.0,0.0,0.0,0.0,0.0,0.0,0.0,0.0,0.0,0.0,0.0,0.0,0.0,0.0,0.0,0.0,0.0,0.0,0.0,0.0,0.0,0.0,0.0,0.0,0.0,0.0,0.0,0.0,0.0,0.0,0.0,0.0,0.0,0.0,0.0,0.0,0.0,0.0,0.0,0.0,0.0,0.0,0.0,0.0,0.0,0.0,0.0,0.0,0.0,0.0,0.0,0.0,0.0,0.0,0.0,0.0,0.0,0.0,0.0,0.0,0.0,0.0,0.0,0.0,0.0,0.0,0.0,0.0,0.0,0.0,0.0,0.0,0.0,0.0,0.0,0.0,0.0,0.0,0.0,0.0,0.0,0.0,0.0,0.0,0.0,0.0,0.0,0.0,0.0,0.0,0.0,0.0,0.0,0.0,,0.0,0.0,0.0,0.0,0.0
45,0.0,0.0,0.0,0.0,0.0,0.0,0.0,0.0,0.0,0.0,0.0,0.0,0.0,0.0,0.0,0.0,0.0,0.0,0.0,0.0,0.0,0.0,0.0,0.0,0.0,0.0,0.0,0.0,0.0,0.0,0.0,0.0,0.0,0.0,0.0,0.0,0.0,0.0,0.0,0.0,0.0,0.0,0.0,0.0,0.0,0.0,0.0,0.0,0.0,0.0,0.0,0.0,0.0,0.0,0.0,0.0,0.0,0.0,0.0,0.0,0.0,0.0,0.0,0.0,0.0,0.0,0.0,0.0,0.0,0.0,0.0,0.0,0.0,0.0,0.0,0.0,0.0,0.0,0.0,0.0,0.0,0.0,0.0,0.0,0.0,0.0,0.0,0.0,0.0,0.0,0.0,0.0,0.0,0.0,0.0,0.0,0.0,0.0,0.0,0.0,0.0,0.0,,0.0,0.0,0.0,0.0,0.0
46,0.0,0.0,0.0,0.0,0.0,0.0,0.0,0.0,0.0,0.0,0.0,0.0,0.0,0.0,0.0,0.0,0.0,0.0,0.0,0.0,0.0,0.0,0.0,0.0,0.0,0.0,0.0,0.0,0.0,0.0,0.0,0.0,0.0,0.0,0.0,0.0,0.0,0.0,0.0,0.0,0.0,0.0,0.0,0.0,0.0,0.0,0.0,0.0,0.0,0.0,0.0,0.0,0.0,0.0,0.0,0.0,0.0,0.0,0.0,0.0,0.0,0.0,0.0,0.0,0.0,0.0,0.0,0.0,0.0,0.0,0.0,0.0,0.0,0.0,0.0,0.0,0.0,0.0,0.0,0.0,0.0,0.0,0.0,0.0,0.0,0.0,0.0,0.0,0.0,0.0,0.0,0.0,0.0,0.0,0.0,0.0,0.0,0.0,0.0,0.0,0.0,0.0,,0.0,0.0,0.0,0.0,0.0
47,0.0,0.0,0.0,0.0,0.0,0.0,0.0,0.0,0.0,0.0,0.0,0.0,0.0,0.0,0.0,0.0,0.0,0.0,0.0,0.0,0.0,0.0,0.0,0.0,0.0,0.0,0.0,0.0,0.0,0.0,0.0,0.0,0.0,0.0,0.0,0.0,0.0,0.0,0.0,0.0,0.0,0.0,0.0,0.0,0.0,0.0,0.0,0.0,0.0,0.0,0.0,0.0,0.0,0.0,0.0,0.0,0.0,0.0,0.0,0.0,0.0,0.0,0.0,0.0,0.0,0.0,0.0,0.0,0.0,0.0,0.0,0.0,0.0,0.0,0.0,0.0,0.0,0.0,0.0,0.0,0.0,0.0,0.0,0.0,0.0,0.0,0.0,0.0,0.0,0.0,0.0,0.0,0.0,0.0,0.0,0.0,0.0,0.0,0.0,0.0,0.0,0.0,,0.0,0.0,0.0,0.0,0.0
48,0.0,0.0,0.0,0.0,0.0,0.0,0.0,0.0,0.0,0.0,0.0,0.0,0.0,0.0,0.0,0.0,0.0,0.0,0.0,0.0,0.0,0.0,0.0,0.0,0.0,0.0,0.0,0.0,0.0,0.0,0.0,0.0,0.0,0.0,0.0,0.0,0.0,0.0,0.0,0.0,0.0,0.0,0.0,0.0,0.0,0.0,0.0,0.0,0.0,0.0,0.0,0.0,0.0,0.0,0.0,0.0,0.0,0.0,0.0,0.0,0.0,0.0,0.0,0.0,0.0,0.0,0.0,0.0,0.0,0.0,0.0,0.0,0.0,0.0,0.0,0.0,0.0,0.0,0.0,0.0,0.0,0.0,0.0,0.0,0.0,0.0,0.0,0.0,0.0,0.0,0.0,0.0,0.0,0.0,0.0,0.0,0.0,0.0,0.0,0.0,0.0,0.0,,0.0,0.0,0.0,0.0,0.0
49,0.0,0.0,0.0,0.0,0.0,0.0,0.0,0.0,0.0,0.0,0.0,0.0,0.0,0.0,0.0,0.0,0.0,0.0,0.0,0.0,0.0,0.0,0.0,0.0,0.0,0.0,0.0,0.0,0.0,0.0,0.0,0.0,0.0,0.0,0.0,0.0,0.0,0.0,0.0,0.0,0.0,0.0,0.0,0.0,0.0,0.0,0.0,0.0,0.0,0.0,0.0,0.0,0.0,0.0,0.0,0.0,0.0,0.0,0.0,0.0,0.0,0.0,0.0,0.0,0.0,0.0,0.0,0.0,0.0,0.0,0.0,0.0,0.0,0.0,0.0,0.0,0.0,0.0,0.0,0.0,0.0,0.0,0.0,0.0,0.0,0.0,0.0,0.0,0.0,0.0,0.0,0.0,0.0,0.0,0.0,0.0,0.0,0.0,0.0,0.0,0.0,0.0,,0.0,0.0,0.0,0.0,0.0
50,0.0,0.0,0.0,0.0,0.0,0.0,0.0,0.0,0.0,0.0,0.0,0.0,0.0,0.0,0.0,0.0,0.0,0.0,0.0,0.0,0.0,0.0,0.0,0.0,0.0,0.0,0.0,0.0,0.0,0.0,0.0,0.0,0.0,0.0,0.0,0.0,0.0,0.0,0.0,0.0,0.0,0.0,0.0,0.0,0.0,0.0,0.0,0.0,0.0,0.0,0.0,0.0,0.0,0.0,0.0,0.0,0.0,0.0,0.0,0.0,0.0,0.0,0.0,0.0,0.0,0.0,0.0,0.0,0.0,0.0,0.0,0.0,0.0,0.0,0.0,0.0,0.0,0.0,0.0,0.0,0.0,0.0,0.0,0.0,0.0,0.0,0.0,0.0,0.0,0.0,0.0,0.0,0.0,0.0,0.0,0.0,0.0,0.0,0.0,0.0,0.0,0.0,0.0,0.0,0.0,0.0,0.0,0.0
51,0.0,0.0,0.0,0.0,0.0,0.0,0.0,0.0,0.0,0.0,0.0,0.0,0.0,0.0,0.0,0.0,0.0,0.0,0.0,0.0,0.0,0.0,0.0,0.0,0.0,0.0,0.0,0.0,0.0,0.0,0.0,0.0,0.0,0.0,0.0,0.0,0.0,0.0,0.0,0.0,0.0,0.0,0.0,0.0,0.0,0.0,0.0,0.0,0.0,0.0,0.0,0.0,0.0,0.0,0.0,0.0,0.0,0.0,0.0,0.0,0.0,0.0,0.0,0.0,0.0,0.0,0.0,0.0,0.0,0.0,0.0,0.0,0.0,0.0,0.0,0.0,0.0,0.0,0.0,0.0,0.0,0.0,0.0,0.0,0.0,0.0,0.0,0.0,0.0,0.0,0.0,0.0,0.0,0.0,0.0,0.0,0.0,0.0,0.0,0.0,0.0,0.0,0.0,0.0,0.0,0.0,0.0,0.0
52,0.0,0.0,0.0,0.0,0.0,0.0,0.0,0.0,0.0,0.0,0.0,0.0,0.0,0.0,0.0,0.0,0.0,0.0,0.0,0.0,0.0,0.0,0.0,0.0,0.0,0.0,0.0,0.0,0.0,0.0,0.0,0.0,0.0,0.0,0.0,0.0,0.0,0.0,0.0,0.0,0.0,0.0,0.0,0.0,0.0,0.0,0.0,0.0,0.0,0.0,0.0,0.0,0.0,0.0,0.0,0.0,0.0,0.0,0.0,0.0,0.0,0.0,0.0,0.0,0.0,0.0,0.0,0.0,0.0,0.0,0.0,0.0,0.0,0.0,0.0,0.0,0.0,0.0,0.0,0.0,0.0,0.0,0.0,0.0,0.0,0.0,0.0,0.0,0.0,0.0,0.0,0.0,0.0,0.0,0.0,0.0,0.0,0.0,0.0,0.0,0.0,0.0,0.0,0.0,0.0,0.0,0.0,0.0
53,0.0,0.0,0.0,0.0,0.0,0.0,0.0,0.0,0.0,0.0,0.0,0.0,0.0,0.0,0.0,0.0,0.0,0.0,0.0,0.0,0.0,0.0,0.0,0.0,0.0,0.0,0.0,0.0,0.0,0.0,0.0,0.0,0.0,0.0,0.0,0.0,0.0,0.0,0.0,0.0,0.0,0.0,0.0,0.0,0.0,0.0,0.0,0.0,0.0,0.0,0.0,0.0,0.0,0.0,0.0,0.0,0.0,0.0,0.0,0.0,0.0,0.0,0.0,0.0,0.0,0.0,0.0,0.0,0.0,0.0,0.0,0.0,0.0,0.0,0.0,0.0,0.0,0.0,0.0,0.0,0.0,0.0,0.0,0.0,0.0,0.0,0.0,0.0,0.0,0.0,0.0,0.0,0.0,0.0,0.0,0.0,0.0,0.0,0.0,0.0,0.0,0.0,0.0,0.0,0.0,0.0,0.0,0.0
54,0.0,0.0,0.0,0.0,0.0,0.0,0.0,0.0,0.0,0.0,0.0,0.0,0.0,0.0,0.0,0.0,0.0,0.0,0.0,0.0,0.0,0.0,0.0,0.0,0.0,0.0,0.0,0.0,0.0,0.0,0.0,0.0,0.0,0.0,0.0,0.0,0.0,0.0,0.0,0.0,0.0,0.0,0.0,0.0,0.0,0.0,0.0,0.0,0.0,0.0,0.0,0.0,0.0,0.0,0.0,0.0,0.0,0.0,0.0,0.0,0.0,0.0,0.0,0.0,0.0,0.0,0.0,0.0,0.0,0.0,0.0,0.0,0.0,0.0,0.0,0.0,0.0,0.0,0.0,0.0,0.0,0.0,0.0,0.0,0.0,0.0,0.0,0.0,0.0,0.0,0.0,0.0,0.0,0.0,0.0,0.0,0.0,0.0,0.0,0.0,0.0,0.0,0.0,0.0,0.0,0.0,0.0,0.0
55,0.0,0.0,0.0,0.0,0.0,0.0,0.0,0.0,0.0,0.0,0.0,0.0,0.0,0.0,0.0,0.0,0.0,0.0,0.0,0.0,0.0,0.0,0.0,0.0,0.0,0.0,0.0,0.0,0.0,0.0,0.0,0.0,0.0,0.0,0.0,0.0,0.0,0.0,0.0,0.0,0.0,0.0,0.0,0.0,0.0,0.0,0.0,0.0,0.0,0.0,0.0,0.0,0.0,0.0,0.0,0.0,0.0,0.0,0.0,0.0,0.0,0.0,0.0,0.0,0.0,0.0,0.0,0.0,0.0,0.0,0.0,0.0,0.0,0.0,0.0,0.0,0.0,0.0,0.0,0.0,0.0,0.0,0.0,0.0,0.0,0.0,0.0,0.0,0.0,0.0,0.0,0.0,0.0,0.0,0.0,0.0,0.0,0.0,0.0,0.0,0.0,0.0,0.0,0.0,0.0,0.0,0.0,0.0
56,0.0,0.0,0.0,0.0,0.0,0.0,0.0,0.0,0.0,0.0,0.0,0.0,0.0,0.0,0.0,0.0,0.0,0.0,0.0,0.0,0.0,0.0,0.0,0.0,0.0,0.0,0.0,0.0,0.0,0.0,0.0,0.0,0.0,0.0,0.0,0.0,0.0,0.0,0.0,0.0,0.0,0.0,0.0,0.0,0.0,0.0,0.0,0.0,0.0,0.0,0.0,0.0,0.0,0.0,0.0,0.0,0.0,0.0,0.0,0.0,0.0,0.0,0.0,0.0,0.0,0.0,0.0,0.0,0.0,0.0,0.0,0.0,0.0,0.0,0.0,0.0,0.0,0.0,0.0,0.0,0.0,0.0,0.0,0.0,0.0,0.0,0.0,0.0,0.0,0.0,0.0,0.0,0.0,0.0,0.0,0.0,0.0,0.0,0.0,0.0,0.0,0.0,0.0,0.0,0.0,0.0,0.0,0.0
57,0.0,0.0,0.0,0.0,0.0,0.0,0.0,0.0,0.0,0.0,0.0,0.0,0.0,0.0,0.0,0.0,0.0,0.0,0.0,0.0,0.0,0.0,0.0,0.0,0.0,0.0,0.0,0.0,0.0,0.0,0.0,0.0,0.0,0.0,0.0,0.0,0.0,0.0,0.0,0.0,0.0,0.0,0.0,0.0,0.0,0.0,0.0,0.0,0.0,0.0,0.0,0.0,0.0,0.0,0.0,0.0,0.0,0.0,0.0,0.0,0.0,0.0,0.0,0.0,0.0,0.0,0.0,0.0,0.0,0.0,0.0,0.0,0.0,0.0,0.0,0.0,0.0,0.0,0.0,0.0,0.0,0.0,0.0,0.0,0.0,0.0,0.0,0.0,0.0,0.0,0.0,0.0,0.0,0.0,0.0,0.0,0.0,0.0,0.0,0.0,0.0,0.0,0.0,0.0,0.0,0.0,0.0,0.0
58,0.0,0.0,0.0,0.0,0.0,0.0,0.0,0.0,0.0,0.0,0.0,0.0,0.0,0.0,0.0,0.0,0.0,0.0,0.0,0.0,0.0,0.0,0.0,0.0,0.0,0.0,0.0,0.0,0.0,0.0,0.0,0.0,0.0,0.0,0.0,0.0,0.0,0.0,0.0,0.0,0.0,0.0,0.0,0.0,0.0,0.0,0.0,0.0,0.0,0.0,0.0,0.0,0.0,0.0,0.0,0.0,0.0,0.0,0.0,0.0,0.0,0.0,0.0,0.0,0.0,0.0,0.0,0.0,0.0,0.0,0.0,0.0,0.0,0.0,0.0,0.0,0.0,0.0,0.0,0.0,0.0,0.0,0.0,0.0,0.0,0.0,0.0,0.0,0.0,0.0,0.0,0.0,0.0,0.0,0.0,0.0,0.0,0.0,0.0,0.0,0.0,0.0,0.0,0.0,0.0,0.0,0.0,0.0
59,0.0,0.0,0.0,0.0,0.0,0.0,0.0,0.0,0.0,0.0,0.0,0.0,0.0,0.0,0.0,0.0,0.0,0.0,0.0,0.0,0.0,0.0,0.0,0.0,0.0,0.0,0.0,0.0,0.0,0.0,0.0,0.0,0.0,0.0,0.0,0.0,0.0,0.0,0.0,0.0,0.0,0.0,0.0,0.0,0.0,0.0,0.0,0.0,0.0,0.0,0.0,0.0,0.0,0.0,0.0,0.0,0.0,0.0,0.0,0.0,0.0,0.0,0.0,0.0,0.0,0.0,0.0,0.0,0.0,0.0,0.0,0.0,0.0,0.0,0.0,0.0,0.0,0.0,0.0,0.0,0.0,0.0,0.0,0.0,0.0,0.0,0.0,0.0,0.0,0.0,0.0,0.0,0.0,0.0,0.0,0.0,0.0,0.0,0.0,0.0,0.0,0.0,0.0,0.0,0.0,0.0,0.0,0.0
60,0.0,0.0,0.0,0.0,0.0,0.0,0.0,0.0,0.0,0.0,0.0,0.0,0.0,0.0,0.0,0.0,0.0,0.0,0.0,0.0,0.0,0.0,0.0,0.0,0.0,0.0,0.0,0.0,0.0,0.0,0.0,0.0,0.0,0.0,0.0,0.0,0.0,0.0,0.0,0.0,0.0,0.0,0.0,0.0,0.0,0.0,0.0,0.0,0.0,0.0,0.0,0.0,0.0,0.0,0.0,0.0,0.0,0.0,0.0,0.0,0.0,0.0,0.0,0.0,0.0,0.0,0.0,0.0,0.0,0.0,0.0,0.0,0.0,0.0,0.0,0.0,0.0,0.0,0.0,0.0,0.0,0.0,0.0,0.0,0.0,0.0,0.0,0.0,0.0,0.0,0.0,0.0,0.0,0.0,0.0,0.0,0.0,0.0,0.0,0.0,0.0,0.0,0.0,0.0,0.0,0.0,0.0,0.0
61,0.0,0.0,0.0,0.0,0.0,0.0,0.0,0.0,0.0,0.0,0.0,0.0,0.0,0.0,0.0,0.0,0.0,0.0,0.0,0.0,0.0,0.0,0.0,0.0,0.0,0.0,0.0,0.0,0.0,0.0,0.0,0.0,0.0,0.0,0.0,0.0,0.0,0.0,0.0,0.0,0.0,0.0,0.0,0.0,0.0,0.0,0.0,0.0,0.0,0.0,0.0,0.0,0.0,0.0,0.0,0.0,0.0,0.0,0.0,0.0,0.0,0.0,0.0,0.0,0.0,0.0,0.0,0.0,0.0,0.0,0.0,0.0,0.0,0.0,0.0,0.0,0.0,0.0,0.0,0.0,0.0,0.0,0.0,0.0,0.0,0.0,0.0,0.0,0.0,0.0,0.0,0.0,0.0,0.0,0.0,0.0,0.0,0.0,0.0,0.0,0.0,0.0,0.0,0.0,0.0,0.0,0.0,0.0
62,0.0,0.0,0.0,0.0,0.0,0.0,0.0,0.0,0.0,0.0,0.0,0.0,0.0,0.0,0.0,0.0,0.0,0.0,0.0,0.0,0.0,0.0,0.0,0.0,0.0,0.0,0.0,0.0,0.0,0.0,0.0,0.0,0.0,0.0,0.0,0.0,0.0,0.0,0.0,0.0,0.0,0.0,0.0,0.0,0.0,0.0,0.0,0.0,0.0,0.0,0.0,0.0,0.0,0.0,0.0,0.0,0.0,0.0,0.0,0.0,0.0,0.0,0.0,0.0,0.0,0.0,0.0,0.0,0.0,0.0,0.0,0.0,0.0,0.0,0.0,0.0,0.0,0.0,0.0,0.0,0.0,0.0,0.0,0.0,0.0,0.0,0.0,0.0,0.0,0.0,0.0,0.0,0.0,0.0,0.0,0.0,0.0,0.0,0.0,0.0,0.0,0.0,0.0,0.0,0.0,0.0,0.0,0.0
63,0.0,0.0,0.0,0.0,0.0,0.0,0.0,0.0,0.0,0.0,0.0,0.0,0.0,0.0,0.0,0.0,0.0,0.0,0.0,0.0,0.0,0.0,0.0,0.0,0.0,0.0,0.0,0.0,0.0,0.0,0.0,0.0,0.0,0.0,0.0,0.0,0.0,0.0,0.0,0.0,0.0,0.0,0.0,0.0,0.0,0.0,0.0,0.0,0.0,0.0,0.0,0.0,0.0,0.0,0.0,0.0,0.0,0.0,0.0,0.0,0.0,0.0,0.0,0.0,0.0,0.0,0.0,0.0,0.0,0.0,0.0,0.0,0.0,0.0,0.0,0.0,0.0,0.0,0.0,0.0,0.0,0.0,0.0,0.0,0.0,0.0,0.0,0.0,0.0,0.0,0.0,0.0,0.0,0.0,0.0,0.0,0.0,0.0,0.0,0.0,0.0,0.0,0.0,0.0,0.0,0.0,0.0,0.0
64,0.0,0.0,0.0,0.0,0.0,0.0,0.0,0.0,0.0,0.0,0.0,0.0,0.0,0.0,0.0,0.0,0.0,0.0,0.0,0.0,0.0,0.0,0.0,0.0,0.0,0.0,0.0,0.0,0.0,0.0,0.0,0.0,0.0,0.0,0.0,0.0,0.0,0.0,0.0,0.0,0.0,0.0,0.0,0.0,0.0,0.0,0.0,0.0,0.0,0.0,0.0,0.0,0.0,0.0,0.0,0.0,0.0,0.0,0.0,0.0,0.0,0.0,0.0,0.0,0.0,0.0,0.0,0.0,0.0,0.0,0.0,0.0,0.0,0.0,0.0,0.0,0.0,0.0,0.0,0.0,0.0,0.0,0.0,0.0,0.0,0.0,0.0,0.0,0.0,0.0,0.0,0.0,0.0,0.0,0.0,0.0,0.0,0.0,0.0,0.0,0.0,0.0,0.0,0.0,0.0,0.0,0.0,0.0
65,0.0,0.0,0.0,0.0,0.0,0.0,0.0,0.0,0.0,0.0,0.0,0.0,0.0,0.0,0.0,0.0,0.0,0.0,0.0,0.0,0.0,0.0,0.0,0.0,0.0,0.0,0.0,0.0,0.0,0.0,0.0,0.0,0.0,0.0,0.0,0.0,0.0,0.0,0.0,0.0,0.0,0.0,0.0,0.0,0.0,0.0,0.0,0.0,0.0,0.0,0.0,0.0,0.0,0.0,0.0,0.0,0.0,0.0,0.0,0.0,0.0,0.0,0.0,0.0,0.0,0.0,0.0,0.0,0.0,0.0,0.0,0.0,0.0,0.0,0.0,0.0,0.0,0.0,0.0,0.0,0.0,0.0,0.0,0.0,0.0,0.0,0.0,0.0,0.0,0.0,0.0,0.0,0.0,0.0,0.0,0.0,0.0,0.0,0.0,0.0,0.0,0.0,0.0,0.0,0.0,0.0,0.0,0.0
66,0.0,0.0,0.0,0.0,0.0,0.0,0.0,0.0,0.0,0.0,0.0,0.0,0.0,0.0,0.0,0.0,0.0,0.0,0.0,0.0,0.0,0.0,0.0,0.0,0.0,0.0,0.0,0.0,0.0,0.0,0.0,0.0,0.0,0.0,0.0,0.0,0.0,0.0,0.0,0.0,0.0,0.0,0.0,0.0,0.0,0.0,0.0,0.0,0.0,0.0,0.0,0.0,0.0,0.0,0.0,0.0,0.0,0.0,0.0,0.0,0.0,0.0,0.0,0.0,0.0,0.0,0.0,0.0,0.0,0.0,0.0,0.0,0.0,0.0,0.0,0.0,0.0,0.0,0.0,0.0,0.0,0.0,0.0,0.0,0.0,0.0,0.0,0.0,0.0,0.0,0.0,0.0,0.0,0.0,0.0,0.0,0.0,0.0,0.0,0.0,0.0,0.0,0.0,0.0,0.0,0.0,0.0,0.0
67,0.0,0.0,0.0,0.0,0.0,0.0,0.0,0.0,0.0,0.0,0.0,0.0,0.0,0.0,0.0,0.0,0.0,0.0,0.0,0.0,0.0,0.0,0.0,0.0,0.0,0.0,0.0,0.0,0.0,0.0,0.0,0.0,0.0,0.0,0.0,0.0,0.0,0.0,0.0,0.0,0.0,0.0,0.0,0.0,0.0,0.0,0.0,0.0,0.0,0.0,0.0,0.0,0.0,0.0,0.0,0.0,0.0,0.0,0.0,0.0,0.0,0.0,0.0,0.0,0.0,0.0,0.0,0.0,0.0,0.0,0.0,0.0,0.0,0.0,0.0,0.0,0.0,0.0,0.0,0.0,0.0,0.0,0.0,0.0,0.0,0.0,0.0,0.0,0.0,0.0,0.0,0.0,0.0,0.0,0.0,0.0,0.0,0.0,0.0,0.0,0.0,0.0,0.0,0.0,0.0,0.0,0.0,0.0
68,0.0,0.0,0.0,0.0,0.0,0.0,0.0,0.0,0.0,0.0,0.0,0.0,0.0,0.0,0.0,0.0,0.0,0.0,0.0,0.0,0.0,0.0,0.0,0.0,0.0,0.0,0.0,0.0,0.0,0.0,0.0,0.0,0.0,0.0,0.0,0.0,0.0,0.0,0.0,0.0,0.0,0.0,0.0,0.0,0.0,0.0,0.0,0.0,0.0,0.0,0.0,0.0,0.0,0.0,0.0,0.0,0.0,0.0,0.0,0.0,0.0,0.0,0.0,0.0,0.0,0.0,0.0,0.0,0.0,0.0,0.0,0.0,0.0,0.0,0.0,0.0,0.0,0.0,0.0,0.0,0.0,0.0,0.0,0.0,0.0,0.0,0.0,0.0,0.0,0.0,0.0,0.0,0.0,0.0,0.0,0.0,0.0,0.0,0.0,0.0,0.0,0.0,0.0,0.0,0.0,0.0,0.0,0.0
69,0.0,0.0,0.0,0.0,0.0,0.0,0.0,0.0,0.0,0.0,0.0,0.0,0.0,0.0,0.0,0.0,0.0,0.0,0.0,0.0,0.0,0.0,0.0,0.0,0.0,0.0,0.0,0.0,0.0,0.0,0.0,0.0,0.0,0.0,0.0,0.0,0.0,0.0,0.0,0.0,0.0,0.0,0.0,0.0,0.0,0.0,0.0,0.0,0.0,0.0,0.0,0.0,0.0,0.0,0.0,0.0,0.0,0.0,0.0,0.0,0.0,0.0,0.0,0.0,0.0,0.0,0.0,0.0,0.0,0.0,0.0,0.0,0.0,0.0,0.0,0.0,0.0,0.0,0.0,0.0,0.0,0.0,0.0,0.0,0.0,0.0,0.0,0.0,0.0,0.0,0.0,0.0,0.0,0.0,0.0,0.0,0.0,0.0,0.0,0.0,0.0,0.0,0.0,0.0,0.0,0.0,0.0,0.0
70,0.0,0.0,0.0,0.0,0.0,0.0,0.0,0.0,0.0,0.0,0.0,0.0,0.0,0.0,0.0,0.0,0.0,0.0,0.0,0.0,0.0,0.0,0.0,0.0,0.0,0.0,0.0,0.0,0.0,0.0,0.0,0.0,0.0,0.0,0.0,0.0,0.0,0.0,0.0,0.0,0.0,0.0,0.0,0.0,0.0,0.0,0.0,0.0,0.0,0.0,0.0,0.0,0.0,0.0,0.0,0.0,0.0,0.0,0.0,0.0,0.0,0.0,0.0,0.0,0.0,0.0,0.0,0.0,0.0,0.0,0.0,0.0,0.0,0.0,0.0,0.0,0.0,0.0,0.0,0.0,0.0,0.0,0.0,0.0,0.0,0.0,0.0,0.0,0.0,0.0,0.0,0.0,0.0,0.0,0.0,0.0,0.0,0.0,0.0,0.0,0.0,0.0,0.0,0.0,0.0,0.0,0.0,0.0
71,0.0,0.0,0.0,0.0,0.0,0.0,0.0,0.0,0.0,0.0,0.0,0.0,0.0,0.0,0.0,0.0,0.0,0.0,0.0,0.0,0.0,0.0,0.0,0.0,0.0,0.0,0.0,0.0,0.0,0.0,0.0,0.0,0.0,0.0,0.0,0.0,0.0,0.0,0.0,0.0,0.0,0.0,0.0,0.0,0.0,0.0,0.0,0.0,0.0,0.0,0.0,0.0,0.0,0.0,0.0,0.0,0.0,0.0,0.0,0.0,0.0,0.0,0.0,0.0,0.0,0.0,0.0,0.0,0.0,0.0,0.0,0.0,0.0,0.0,0.0,0.0,0.0,0.0,0.0,0.0,0.0,0.0,0.0,0.0,0.0,0.0,0.0,0.0,0.0,0.0,0.0,0.0,0.0,0.0,0.0,0.0,0.0,0.0,0.0,0.0,0.0,0.0,0.0,0.0,0.0,0.0,0.0,0.0
72,0.0,0.0,0.0,0.0,0.0,0.0,0.0,0.0,0.0,0.0,0.0,0.0,0.0,0.0,0.0,0.0,0.0,0.0,0.0,0.0,0.0,0.0,0.0,0.0,0.0,0.0,0.0,0.0,0.0,0.0,0.0,0.0,0.0,0.0,0.0,0.0,0.0,0.0,0.0,0.0,0.0,0.0,0.0,0.0,0.0,0.0,0.0,0.0,0.0,0.0,0.0,0.0,0.0,0.0,0.0,0.0,0.0,0.0,0.0,0.0,0.0,0.0,0.0,0.0,0.0,0.0,0.0,0.0,0.0,0.0,0.0,0.0,0.0,0.0,0.0,0.0,0.0,0.0,0.0,0.0,0.0,0.0,0.0,0.0,0.0,0.0,0.0,0.0,0.0,0.0,0.0,0.0,0.0,0.0,0.0,0.0,0.0,0.0,0.0,0.0,0.0,0.0,0.0,0.0,0.0,0.0,0.0,0.0
73,0.0,0.0,0.0,0.0,0.0,0.0,0.0,0.0,0.0,0.0,0.0,0.0,0.0,0.0,0.0,0.0,0.0,0.0,0.0,0.0,0.0,0.0,0.0,0.0,0.0,0.0,0.0,0.0,0.0,0.0,0.0,0.0,0.0,0.0,0.0,0.0,0.0,0.0,0.0,0.0,0.0,0.0,0.0,0.0,0.0,0.0,0.0,0.0,0.0,0.0,0.0,0.0,0.0,0.0,0.0,0.0,0.0,0.0,0.0,0.0,0.0,0.0,0.0,0.0,0.0,0.0,0.0,0.0,0.0,0.0,0.0,0.0,0.0,0.0,0.0,0.0,0.0,0.0,0.0,0.0,0.0,0.0,0.0,0.0,0.0,0.0,0.0,0.0,0.0,0.0,0.0,0.0,0.0,0.0,0.0,0.0,0.0,0.0,0.0,0.0,0.0,0.0,0.0,0.0,0.0,0.0,0.0,0.0
74,0.0,0.0,0.0,0.0,0.0,0.0,0.0,0.0,0.0,0.0,0.0,0.0,0.0,0.0,0.0,0.0,0.0,0.0,0.0,0.0,0.0,0.0,0.0,0.0,0.0,0.0,0.0,0.0,0.0,0.0,0.0,0.0,0.0,0.0,0.0,0.0,0.0,0.0,0.0,0.0,0.0,0.0,0.0,0.0,0.0,0.0,0.0,0.0,0.0,0.0,0.0,0.0,0.0,0.0,0.0,0.0,0.0,0.0,0.0,0.0,0.0,0.0,0.0,0.0,0.0,0.0,0.0,0.0,0.0,0.0,0.0,0.0,0.0,0.0,0.0,0.0,0.0,0.0,0.0,0.0,0.0,0.0,0.0,0.0,0.0,0.0,0.0,0.0,0.0,0.0,0.0,0.0,0.0,0.0,0.0,0.0,0.0,0.0,0.0,0.0,0.0,0.0,0.0,0.0,0.0,0.0,0.0,0.0
75,0.0,0.0,0.0,0.0,0.0,0.0,0.0,0.0,0.0,0.0,0.0,0.0,0.0,0.0,0.0,0.0,0.0,0.0,0.0,0.0,0.0,0.0,0.0,0.0,0.0,0.0,0.0,0.0,0.0,0.0,0.0,0.0,0.0,0.0,0.0,0.0,0.0,0.0,0.0,0.0,0.0,0.0,0.0,0.0,0.0,0.0,0.0,0.0,0.0,0.0,0.0,0.0,0.0,0.0,0.0,0.0,0.0,0.0,0.0,0.0,0.0,0.0,0.0,0.0,0.0,0.0,0.0,0.0,0.0,0.0,0.0,0.0,0.0,0.0,0.0,0.0,0.0,0.0,0.0,0.0,0.0,0.0,0.0,0.0,0.0,0.0,0.0,0.0,0.0,0.0,0.0,0.0,0.0,0.0,0.0,0.0,0.0,0.0,0.0,0.0,0.0,0.0,0.0,0.0,0.0,0.0,0.0,0.0
76,0.03999999999999915,0.03999999999999915,0.03999999999999915,0.03999999999999915,0.03999999999999915,0.03999999999999915,,0.03999999999999915,,0.03999999999999915,0.03999999999999915,0.03999999999999915,0.03999999999999915,0.03999999999999915,0.03999999999999915,0.03999999999999915,0.03999999999999915,0.03999999999999915,0.03999999999999915,0.03999999999999915,0.03999999999999915,0.03999999999999915,0.03999999999999915,0.03999999999999915,0.03999999999999915,0.03999999999999915,0.03999999999999915,0.03999999999999915,0.03999999999999915,0.03999999999999915,0.03999999999999915,0.03999999999999915,0.03999999999999915,0.03999999999999915,0.03999999999999915,0.03999999999999915,0.03999999999999915,0.03999999999999915,0.03999999999999915,0.03999999999999915,0.03999999999999915,0.03999999999999915,0.03999999999999915,0.03999999999999915,0.03999999999999915,0.03999999999999915,0.03999999999999915,0.03999999999999915,0.03999999999999915,0.03999999999999915,0.03999999999999915,0.03999999999999915,0.03999999999999915,0.03999999999999915,0.03999999999999915,0.03999999999999915,0.03999999999999915,0.03999999999999915,0.03999999999999915,0.03999999999999915,0.03999999999999915,0.03999999999999915,0.03999999999999915,0.03999999999999915,0.03999999999999915,0.03999999999999915,0.03999999999999915,0.03999999999999915,0.03999999999999915,0.03999999999999915,0.03999999999999915,0.03999999999999915,0.03999999999999915,0.03999999999999915,0.03999999999999915,0.03999999999999915,0.03999999999999915,0.03999999999999915,0.03999999999999915,0.03999999999999915,0.03999999999999915,0.03999999999999915,0.03999999999999915,0.03999999999999915,0.03999999999999915,0.03999999999999915,0.03999999999999915,0.03999999999999915,0.03999999999999915,0.03999999999999915,0.03999999999999915,0.03999999999999915,0.03999999999999915,0.03999999999999915,0.03999999999999915,0.03999999999999915,0.03999999999999915,0.03999999999999915,0.03999999999999915,0.03999999999999915,0.03999999999999915,0.03999999999999915,0.03999999999999915,0.03999999999999915,0.03999999999999915,0.03999999999999915,0.03999999999999915,0.03999999999999915
77,0.0799999999999983,0.0799999999999983,0.0799999999999983,0.0799999999999983,0.0799999999999983,0.0799999999999983,,0.0799999999999983,,0.0799999999999983,0.0799999999999983,0.0799999999999983,0.0799999999999983,0.0799999999999983,0.0799999999999983,0.0799999999999983,,0.0799999999999983,0.0799999999999983,0.0799999999999983,0.0799999999999983,0.0799999999999983,0.0799999999999983,0.0799999999999983,0.0799999999999983,0.0799999999999983,0.0799999999999983,0.0799999999999983,0.0799999999999983,0.0799999999999983,0.0799999999999983,0.0799999999999983,0.0799999999999983,0.0799999999999983,0.0799999999999983,0.0799999999999983,0.0799999999999983,0.0799999999999983,0.0799999999999983,0.0799999999999983,0.0799999999999983,,0.0799999999999983,,0.0799999999999983,0.0799999999999983,0.0799999999999983,0.0799999999999983,0.0799999999999983,0.0799999999999983,0.0799999999999983,0.0799999999999983,0.0799999999999983,0.0799999999999983,,,0.0799999999999983,0.0799999999999983,0.0799999999999983,0.0799999999999983,0.0799999999999983,0.0799999999999983,0.0799999999999983,0.0799999999999983,,0.0799999999999983,0.0799999999999983,0.0799999999999983,0.0799999999999983,0.0799999999999983,0.0799999999999983,0.0799999999999983,0.0799999999999983,0.0799999999999983,0.0799999999999983,0.0799999999999983,0.0799999999999983,0.0799999999999983,0.0799999999999983,0.0799999999999983,0.0799999999999983,0.0799999999999983,0.0799999999999983,0.0799999999999983,0.0799999999999983,0.0799999999999983,0.0799999999999983,0.0799999999999983,0.0799999999999983,0.0799999999999983,0.0799999999999983,0.0799999999999983,,0.0799999999999983,0.0799999999999983,0.0799999999999983,0.0799999999999983,0.0799999999999983,0.0799999999999983,0.0799999999999983,0.0799999999999983,0.0799999999999983,,0.0799999999999983,0.0799999999999983,0.0799999999999983,0.0799999999999983,0.0799999999999983
78,0.120000000000001,0.120000000000001,0.120000000000001,0.120000000000001,0.120000000000001,,,0.120000000000001,,0.120000000000001,0.120000000000001,0.120000000000001,0.120000000000001,0.120000000000001,0.120000000000001,0.120000000000001,,0.120000000000001,0.120000000000001,0.120000000000001,0.120000000000001,0.120000000000001,0.120000000000001,0.120000000000001,0.120000000000001,0.120000000000001,0.120000000000001,0.120000000000001,0.120000000000001,0.120000000000001,0.120000000000001,0.120000000000001,0.120000000000001,0.120000000000001,0.120000000000001,0.120000000000001,0.120000000000001,0.120000000000001,0.120000000000001,0.120000000000001,0.120000000000001,,0.120000000000001,,0.120000000000001,0.120000000000001,0.120000000000001,0.120000000000001,0.120000000000001,0.120000000000001,0.120000000000001,0.120000000000001,0.120000000000001,,,,0.120000000000001,0.120000000000001,0.120000000000001,0.120000000000001,0.120000000000001,0.120000000000001,0.120000000000001,0.120000000000001,,,,0.120000000000001,0.120000000000001,0.120000000000001,0.120000000000001,0.120000000000001,0.120000000000001,0.120000000000001,0.120000000000001,0.120000000000001,0.120000000000001,,0.120000000000001,0.120000000000001,0.120000000000001,0.120000000000001,0.120000000000001,0.120000000000001,0.120000000000001,0.120000000000001,0.120000000000001,0.120000000000001,0.120000000000001,0.120000000000001,0.120000000000001,0.120000000000001,,0.120000000000001,0.120000000000001,0.120000000000001,0.120000000000001,0.120000000000001,0.120000000000001,0.120000000000001,,0.120000000000001,,0.120000000000001,0.120000000000001,0.120000000000001,0.120000000000001,0.120000000000001
79,0.16000000000000014,0.16000000000000014,0.16000000000000014,0.16000000000000014,0.16000000000000014,,,0.16000000000000014,,0.16000000000000014,0.16000000000000014,0.16000000000000014,0.16000000000000014,0.16000000000000014,0.16000000000000014,0.16000000000000014,,0.16000000000000014,0.16000000000000014,0.16000000000000014,,0.16000000000000014,0.16000000000000014,0.16000000000000014,0.16000000000000014,0.16000000000000014,,0.16000000000000014,0.16000000000000014,0.16000000000000014,,0.16000000000000014,0.16000000000000014,0.16000000000000014,0.16000000000000014,0.16000000000000014,0.16000000000000014,0.16000000000000014,0.16000000000000014,0.16000000000000014,0.16000000000000014,,0.16000000000000014,,0.16000000000000014,,0.16000000000000014,0.16000000000000014,0.16000000000000014,0.16000000000000014,0.16000000000000014,,0.16000000000000014,,,,0.16000000000000014,,0.16000000000000014,0.16000000000000014,0.16000000000000014,0.16000000000000014,0.16000000000000014,0.16000000000000014,,,,,0.16000000000000014,0.16000000000000014,0.16000000000000014,0.16000000000000014,,0.16000000000000014,0.16000000000000014,,0.16000000000000014,,,0.16000000000000014,0.16000000000000014,0.16000000000000014,0.16000000000000014,0.16000000000000014,0.16000000000000014,0.16000000000000014,,0.16000000000000014,0.16000000000000014,0.16000000000000014,0.16000000000000014,,,,0.16000000000000014,0.16000000000000014,0.16000000000000014,,0.16000000000000014,0.16000000000000014,,0.16000000000000014,,0.16000000000000014,,,,0.16000000000000014
80,0.1999999999999993,0.1999999999999993,,0.1999999999999993,0.1999999999999993,,,,,0.1999999999999993,0.1999999999999993,,0.1999999999999993,0.1999999999999993,0.1999999999999993,0.1999999999999993,,0.1999999999999993,0.1999999999999993,0.1999999999999993,,0.1999999999999993,0.1999999999999993,,0.1999999999999993,0.1999999999999993,,0.1999999999999993,0.1999999999999993,0.1999999999999993,,,0.1999999999999993,0.1999999999999993,0.1999999999999993,,0.1999999999999993,0.1999999999999993,,0.1999999999999993,0.1999999999999993,,0.1999999999999993,,0.1999999999999993,,,,,,,,,,,,,,,0.1999999999999993,0.1999999999999993,0.1999999999999993,0.1999999999999993,0.1999999999999993,,,,,0.1999999999999993,0.1999999999999993,,,,0.1999999999999993,0.1999999999999993,,0.1999999999999993,,,0.1999999999999993,0.1999999999999993,0.1999999999999993,0.1999999999999993,0.1999999999999993,,,,0.1999999999999993,0.1999999999999993,0.1999999999999993,0.1999999999999993,,,,,0.1999999999999993,,,0.1999999999999993,0.1999999999999993,,0.1999999999999993,,,,,,
81,,0.23999999999999844,,,0.23999999999999844,,,,,0.23999999999999844,0.23999999999999844,,,,0.23999999999999844,0.23999999999999844,,0.23999999999999844,,,,,0.23999999999999844,,,0.23999999999999844,,0.23999999999999844,0.23999999999999844,,,,0.23999999999999844,,0.23999999999999844,,,0.23999999999999844,,0.23999999999999844,,,,,0.23999999999999844,,,,,,,,,,,,,,,,0.23999999999999844,,0.23999999999999844,0.23999999999999844,,,,,0.23999999999999844,,,,,,0.23999999999999844,,,,,0.23999999999999844,0.23999999999999844,0.23999999999999844,0.23999999999999844,0.23999999999999844,,,,,,0.23999999999999844,,,,,,,,,,0.23999999999999844,,,,,,,,
82,,,,,,,,,,,0.28000000000000114,,,,0.28000000000000114,0.28000000000000114,,0.28000000000000114,,,,,0.28000000000000114,,,,,0.28000000000000114,,,,,0.28000000000000114,,,,,0.28000000000000114,,0.28000000000000114,,,,,0.28000000000000114,,,,,,,,,,,,,,,,,,,0.28000000000000114,,,,,,,,,,,0.28000000000000114,,,,,,,0.28000000000000114,,0.28000000000000114,,,,,,,,,,,,,,,,,,,,,,,,
83,,,,,,,,,,,,,,,,0.3200000000000003,,,,,,,,,,,,0.3200000000000003,,,,,,,,,,,,,,,,,0.3200000000000003,,,,,,,,,,,,,,,,,,,0.3200000000000003,,,,,,,,,,,,,,,,,,0.3200000000000003,,0.3200000000000003,,,,,,,,,,,,,,,,,,,,,,,,
84,,,,,,,,,,,,,,,,0.35999999999999943,,,,,,,,,,,,,,,,,,,,,,,,,,,,,,,,,,,,,,,,,,,,,,,,,,,,,,,,,,,,,,,,,,,,,,,,,,,,,,,,,,,,,,,,,,,,
85,,,,,,,,,,,,,,,,,,,,,,,,,,,,,,,,,,,,,,,,,,,,,,,,,,,,,,,,,,,,,,,,,,,,,,,,,,,,,,,,,,,,,,,,,,,,,,,,,,,,,,,,,,,,
86,,,,,,,,,,,,,,,,,,,,,,,,,,,,,,,,,,,,,,,,,,,,,0.4400000000000013,,,,,,,,,,,,,,,,,,0.4400000000000013,,,,,,,,,,,,,,,,0.4400000000000013,,,0.4400000000000013,,,,,,,,,,,,,,,,,,,,,,,,,,
87,,,,,,,,,,,,,,,,0.4800000000000004,,,,,,,,,,,,,,,,,,,,,,,,,,,,,0.4800000000000004,,,,,,,,,,,,,,,,,,0.4800000000000004,,,,,,,,,,,,,,,,,,,0.4800000000000004,,,,,,,,0.4800000000000004,,,,,,,,,,,,,,,,,,
88,,,,,,,,,,,,,,,,0.5199999999999996,,,,,,,,,,,,,,,,0.5199999999999996,,,,,,,,,,,,,0.5199999999999996,,,,,,,,,,0.5199999999999996,,,,,,,,0.5199999999999996,,,,,,,0.5199999999999996,,,,,0.5199999999999996,,,,,,,0.5199999999999996,,0.5199999999999996,,,,,,0.5199999999999996,,,,,,,,,,,,,,,,,,
89,,,,,,0.5599999999999987,,,,,,,,,,0.5599999999999987,,,0.5599999999999987,,,,,0.5599999999999987,,,,,,,0.5599999999999987,0.5599999999999987,,,,,,,,,,,,,0.5599999999999987,,,0.5599999999999987,,,,,,,0.5599999999999987,,0.5599999999999987,,,,,,0.5599999999999987,,,0.5599999999999987,,,,0.5599999999999987,,,,,0.5599999999999987,,,,,0.5599999999999987,,0.5599999999999987,,0.5599999999999987,,,,,0.5599999999999987,0.5599999999999987,,,,,,0.5599999999999987,,0.5599999999999987,,,,,,,,,,
90,,,,0.6000000000000014,0.6000000000000014,0.6000000000000014,,0.6000000000000014,,,,,,,0.6000000000000014,0.6000000000000014,,,0.6000000000000014,,,,,0.6000000000000014,,,,0.6000000000000014,,,0.6000000000000014,0.6000000000000014,0.6000000000000014,,,,,,,,,0.6000000000000014,,0.6000000000000014,0.6000000000000014,,,0.6000000000000014,,,,,,,0.6000000000000014,,0.6000000000000014,,0.6000000000000014,,,,0.6000000000000014,,,0.6000000000000014,,,,0.6000000000000014,,,0.6000000000000014,,0.6000000000000014,,,0.6000000000000014,,0.6000000000000014,0.6000000000000014,0.6000000000000014,0.6000000000000014,0.6000000000000014,0.6000000000000014,,,,,0.6000000000000014,,,,,,0.6000000000000014,,0.6000000000000014,,0.6000000000000014,0.6000000000000014,,,,,,0.6000000000000014,
91,,,0.6400000000000006,0.6400000000000006,0.6400000000000006,0.6400000000000006,,0.6400000000000006,,,,0.6400000000000006,0.6400000000000006,0.6400000000000006,0.6400000000000006,0.6400000000000006,0.6400000000000006,,0.6400000000000006,0.6400000000000006,0.6400000000000006,0.6400000000000006,0.6400000000000006,0.6400000000000006,0.6400000000000006,,0.6400000000000006,0.6400000000000006,0.6400000000000006,,0.6400000000000006,0.6400000000000006,0.6400000000000006,0.6400000000000006,0.6400000000000006,0.6400000000000006,0.6400000000000006,0.6400000000000006,0.6400000000000006,0.6400000000000006,0.6400000000000006,0.6400000000000006,,,0.6400000000000006,0.6400000000000006,,0.6400000000000006,0.6400000000000006,,0.6400000000000006,0.6400000000000006,0.6400000000000006,,,0.6400000000000006,0.6400000000000006,,0.6400000000000006,,,,0.6400000000000006,,,0.6400000000000006,0.6400000000000006,,,0.6400000000000006,,0.6400000000000006,0.6400000000000006,0.6400000000000006,0.6400000000000006,,0.6400000000000006,0.6400000000000006,0.6400000000000006,0.6400000000000006,0.6400000000000006,0.6400000000000006,0.6400000000000006,0.6400000000000006,0.6400000000000006,,0.6400000000000006,0.6400000000000006,,0.6400000000000006,0.6400000000000006,,,,0.6400000000000006,0.6400000000000006,,0.6400000000000006,,0.6400000000000006,0.6400000000000006,0.6400000000000006,,0.6400000000000006,,0.6400000000000006,0.6400000000000006,0.6400000000000006
92,0.6799999999999997,0.6799999999999997,0.6799999999999997,0.6799999999999997,0.6799999999999997,0.6799999999999997,0.6799999999999997,0.6799999999999997,,0.6799999999999997,0.6799999999999997,0.6799999999999997,0.6799999999999997,0.6799999999999997,0.6799999999999997,0.6799999999999997,0.6799999999999997,0.6799999999999997,0.6799999999999997,0.6799999999999997,0.6799999999999997,0.6799999999999997,0.6799999999999997,0.6799999999999997,0.6799999999999997,0.6799999999999997,0.6799999999999997,0.6799999999999997,0.6799999999999997,0.6799999999999997,0.6799999999999997,0.6799999999999997,0.6799999999999997,0.6799999999999997,0.6799999999999997,0.6799999999999997,0.6799999999999997,0.6799999999999997,0.6799999999999997,0.6799999999999997,0.6799999999999997,0.6799999999999997,0.6799999999999997,,0.6799999999999997,0.6799999999999997,0.6799999999999997,0.6799999999999997,0.6799999999999997,0.6799999999999997,0.6799999999999997,0.6799999999999997,0.6799999999999997,0.6799999999999997,0.6799999999999997,0.6799999999999997,0.6799999999999997,0.6799999999999997,0.6799999999999997,0.6799999999999997,0.6799999999999997,0.6799999999999997,0.6799999999999997,0.6799999999999997,0.6799999999999997,0.6799999999999997,0.6799999999999997,0.6799999999999997,0.6799999999999997,0.6799999999999997,0.6799999999999997,0.6799999999999997,0.6799999999999997,0.6799999999999997,0.6799999999999997,0.6799999999999997,0.6799999999999997,0.6799999999999997,0.6799999999999997,0.6799999999999997,0.6799999999999997,0.6799999999999997,0.6799999999999997,0.6799999999999997,0.6799999999999997,0.6799999999999997,0.6799999999999997,0.6799999999999997,,0.6799999999999997,0.6799999999999997,0.6799999999999997,0.6799999999999997,0.6799999999999997,0.6799999999999997,0.6799999999999997,0.6799999999999997,0.6799999999999997,0.6799999999999997,0.6799999999999997,0.6799999999999997,0.6799999999999997,0.6799999999999997,0.6799999999999997,0.6799999999999997,0.6799999999999997,0.6799999999999997,0.6799999999999997
93,0.7199999999999989,0.7199999999999989,0.7199999999999989,0.7199999999999989,0.7199999999999989,0.7199999999999989,0.7199999999999989,0.7199999999999989,0.7199999999999989,0.7199999999999989,0.7199999999999989,0.7199999999999989,0.7199999999999989,0.7199999999999989,0.7199999999999989,0.7199999999999989,0.7199999999999989,0.7199999999999989,0.7199999999999989,0.7199999999999989,0.7199999999999989,0.7199999999999989,0.7199999999999989,0.7199999999999989,0.7199999999999989,0.7199999999999989,0.7199999999999989,0.7199999999999989,0.7199999999999989,0.7199999999999989,0.7199999999999989,0.7199999999999989,0.7199999999999989,0.7199999999999989,0.7199999999999989,0.7199999999999989,0.7199999999999989,0.7199999999999989,0.7199999999999989,0.7199999999999989,0.7199999999999989,0.7199999999999989,0.7199999999999989,0.7199999999999989,0.7199999999999989,0.7199999999999989,0.7199999999999989,0.7199999999999989,0.7199999999999989,0.7199999999999989,0.7199999999999989,0.7199999999999989,0.7199999999999989,0.7199999999999989,0.7199999999999989,0.7199999999999989,0.7199999999999989,0.7199999999999989,0.7199999999999989,0.7199999999999989,0.7199999999999989,0.7199999999999989,0.7199999999999989,0.7199999999999989,0.7199999999999989,0.7199999999999989,0.7199999999999989,0.7199999999999989,0.7199999999999989,0.7199999999999989,0.7199999999999989,0.7199999999999989,0.7199999999999989,0.7199999999999989,0.7199999999999989,0.7199999999999989,0.7199999999999989,0.7199999999999989,0.7199999999999989,0.7199999999999989,0.7199999999999989,0.7199999999999989,0.7199999999999989,0.7199999999999989,0.7199999999999989,0.7199999999999989,0.7199999999999989,0.7199999999999989,0.7199999999999989,0.7199999999999989,0.7199999999999989,0.7199999999999989,0.7199999999999989,0.7199999999999989,0.7199999999999989,0.7199999999999989,0.7199999999999989,0.7199999999999989,0.7199999999999989,0.7199999999999989,0.7199999999999989,0.7199999999999989,0.7199999999999989,0.7199999999999989,0.7199999999999989,0.7199999999999989,0.7199999999999989,0.7199999999999989
94,0.7600000000000016,0.7600000000000016,0.7600000000000016,0.7600000000000016,0.7600000000000016,0.7600000000000016,0.7600000000000016,0.7600000000000016,0.7600000000000016,0.7600000000000016,0.7600000000000016,0.7600000000000016,0.7600000000000016,0.7600000000000016,0.7600000000000016,0.7600000000000016,0.7600000000000016,0.7600000000000016,0.7600000000000016,0.7600000000000016,0.7600000000000016,0.7600000000000016,0.7600000000000016,0.7600000000000016,0.7600000000000016,0.7600000000000016,0.7600000000000016,0.7600000000000016,0.7600000000000016,0.7600000000000016,0.7600000000000016,0.7600000000000016,0.7600000000000016,0.7600000000000016,0.7600000000000016,0.7600000000000016,0.7600000000000016,0.7600000000000016,0.7600000000000016,0.7600000000000016,0.7600000000000016,0.7600000000000016,0.7600000000000016,0.7600000000000016,0.7600000000000016,0.7600000000000016,0.7600000000000016,0.7600000000000016,0.7600000000000016,0.7600000000000016,0.7600000000000016,0.7600000000000016,0.7600000000000016,0.7600000000000016,0.7600000000000016,0.7600000000000016,0.7600000000000016,0.7600000000000016,0.7600000000000016,0.7600000000000016,0.7600000000000016,0.7600000000000016,0.7600000000000016,0.7600000000000016,0.7600000000000016,0.7600000000000016,0.7600000000000016,0.7600000000000016,0.7600000000000016,0.7600000000000016,0.7600000000000016,0.7600000000000016,0.7600000000000016,0.7600000000000016,0.7600000000000016,0.7600000000000016,0.7600000000000016,0.7600000000000016,0.7600000000000016,0.7600000000000016,0.7600000000000016,0.7600000000000016,0.7600000000000016,0.7600000000000016,0.7600000000000016,0.7600000000000016,0.7600000000000016,0.7600000000000016,0.7600000000000016,0.7600000000000016,0.7600000000000016,0.7600000000000016,0.7600000000000016,0.7600000000000016,0.7600000000000016,0.7600000000000016,0.7600000000000016,0.7600000000000016,0.7600000000000016,0.7600000000000016,0.7600000000000016,0.7600000000000016,0.7600000000000016,0.7600000000000016,0.7600000000000016,0.7600000000000016,0.7600000000000016,0.7600000000000016
95,0.8000000000000007,0.8000000000000007,0.8000000000000007,0.8000000000000007,0.8000000000000007,0.8000000000000007,0.8000000000000007,0.8000000000000007,0.8000000000000007,0.8000000000000007,0.8000000000000007,0.8000000000000007,0.8000000000000007,0.8000000000000007,0.8000000000000007,0.8000000000000007,0.8000000000000007,0.8000000000000007,0.8000000000000007,0.8000000000000007,0.8000000000000007,0.8000000000000007,0.8000000000000007,0.8000000000000007,0.8000000000000007,0.8000000000000007,0.8000000000000007,0.8000000000000007,0.8000000000000007,0.8000000000000007,0.8000000000000007,0.8000000000000007,0.8000000000000007,0.8000000000000007,0.8000000000000007,0.8000000000000007,0.8000000000000007,0.8000000000000007,0.8000000000000007,0.8000000000000007,0.8000000000000007,0.8000000000000007,0.8000000000000007,0.8000000000000007,0.8000000000000007,0.8000000000000007,0.8000000000000007,0.8000000000000007,0.8000000000000007,0.8000000000000007,0.8000000000000007,0.8000000000000007,0.8000000000000007,0.8000000000000007,0.8000000000000007,,0.8000000000000007,0.8000000000000007,0.8000000000000007,0.8000000000000007,0.8000000000000007,0.8000000000000007,0.8000000000000007,0.8000000000000007,0.8000000000000007,0.8000000000000007,0.8000000000000007,0.8000000000000007,0.8000000000000007,0.8000000000000007,0.8000000000000007,0.8000000000000007,0.8000000000000007,0.8000000000000007,0.8000000000000007,0.8000000000000007,0.8000000000000007,0.8000000000000007,0.8000000000000007,0.8000000000000007,0.8000000000000007,0.8000000000000007,0.8000000000000007,0.8000000000000007,0.8000000000000007,0.8000000000000007,0.8000000000000007,0.8000000000000007,0.8000000000000007,0.8000000000000007,0.8000000000000007,0.8000000000000007,0.8000000000000007,0.8000000000000007,0.8000000000000007,0.8000000000000007,0.8000000000000007,0.8000000000000007,0.8000000000000007,0.8000000000000007,0.8000000000000007,0.8000000000000007,0.8000000000000007,0.8000000000000007,0.8000000000000007,0.8000000000000007,0.8000000000000007,0.8000000000000007
96,0.8399999999999999,0.8399999999999999,0.8399999999999999,0.8399999999999999,0.8399999999999999,0.8399999999999999,,0.8399999999999999,,0.8399999999999999,0.8399999999999999,0.8399999999999999,0.8399999999999999,0.8399999999999999,0.8399999999999999,0.8399999999999999,0.8399999999999999,0.8399999999999999,0.8399999999999999,0.8399999999999999,0.8399999999999999,0.8399999999999999,0.8399999999999999,0.8399999999999999,0.8399999999999999,0.8399999999999999,0.8399999999999999,0.8399999999999999,0.8399999999999999,0.8399999999999999,0.8399999999999999,0.8399999999999999,0.8399999999999999,0.8399999999999999,0.8399999999999999,0.8399999999999999,0.8399999999999999,0.8399999999999999,0.8399999999999999,0.8399999999999999,0.8399999999999999,0.8399999999999999,0.8399999999999999,0.8399999999999999,0.8399999999999999,1.363273468017578,0.8399999999999999,0.8399999999999999,0.8399999999999999,0.8399999999999999,0.8399999999999999,0.8399999999999999,0.8399999999999999,0.8399999999999999,0.8399999999999999,,0.8399999999999999,1.0380018615722655,0.8399999999999999,0.8399999999999999,0.8399999999999999,0.8399999999999999,0.8399999999999999,0.8399999999999999,0.8399999999999999,1.1789816284179686,0.8399999999999999,0.8399999999999999,0.8399999999999999,3.1190184020996092,0.8399999999999999,0.8399999999999999,0.8399999999999999,0.8399999999999999,0.8399999999999999,0.8399999999999999,0.8399999999999999,0.8399999999999999,0.8399999999999999,0.8399999999999999,0.8399999999999999,0.8399999999999999,0.8399999999999999,0.8399999999999999,0.8399999999999999,0.8399999999999999,0.8399999999999999,0.8399999999999999,0.8399999999999999,0.8399999999999999,0.8399999999999999,0.8399999999999999,0.8399999999999999,0.8399999999999999,0.8399999999999999,0.8399999999999999,0.8399999999999999,0.8399999999999999,0.8399999999999999,0.8399999999999999,0.8399999999999999,0.8399999999999999,0.8399999999999999,0.8399999999999999,0.8399999999999999,0.8399999999999999,0.8399999999999999,0.8399999999999999
97,0.879999999999999,0.879999999999999,0.879999999999999,0.879999999999999,0.879999999999999,0.879999999999999,,0.879999999999999,,0.879999999999999,0.879999999999999,0.879999999999999,0.0,0.879999999999999,0.879999999999999,0.879999999999999,0.879999999999999,0.879999999999999,0.879999999999999,0.879999999999999,0.879999999999999,0.879999999999999,0.879999999999999,0.879999999999999,0.879999999999999,0.04948318481445213,0.879999999999999,0.879999999999999,0.6651295471191396,0.879999999999999,0.879999999999999,,0.879999999999999,0.879999999999999,0.879999999999999,0.879999999999999,0.879999999999999,0.879999999999999,0.879999999999999,0.0,,,0.879999999999999,,0.879999999999999,,0.879999999999999,0.879999999999999,0.879999999999999,0.879999999999999,0.879999999999999,0.879999999999999,,0.879999999999999,,,0.879999999999999,,0.879999999999999,0.879999999999999,0.879999999999999,0.879999999999999,0.879999999999999,0.879999999999999,,1.2189816284179678,1.0757473754882803,0.879999999999999,0.879999999999999,,,,1.8831242370605459,0.879999999999999,0.879999999999999,0.879999999999999,0.879999999999999,0.879999999999999,0.879999999999999,0.879999999999999,0.879999999999999,0.879999999999999,0.879999999999999,0.879999999999999,0.879999999999999,0.879999999999999,0.879999999999999,0.879999999999999,0.879999999999999,0.879999999999999,0.0,0.879999999999999,,0.879999999999999,0.879999999999999,0.879999999999999,0.879999999999999,0.879999999999999,0.879999999999999,0.879999999999999,0.879999999999999,0.879999999999999,0.879999999999999,,0.879999999999999,0.879999999999999,0.879999999999999,0.879999999999999
98,0.0,0.0,0.10156051635742358,,0.0,,,,,0.0,0.37714569091797046,0.684228820800783,0.0,0.0,0.0,0.34130470275879077,0.0,0.0,1.1640032958984392,0.0793627929687517,0.9200000000000017,,0.0,0.9200000000000017,0.0,0.0,0.0,0.43517105102539233,0.0,0.10062400817871264,,,0.0,0.0,0.0,0.0,0.0,0.0,0.25256912231445483,0.0,,,,,0.0,,0.2814616394042986,,0.0,0.7970656585693376,0.0,,,,,,0.9200000000000017,,0.9200000000000017,0.0,0.0,0.7829646301269548,0.0,0.0,,,1.115747375488283,,0.0,,,,,0.9200000000000017,0.0,,0.40032188415527514,,0.0,0.9200000000000017,0.9200000000000017,0.0,,0.0,0.0,0.0,,0.9200000000000017,0.9200000000000017,0.5724238586425798,0.0,,,,0.1253985595703142,,0.0,0.5139693450927751,0.0,0.0,,1.0398348999023455,0.0,,0.0,0.0,0.6667689514160173,0.7075556945800798
99,0.0,0.0,0.0,,0.0,,,,,0.0,,,0.0,0.0,0.0,0.3813047027587899,,0.0,,0.11936279296875085,,,0.0,0.0,,0.0,0.0,,0.0,0.0,,,,0.0,0.0,0.0,0.0,0.0,,0.0,,,,,0.0,,,,,0.0,0.0,,,,,,,,,0.0,0.0,0.0,0.0,0.0,,,1.155747375488282,,0.0,,,,,,0.0,,,,0.0,,,0.0,,0.0,0.0,0.0,,,,,0.0,,,,0.0,,0.0,0.0,0.0,0.0,,,0.0,,0.0,0.0,,
100,0.26889991760253906,0.0,,,,,,,,1.0201053619384766,,,1.7108497619628906,,0.0,,,0.0,,,,,0.0,,,1.3892059326171875,,,0.0,,,,,,,1.5165290832519531,0.0,0.0,,0.0,,,,,,,,,,,0.0,,,,,,,,,0.0,,,,0.0,,,,,,,,,,,0.0,,,,0.0,,,0.0,,,1.024667739868164,0.0,,,,,,,,,0.0,,0.0,0.0,0.0,,,,0.0,,,0.5304012298583984,,
101,,0.03999999999999915,,,,,,,,,,,,,,,,,,,,,,,,,,,,,,,,,,,,0.03999999999999915,,0.03999999999999915,,,,,,,,,,,,,,,,,,,,0.03999999999999915,,,,,,,,,,,,,,,0.03999999999999915,,,,,,,0.03999999999999915,,,,0.03999999999999915,,,,,,,,,,,0.03999999999999915,0.03999999999999915,0.03999999999999915,,,,0.03999999999999915,,,,,
102,,0.0799999999999983,,,,,,,,,,,,,,,,,,,,,,,,,,,,,,,,,,,,0.0799999999999983,,,,,,,,,,,,,,,,,,,,,,,,,,,,,,,,,,,,,,,,,,,,,,,,,,,,,,,,,,,0.0799999999999983,,0.0799999999999983,,,,0.0799999999999983,,,,,
103,,0.120000000000001,,,,,,,,,,,,,,,,,,,,,,,,,,,,,,,,,,,,0.120000000000001,,,,,,,,,,,,,,,,,,,,,,,,,,,,,,,,,,,,,,,,,,,,,,,,,,,,,,,,,,,0.120000000000001,,4.256383056640626,,,,0.120000000000001,,,,,
104,,0.16000000000000014,,,,,,,,,,,,,,,,,,,,,,,,,,,,,,,,,,,,2.59231201171875,,,,,,,,,,,,,,,,,,,,,,,,,,,,,,,,,,,,,,,,,,,,,,,,,,,,,,,,,,,0.16000000000000014,,,,,,0.16000000000000014,,,,,
105,,0.1999999999999993,,,,,,,,,,,,,,,,,,,,,,,,,,,,,,,,,,,,,,,,,,,,,,,,,,,,,,,,,,,,,,,,,,,,,,,,,,,,,,,,,,,,,,,,,,,,,,,0.1999999999999993,,,,,,0.1999999999999993,,,,,
106,,0.23999999999999844,,,,,,,,,,,,,,,,,,,,,,,,,,,,,,,,,,,,,,,,,,,,,,,,,,,,,,,,,,,,,,,,,,,,,,,,,,,,,,,,,,,,,,,,,,,,,,,0.23999999999999844,,,,,,,,,,,
107,,,,,,,,,,,,,,,,,,,,,,,,,,,,,,,,,,,,,,,,,,,,,,,,,,,,,,,,,,,,,,,,,,,,,,,,,,,,,,,,,,,,,,,,,,,,,,,,,0.28000000000000114,,,,,,,,,,,
108,,,,,,,,,,,,,,,,,,,,,,,,,,,,,,,,,,,,,,,,,,,,,,,,,,,,,,,,,,,,,,,,,,,,,,,,,,,,,,,,,,,,,,,,,,,,,,,,,0.3200000000000003,,,,,,,,,,,
109,,,,,,,,,,,,,,,,,,,,,,,,,,,,,,,,,,,,,,,,,,,,,,,,,,,,,,,,,,,,,,,,,,,,,,,,,,,,,,,,,,,,,,,,,,,,,,,,,,,,,,,,,,,,
110,,,,,,,,,,,,,,,,,,,,,,,,,,,,,,,,,,,,,,,,,,,,,,,,,,,,,,,,,,,,,,,,,,,,,,,,,,,,,,,,,,,,,,,,,,,,,,,,,,,,,,,,,,,,
111,,,,,,,,,,,,,,,,,,,,,,,,,,,,,,,,,,,,,,,,,,,,,,,,,,,,,,,,,,,,,,,,,,,,,,,,,,,,,,,,,,,,,,,,,,,,,,,,,,,,,,,,,,,,
112,,,,,,,,,,,,,,,,,,,,,,,,,,,,,,,,,,,,,,,,,,,,,,,,,,,,,,,,,,,,,,,,,,,,,,,,,,,,,,,,,,,,,,,,,,,,,,,,,0.4800000000000004,,,,,,,,,,,
113,,0.5199999999999996,,,,,,,,,,0.5199999999999996,,0.5199999999999996,,,,,,,,0.5199999999999996,,,,,,,0.549973983764648,,,,,,0.5199999999999996,2.2950148773193355,,,,,,1.3888430786132808,,,0.5199999999999996,,0.5199999999999996,,0.5199999999999996,,,,,,,,,,,0.5199999999999996,,,,,,,,,,,,,,,0.5199999999999996,,,,,,,,,,0.5199999999999996,0.5199999999999996,,,,,0.5199999999999996,,,2.1335177612304683,,,,0.5199999999999996,0.5199999999999996,0.5199999999999996,0.5786795806884761,,0.5199999999999996,,,,,1.333186645507812
114,0.5599999999999987,0.5599999999999987,0.5599999999999987,,,1.0080743408203112,,0.8543458557128893,0.5599999999999987,0.5599999999999987,0.5599999999999987,0.5599999999999987,0.5599999999999987,0.5599999999999987,0.5599999999999987,0.5599999999999987,0.90949493408203,0.5599999999999987,0.5599999999999987,0.5599999999999987,0.5599999999999987,0.5599999999999987,0.5599999999999987,0.5599999999999987,0.5599999999999987,0.5599999999999987,0.5599999999999987,0.5599999999999987,0.5899739837646472,0.5599999999999987,0.5599999999999987,,0.5599999999999987,0.5599999999999987,0.5599999999999987,0.5599999999999987,0.5599999999999987,0.5599999999999987,2.733183441162108,0.5599999999999987,0.5599999999999987,1.42884307861328,0.5599999999999987,1.5789762115478503,0.5599999999999987,0.5599999999999987,0.5599999999999987,1.2037282562255847,0.5599999999999987,0.5599999999999987,0.5599999999999987,0.5599999999999987,0.5599999999999987,3.0616078948974597,0.5599999999999987,0.5599999999999987,0.5599999999999987,0.5599999999999987,0.5599999999999987,0.5599999999999987,0.5599999999999987,0.5599999999999987,0.5599999999999987,0.5599999999999987,0.5599999999999987,0.5599999999999987,0.5599999999999987,,1.553211746215819,0.8218904113769518,,0.9887204742431628,1.7087655639648425,0.5599999999999987,0.5599999999999987,0.5599999999999987,0.5599999999999987,0.5599999999999987,0.5599999999999987,0.5599999999999987,0.5599999999999987,0.5599999999999987,0.5599999999999987,0.5599999999999987,0.5599999999999987,0.5599999999999987,0.5599999999999987,0.5599999999999987,0.5599999999999987,0.5599999999999987,0.5599999999999987,0.9231172180175768,0.5599999999999987,0.5599999999999987,0.5599999999999987,1.497252044677733,0.5599999999999987,0.5599999999999987,0.5599999999999987,0.5599999999999987,0.6186795806884753,,0.5599999999999987,,0.5599999999999987,0.5599999999999987,0.5599999999999987,0.5599999999999987
115,0.6000000000000014,0.6000000000000014,0.6000000000000014,0.830554580688478,0.6000000000000014,0.6000000000000014,0.6000000000000014,0.6000000000000014,0.6000000000000014,0.6000000000000014,0.6000000000000014,0.6000000000000014,0.6000000000000014,0.6000000000000014,0.6000000000000014,0.6000000000000014,0.6000000000000014,0.6000000000000014,0.6000000000000014,0.6000000000000014,0.6000000000000014,0.6000000000000014,0.6000000000000014,0.6000000000000014,0.6000000000000014,0.6000000000000014,0.6000000000000014,0.6000000000000014,0.6000000000000014,0.6000000000000014,0.6000000000000014,0.6000000000000014,0.6000000000000014,0.6000000000000014,0.6000000000000014,0.6000000000000014,0.6000000000000014,0.6000000000000014,0.6000000000000014,0.6000000000000014,0.6000000000000014,0.6000000000000014,0.6000000000000014,0.6000000000000014,0.6000000000000014,0.6000000000000014,0.6000000000000014,0.6000000000000014,0.6000000000000014,0.6000000000000014,0.6000000000000014,0.6000000000000014,0.6000000000000014,0.6000000000000014,0.6000000000000014,0.6000000000000014,0.6000000000000014,0.6000000000000014,0.6000000000000014,0.6000000000000014,0.6000000000000014,0.6000000000000014,0.6000000000000014,0.6000000000000014,0.6000000000000014,0.6000000000000014,0.6000000000000014,0.6000000000000014,0.6000000000000014,0.6000000000000014,0.6000000000000014,0.6000000000000014,0.6000000000000014,0.6000000000000014,0.6000000000000014,0.6000000000000014,0.6000000000000014,0.6000000000000014,0.6000000000000014,0.6000000000000014,0.6000000000000014,0.6000000000000014,0.6000000000000014,0.6000000000000014,0.6000000000000014,0.6000000000000014,0.6000000000000014,0.6000000000000014,0.6000000000000014,0.6000000000000014,0.6000000000000014,0.6000000000000014,0.6000000000000014,0.6000000000000014,0.6000000000000014,0.6000000000000014,0.6000000000000014,0.6000000000000014,0.6000000000000014,0.6000000000000014,0.6000000000000014,0.6000000000000014,0.6000000000000014,0.6000000000000014,0.6000000000000014,0.6000000000000014,0.6000000000000014,0.6000000000000014
116,0.6400000000000006,0.6400000000000006,0.6400000000000006,0.6400000000000006,0.6400000000000006,0.6400000000000006,0.6400000000000006,0.6400000000000006,0.6400000000000006,0.6400000000000006,0.6400000000000006,0.6400000000000006,,0.6400000000000006,0.6400000000000006,1.3219686889648443,0.6400000000000006,0.6400000000000006,0.6400000000000006,0.6400000000000006,0.6400000000000006,1.325400009155274,2.574726715087891,0.6400000000000006,0.6400000000000006,0.6400000000000006,0.6400000000000006,0.6400000000000006,0.6400000000000006,0.6400000000000006,0.6400000000000006,0.6400000000000006,0.6400000000000006,0.6400000000000006,,0.6400000000000006,0.6400000000000006,0.6400000000000006,0.6400000000000006,0.6400000000000006,0.6400000000000006,0.6400000000000006,0.6400000000000006,0.6400000000000006,0.6400000000000006,0.6400000000000006,0.6400000000000006,0.6400000000000006,0.6400000000000006,0.6400000000000006,0.6400000000000006,0.6400000000000006,0.6400000000000006,0.6400000000000006,0.6400000000000006,0.6400000000000006,0.6400000000000006,0.6400000000000006,0.6400000000000006,0.6400000000000006,0.6400000000000006,0.6400000000000006,0.6400000000000006,0.6400000000000006,0.6400000000000006,0.6400000000000006,0.6400000000000006,0.6400000000000006,0.6400000000000006,0.6400000000000006,0.6400000000000006,0.6400000000000006,0.6400000000000006,0.6400000000000006,0.6400000000000006,0.6400000000000006,2.806538238525391,0.6400000000000006,0.6400000000000006,0.6400000000000006,2.559479370117188,0.6400000000000006,0.6400000000000006,0.6400000000000006,0.6400000000000006,0.6400000000000006,0.6400000000000006,0.6400000000000006,0.6400000000000006,0.6400000000000006,1.1069685363769537,0.6400000000000006,0.6400000000000006,0.6400000000000006,0.6400000000000006,0.6400000000000006,0.6400000000000006,0.6400000000000006,0.6400000000000006,0.6400000000000006,0.6400000000000006,0.6400000000000006,0.6400000000000006,0.6400000000000006,0.6400000000000006,0.6400000000000006,0.6400000000000006,0.6400000000000006
117,1.4072262573242185,0.6799999999999997,3.113155059814453,0.6799999999999997,0.6799999999999997,,0.6799999999999997,,2.7513195800781247,0.6799999999999997,1.2807499694824216,4.865634613037109,,,3.6799999999999997,1.3619686889648435,0.6799999999999997,0.6799999999999997,,0.6799999999999997,0.6799999999999997,,,1.4893452453613278,0.6799999999999997,3.5713288116455075,,0.6799999999999997,,0.6799999999999997,,0.6799999999999997,0.6799999999999997,,,0.6799999999999997,,0.6799999999999997,0.6799999999999997,0.6799999999999997,0.6799999999999997,,4.877536468505859,0.6799999999999997,2.3172985839843747,,0.6799999999999997,0.6799999999999997,0.6799999999999997,2.223210983276367,,1.6799999999999997,,0.6799999999999997,0.6799999999999997,,1.9876629638671872,0.6799999999999997,0.6799999999999997,0.6799999999999997,2.9708744812011716,0.6799999999999997,0.6799999999999997,0.6799999999999997,0.6799999999999997,1.6608273315429685,1.6799999999999997,1.1282345581054685,0.6799999999999997,0.6799999999999997,0.6799999999999997,0.6799999999999997,0.6799999999999997,1.6799999999999997,,,,1.6799999999999997,0.6799999999999997,,2.599479370117187,0.6799999999999997,0.6799999999999997,0.6799999999999997,1.6799999999999997,,0.6799999999999997,0.6799999999999997,0.6799999999999997,1.6799999999999997,,0.6799999999999997,0.6799999999999997,0.6799999999999997,0.6799999999999997,0.6799999999999997,0.6799999999999997,0.6799999999999997,,0.6799999999999997,2.08312385559082,0.6799999999999997,0.6799999999999997,0.6799999999999997,0.6799999999999997,0.6799999999999997,0.6799999999999997,0.6799999999999997
118,,,,0.7199999999999989,0.7199999999999989,,,,,,,,,,,,,,,,,,,,0.7199999999999989,,,,,0.7199999999999989,,0.7199999999999989,0.7199999999999989,,,,,0.7199999999999989,,,0.7199999999999989,,,,,,,0.7209555816650379,0.7199999999999989,,,,,,,,,,,0.7199999999999989,,0.7199999999999989,,0.7199999999999989,,,,,0.7199999999999989,,0.7199999999999989,0.7199999999999989,,,,,,,0.7199999999999989,,,,,0.7199999999999989,,,,0.7199999999999989,0.7199999999999989,,,,,,0.7199999999999989,0.7199999999999989,0.7199999999999989,,,,,,0.7199999999999989,0.7199999999999989,,,,
119,,,,0.7600000000000016,,,,,,,,,,,,,,,,,,,,,,,,,,,,,,,,,,0.0,,,,,,,,,,,0.0,,,,,,,,,,,,,,,,,,,,,,,0.7600000000000016,,,,,,,0.7600000000000016,,,,,,,,,0.0,,,,,,,0.7600000000000016,,0.3760316467285172,,,,,,0.7600000000000016,,,,,
120,,,,,,,,,,,,,,,,,,,,,,,,,,,,,,,,,,,,,,,,,,,,,,,,,,,,,,,,,,,,,,,,,,,,,,,,0.0,,,,,,,,,,,,,,,,0.0,,,,,,,,,0.0,,,,,,,,,,,
121,,,,,,,,,,,,,,,,,,,,,,,,,,,,,,,,,,,,,,,,,,,,,,,,,,,,,,,,,,,,,,,,,,,,,,,,,,,,,,,,,,,,,,,,,,,,,,,,,0.0,,,,,,,,,,,
122,,,,,,,,,,,,,,,,,,,,,,,,,,,,,,,,,,,,,,,,,,,,,,,,,,,,,,,,,,,,,,,,,,,,,,,,,,,,,,,,,,,,,,,,,,,,,,,,,0.0,,,,,,,,,,,
123,,,,,,,,,,,,,,,,,,,,,,,,,,,,,,,,,,,,,,,,,,,,,,,,,,,,,,,,,,,,,,,,,,,,,,,,,,,,,,,,,,,,,,,,,,,,,,,,,0.0,,,,,,,,,,,
124,,,,,,,,,,,,,,,,,,,,,,,,,,,,,,,,,,,,,,,,,,,,,,,,,,,,,,,,,,,,,,,,,,,,,,,,,,,,,,,,,,,,,,,,,,,,,,,,,0.0,,,,,,,,,,,
125,,,,,,,,,,,,,,,,,,,,,,,,,,,,,,,,,,,,,,,,,,,,,,,,,,,,,,,,,,,,,,,,,,,,,,,,,,,,,,,2.7434959411621094,,,,,,,,,,,,,,,,,,0.0,,,,,,,,,,,
126,,,,,,,,,,,,,,,,,,,,,,,,,,,,,,,,,,,,,,,,,,,,,,,,,,,,,,,,,,,,,,,,,,,,,,,,,,,,,,,0.019999999999999574,,,,,,,,,,,,,,,,,,0.019999999999999574,,,,,,,,,,,
127,,,,,,,,,,,,,,,,,,,,,,,,,,,,,,,,,,,,,,,,,,,,,,,,,,,,,,,,,,,,,,,,,,,,,,,,,,,,,,,0.03999999999999915,,,,,,,,,,,,,,,,,,0.03999999999999915,,,,,,,,,,,
128,,,,,,,,,,,,,,,,,,,,,,,,,,,,,,,,,,,,,,,,,,,,,,,,,,,,,,,,,,,,,,,,,,,,,,,,,,,,,,,0.05999999999999872,,,,,,,,,,,,,,,,,,0.05999999999999872,,,,,,0.37752777099609247,,,,,
129,,,,,,,,,,,,,,,,,,,,,,,,,,,,,,,,,,,,,,,,,,,,,,,,,,,,,,,,,,,,,,,,,,,,,,,,,,,,,,,0.0799999999999983,,,,,,,,,,,,,,,,,,0.0799999999999983,,,,,,0.0799999999999983,,,,,
130,,,,0.10000000000000142,,,,,,,,,,,,,,,,,,,,,,,,1.626126861572267,,,,,,,,,,,,,,,,,,,,,,,,,,,,,,,,,,,,,,,,,,,,0.10000000000000142,,,,,,,0.10000000000000142,,,,,,0.10000000000000142,,,,0.10000000000000142,,,,,,,,0.10000000000000142,,,,,,0.10000000000000142,,,3.3473564147949233,,3.9534622192382827
131,,0.120000000000001,,0.120000000000001,,,,,,,,,,,,,,,,,,,,0.4076262664794932,1.0727721405029307,,,0.120000000000001,,,,,,,,,,0.120000000000001,,,,,,,,,,0.37879478454589943,,,,,,,,,,,,,,,,,,,,,,,0.18213188171386818,0.120000000000001,0.120000000000001,,,,,,0.120000000000001,,,,,,0.120000000000001,,,0.120000000000001,0.120000000000001,,,,,,0.17582427978515724,,0.120000000000001,,,,,,0.120000000000001,,0.120000000000001,0.120000000000001,,0.120000000000001
132,,0.14000000000000057,0.14000000000000057,0.14000000000000057,0.14000000000000057,,0.14000000000000057,,,0.14000000000000057,,,,,,,0.14000000000000057,,,,,,,0.14000000000000057,0.14000000000000057,2.679253234863282,,0.14000000000000057,,0.14000000000000057,,0.14000000000000057,,,,,,0.14000000000000057,1.1858774566650396,,,,,,,,,0.14000000000000057,0.14000000000000057,0.14000000000000057,,,,,,,,2.3124834442138678,,,,,,,,,,,0.14000000000000057,,0.14000000000000057,0.14000000000000057,0.14000000000000057,,,,,,0.14000000000000057,,,0.14000000000000057,0.14000000000000057,,0.14000000000000057,0.14000000000000057,,0.14000000000000057,0.14000000000000057,0.6809755706787115,,,,,0.14000000000000057,,0.14000000000000057,,,,,,0.14000000000000057,,0.14000000000000057,0.14000000000000057,0.14000000000000057,0.14000000000000057
133,0.16000000000000014,0.16000000000000014,0.16000000000000014,0.16000000000000014,0.16000000000000014,0.3553487396240236,0.16000000000000014,,,0.16000000000000014,0.16000000000000014,0.16000000000000014,,,0.16000000000000014,,0.16000000000000014,0.16000000000000014,,,0.16000000000000014,,0.2621022796630861,0.16000000000000014,0.16000000000000014,0.16000000000000014,0.16000000000000014,0.16000000000000014,,0.16000000000000014,,0.16000000000000014,0.16000000000000014,0.16000000000000014,,0.16000000000000014,0.16000000000000014,0.16000000000000014,0.16000000000000014,0.16000000000000014,,,,,,,0.16000000000000014,0.16000000000000014,0.16000000000000014,0.16000000000000014,,,,,,,,0.16000000000000014,0.16000000000000014,,,0.16000000000000014,0.16000000000000014,0.16000000000000014,,,,,0.16000000000000014,,0.16000000000000014,0.16000000000000014,0.16000000000000014,0.2621022796630861,0.16000000000000014,,,,0.16000000000000014,,,0.16000000000000014,0.16000000000000014,0.16000000000000014,0.16000000000000014,0.16000000000000014,,0.16000000000000014,0.16000000000000014,0.16000000000000014,,,,,0.16000000000000014,,0.16000000000000014,,0.16000000000000014,,,0.16000000000000014,0.16000000000000014,0.16000000000000014,0.16000000000000014,0.16000000000000014,0.16000000000000014,0.16000000000000014
134,0.17999999999999972,0.17999999999999972,0.17999999999999972,0.17999999999999972,0.17999999999999972,0.17999999999999972,0.17999999999999972,,,0.17999999999999972,0.17999999999999972,0.17999999999999972,2.6286389160156247,0.17999999999999972,0.17999999999999972,0.17999999999999972,0.17999999999999972,0.17999999999999972,0.17999999999999972,0.17999999999999972,0.17999999999999972,,0.17999999999999972,0.17999999999999972,0.17999999999999972,0.17999999999999972,0.17999999999999972,0.17999999999999972,0.17999999999999972,0.17999999999999972,,0.17999999999999972,0.17999999999999972,0.17999999999999972,,0.17999999999999972,0.17999999999999972,0.17999999999999972,0.17999999999999972,0.17999999999999972,,,0.17999999999999972,0.17999999999999972,,0.17999999999999972,0.17999999999999972,0.17999999999999972,0.17999999999999972,0.17999999999999972,0.17999999999999972,0.17999999999999972,,3.25322883605957,0.17999999999999972,,,0.17999999999999972,0.17999999999999972,0.17999999999999972,0.39588897705078097,0.17999999999999972,0.17999999999999972,0.17999999999999972,0.17999999999999972,3.0958763885498044,0.17999999999999972,0.17999999999999972,0.17999999999999972,,0.17999999999999972,0.17999999999999972,0.17999999999999972,0.17999999999999972,0.17999999999999972,0.17999999999999972,0.17999999999999972,,0.17999999999999972,0.17999999999999972,,0.17999999999999972,0.17999999999999972,0.17999999999999972,0.17999999999999972,0.17999999999999972,,0.17999999999999972,0.17999999999999972,0.17999999999999972,,0.17999999999999972,0.17999999999999972,,0.17999999999999972,0.21160285949707003,0.17999999999999972,,0.17999999999999972,,0.17999999999999972,0.17999999999999972,0.17999999999999972,0.17999999999999972,0.17999999999999972,0.17999999999999972,0.17999999999999972,0.17999999999999972
135,0.1999999999999993,0.1999999999999993,0.1999999999999993,0.1999999999999993,0.1999999999999993,0.1999999999999993,0.1999999999999993,0.1999999999999993,,0.1999999999999993,0.1999999999999993,0.1999999999999993,0.1999999999999993,0.1999999999999993,0.1999999999999993,0.1999999999999993,0.1999999999999993,0.1999999999999993,0.1999999999999993,0.1999999999999993,0.1999999999999993,0.1999999999999993,0.1999999999999993,0.1999999999999993,0.1999999999999993,0.1999999999999993,0.1999999999999993,0.1999999999999993,0.1999999999999993,0.1999999999999993,0.1999999999999993,0.1999999999999993,0.1999999999999993,0.1999999999999993,0.1999999999999993,0.1999999999999993,0.1999999999999993,0.1999999999999993,0.1999999999999993,0.1999999999999993,0.1999999999999993,0.1999999999999993,0.1999999999999993,0.1999999999999993,0.1999999999999993,0.1999999999999993,0.1999999999999993,0.1999999999999993,0.1999999999999993,0.1999999999999993,0.1999999999999993,0.1999999999999993,0.1999999999999993,0.1999999999999993,0.1999999999999993,,0.1999999999999993,0.1999999999999993,0.1999999999999993,0.1999999999999993,0.1999999999999993,0.1999999999999993,0.1999999999999993,0.1999999999999993,0.1999999999999993,0.1999999999999993,0.1999999999999993,0.1999999999999993,0.1999999999999993,0.1999999999999993,0.1999999999999993,0.1999999999999993,0.1999999999999993,0.1999999999999993,0.1999999999999993,0.1999999999999993,0.1999999999999993,0.1999999999999993,0.1999999999999993,0.1999999999999993,0.1999999999999993,0.1999999999999993,0.1999999999999993,0.1999999999999993,0.1999999999999993,0.1999999999999993,0.1999999999999993,0.1999999999999993,0.1999999999999993,0.1999999999999993,,0.1999999999999993,0.1999999999999993,0.1999999999999993,0.1999999999999993,0.1999999999999993,0.1999999999999993,,0.1999999999999993,0.1999999999999993,0.1999999999999993,0.1999999999999993,0.1999999999999993,0.1999999999999993,0.1999999999999993,0.1999999999999993,0.1999999999999993,0.1999999999999993
136,0.21999999999999886,0.21999999999999886,0.21999999999999886,0.21999999999999886,0.21999999999999886,0.21999999999999886,0.21999999999999886,0.21999999999999886,0.21999999999999886,0.21999999999999886,0.21999999999999886,0.21999999999999886,0.21999999999999886,0.21999999999999886,0.21999999999999886,0.21999999999999886,0.21999999999999886,0.21999999999999886,0.21999999999999886,0.21999999999999886,0.21999999999999886,0.21999999999999886,0.21999999999999886,0.21999999999999886,0.21999999999999886,0.21999999999999886,0.21999999999999886,0.21999999999999886,0.21999999999999886,0.21999999999999886,0.21999999999999886,0.21999999999999886,0.21999999999999886,0.21999999999999886,0.21999999999999886,0.21999999999999886,0.21999999999999886,0.21999999999999886,0.21999999999999886,0.21999999999999886,0.21999999999999886,0.21999999999999886,0.21999999999999886,0.21999999999999886,0.21999999999999886,0.21999999999999886,0.21999999999999886,0.21999999999999886,0.21999999999999886,0.21999999999999886,0.21999999999999886,0.21999999999999886,0.21999999999999886,0.21999999999999886,0.21999999999999886,0.21999999999999886,0.21999999999999886,0.21999999999999886,0.21999999999999886,0.21999999999999886,0.21999999999999886,0.21999999999999886,0.21999999999999886,0.21999999999999886,0.21999999999999886,0.21999999999999886,0.21999999999999886,0.21999999999999886,0.21999999999999886,0.21999999999999886,0.21999999999999886,0.21999999999999886,0.21999999999999886,0.21999999999999886,0.21999999999999886,0.21999999999999886,0.21999999999999886,0.21999999999999886,0.21999999999999886,0.21999999999999886,0.21999999999999886,0.21999999999999886,0.21999999999999886,0.21999999999999886,0.21999999999999886,0.21999999999999886,0.21999999999999886,0.21999999999999886,0.21999999999999886,0.21999999999999886,0.21999999999999886,0.21999999999999886,0.21999999999999886,0.21999999999999886,0.21999999999999886,0.21999999999999886,0.21999999999999886,0.21999999999999886,0.21999999999999886,0.21999999999999886,0.21999999999999886,0.21999999999999886,0.21999999999999886,0.21999999999999886,0.21999999999999886,0.21999999999999886,0.21999999999999886,0.21999999999999886
137,0.23999999999999844,0.23999999999999844,0.23999999999999844,0.23999999999999844,0.23999999999999844,0.23999999999999844,0.23999999999999844,0.23999999999999844,0.23999999999999844,0.23999999999999844,0.23999999999999844,0.23999999999999844,0.23999999999999844,0.23999999999999844,0.23999999999999844,0.23999999999999844,0.23999999999999844,0.23999999999999844,0.23999999999999844,0.23999999999999844,0.23999999999999844,0.23999999999999844,0.23999999999999844,0.23999999999999844,0.23999999999999844,0.23999999999999844,0.23999999999999844,0.23999999999999844,0.23999999999999844,0.23999999999999844,0.23999999999999844,0.23999999999999844,0.23999999999999844,0.23999999999999844,0.23999999999999844,0.23999999999999844,0.23999999999999844,0.23999999999999844,0.23999999999999844,0.23999999999999844,0.23999999999999844,0.23999999999999844,0.23999999999999844,0.23999999999999844,0.23999999999999844,0.23999999999999844,0.23999999999999844,0.23999999999999844,0.23999999999999844,0.23999999999999844,0.23999999999999844,0.23999999999999844,0.23999999999999844,0.23999999999999844,0.23999999999999844,0.23999999999999844,0.23999999999999844,0.23999999999999844,0.23999999999999844,0.23999999999999844,0.23999999999999844,0.23999999999999844,0.23999999999999844,0.23999999999999844,0.23999999999999844,0.23999999999999844,0.23999999999999844,0.23999999999999844,0.23999999999999844,0.23999999999999844,0.23999999999999844,0.23999999999999844,0.23999999999999844,0.23999999999999844,0.23999999999999844,0.23999999999999844,0.23999999999999844,0.23999999999999844,0.23999999999999844,0.23999999999999844,0.23999999999999844,0.23999999999999844,0.23999999999999844,0.23999999999999844,0.23999999999999844,0.23999999999999844,0.23999999999999844,0.23999999999999844,0.23999999999999844,0.23999999999999844,0.23999999999999844,0.23999999999999844,0.23999999999999844,0.23999999999999844,0.23999999999999844,0.23999999999999844,0.23999999999999844,0.23999999999999844,0.23999999999999844,0.23999999999999844,0.23999999999999844,0.23999999999999844,0.23999999999999844,0.23999999999999844,0.23999999999999844,0.23999999999999844,0.23999999999999844,0.23999999999999844
138,0.26000000000000156,0.26000000000000156,0.26000000000000156,0.26000000000000156,0.26000000000000156,0.26000000000000156,0.26000000000000156,0.26000000000000156,0.26000000000000156,0.26000000000000156,0.26000000000000156,0.26000000000000156,0.26000000000000156,0.26000000000000156,0.26000000000000156,0.26000000000000156,0.26000000000000156,0.26000000000000156,0.26000000000000156,0.26000000000000156,0.26000000000000156,0.26000000000000156,0.26000000000000156,0.26000000000000156,0.26000000000000156,0.26000000000000156,0.26000000000000156,0.26000000000000156,0.26000000000000156,0.26000000000000156,0.26000000000000156,0.26000000000000156,0.26000000000000156,0.26000000000000156,0.26000000000000156,0.26000000000000156,0.26000000000000156,0.26000000000000156,0.26000000000000156,0.26000000000000156,0.26000000000000156,0.26000000000000156,0.26000000000000156,0.26000000000000156,0.26000000000000156,0.26000000000000156,0.26000000000000156,0.26000000000000156,0.26000000000000156,0.26000000000000156,0.26000000000000156,0.26000000000000156,0.26000000000000156,0.26000000000000156,0.26000000000000156,0.26000000000000156,0.26000000000000156,0.26000000000000156,0.26000000000000156,0.26000000000000156,0.26000000000000156,0.26000000000000156,0.26000000000000156,0.26000000000000156,0.26000000000000156,0.26000000000000156,0.26000000000000156,0.26000000000000156,0.26000000000000156,0.26000000000000156,0.26000000000000156,0.26000000000000156,0.26000000000000156,0.26000000000000156,0.26000000000000156,0.26000000000000156,0.26000000000000156,0.26000000000000156,0.26000000000000156,0.26000000000000156,0.26000000000000156,0.26000000000000156,0.26000000000000156,0.26000000000000156,0.26000000000000156,0.26000000000000156,0.26000000000000156,0.26000000000000156,0.26000000000000156,0.26000000000000156,0.26000000000000156,0.26000000000000156,0.26000000000000156,0.26000000000000156,0.26000000000000156,0.26000000000000156,0.26000000000000156,0.26000000000000156,0.26000000000000156,0.26000000000000156,0.26000000000000156,0.26000000000000156,0.26000000000000156,0.26000000000000156,0.26000000000000156,0.26000000000000156,0.26000000000000156,0.26000000000000156
139,0.28000000000000114,0.28000000000000114,0.28000000000000114,0.28000000000000114,0.28000000000000114,0.28000000000000114,0.28000000000000114,0.28000000000000114,0.28000000000000114,0.28000000000000114,0.28000000000000114,0.28000000000000114,0.28000000000000114,0.28000000000000114,0.28000000000000114,0.28000000000000114,0.28000000000000114,0.28000000000000114,0.28000000000000114,0.28000000000000114,0.28000000000000114,0.28000000000000114,0.28000000000000114,0.28000000000000114,0.28000000000000114,0.28000000000000114,0.28000000000000114,0.28000000000000114,0.28000000000000114,0.28000000000000114,0.28000000000000114,0.28000000000000114,0.28000000000000114,0.28000000000000114,0.28000000000000114,0.28000000000000114,0.28000000000000114,0.28000000000000114,0.28000000000000114,0.28000000000000114,0.28000000000000114,0.28000000000000114,0.28000000000000114,0.28000000000000114,0.28000000000000114,0.28000000000000114,0.28000000000000114,0.28000000000000114,0.28000000000000114,0.28000000000000114,0.28000000000000114,0.28000000000000114,0.28000000000000114,0.28000000000000114,0.28000000000000114,0.28000000000000114,0.28000000000000114,0.28000000000000114,0.28000000000000114,0.28000000000000114,0.28000000000000114,0.28000000000000114,0.28000000000000114,0.28000000000000114,0.28000000000000114,0.28000000000000114,0.28000000000000114,0.28000000000000114,0.28000000000000114,0.28000000000000114,0.28000000000000114,0.28000000000000114,0.28000000000000114,0.28000000000000114,0.28000000000000114,0.28000000000000114,0.28000000000000114,0.28000000000000114,0.28000000000000114,0.28000000000000114,0.28000000000000114,0.28000000000000114,0.28000000000000114,0.28000000000000114,0.28000000000000114,0.28000000000000114,0.28000000000000114,0.28000000000000114,0.28000000000000114,0.28000000000000114,0.28000000000000114,0.28000000000000114,0.28000000000000114,0.28000000000000114,0.28000000000000114,0.28000000000000114,0.28000000000000114,0.28000000000000114,0.28000000000000114,0.28000000000000114,0.28000000000000114,0.28000000000000114,0.28000000000000114,0.28000000000000114,0.28000000000000114,0.28000000000000114,0.28000000000000114,0.28000000000000114
140,0.3000000000000007,0.3000000000000007,0.3000000000000007,0.3000000000000007,0.3000000000000007,0.3000000000000007,0.3000000000000007,0.3000000000000007,0.3000000000000007,0.3000000000000007,0.3000000000000007,0.3000000000000007,0.3000000000000007,0.3000000000000007,0.3000000000000007,0.3000000000000007,0.3000000000000007,0.3000000000000007,0.3000000000000007,0.3000000000000007,0.3000000000000007,0.3000000000000007,0.3000000000000007,0.3000000000000007,0.3000000000000007,0.3000000000000007,0.3000000000000007,0.3000000000000007,0.3000000000000007,0.3000000000000007,0.3000000000000007,0.3000000000000007,0.3000000000000007,0.3000000000000007,0.3000000000000007,0.3000000000000007,0.3000000000000007,0.3000000000000007,0.3000000000000007,0.3000000000000007,0.3000000000000007,0.3000000000000007,0.3000000000000007,0.3000000000000007,0.3000000000000007,0.3000000000000007,0.3000000000000007,0.3000000000000007,0.3000000000000007,0.3000000000000007,0.3000000000000007,0.3000000000000007,0.3000000000000007,0.3000000000000007,0.3000000000000007,0.3000000000000007,0.3000000000000007,0.3000000000000007,0.3000000000000007,0.3000000000000007,0.3000000000000007,0.3000000000000007,0.3000000000000007,0.3000000000000007,0.3000000000000007,0.3000000000000007,0.3000000000000007,0.3000000000000007,0.3000000000000007,0.3000000000000007,0.3000000000000007,0.3000000000000007,0.3000000000000007,0.3000000000000007,0.3000000000000007,0.3000000000000007,0.3000000000000007,0.3000000000000007,0.3000000000000007,0.3000000000000007,0.3000000000000007,0.3000000000000007,0.3000000000000007,0.3000000000000007,0.3000000000000007,0.3000000000000007,0.3000000000000007,0.3000000000000007,0.3000000000000007,0.3000000000000007,0.3000000000000007,0.3000000000000007,0.3000000000000007,0.3000000000000007,0.3000000000000007,0.3000000000000007,0.3000000000000007,0.3000000000000007,0.3000000000000007,0.3000000000000007,0.3000000000000007,0.3000000000000007,0.3000000000000007,0.3000000000000007,0.3000000000000007,0.3000000000000007,0.3000000000000007,0.3000000000000007
141,0.3200000000000003,0.3200000000000003,0.3200000000000003,0.3200000000000003,0.3200000000000003,0.3200000000000003,0.3200000000000003,0.3200000000000003,0.3200000000000003,0.3200000000000003,0.3200000000000003,0.3200000000000003,0.3200000000000003,0.3200000000000003,0.3200000000000003,0.3200000000000003,0.3200000000000003,0.3200000000000003,0.3200000000000003,0.3200000000000003,0.3200000000000003,0.3200000000000003,0.3200000000000003,0.3200000000000003,0.3200000000000003,0.3200000000000003,0.3200000000000003,0.3200000000000003,0.3200000000000003,0.3200000000000003,0.3200000000000003,0.3200000000000003,0.3200000000000003,0.3200000000000003,0.3200000000000003,0.3200000000000003,0.3200000000000003,0.3200000000000003,0.3200000000000003,0.3200000000000003,0.3200000000000003,0.3200000000000003,0.3200000000000003,0.3200000000000003,0.3200000000000003,0.3200000000000003,0.3200000000000003,0.3200000000000003,0.3200000000000003,0.3200000000000003,0.3200000000000003,0.3200000000000003,0.3200000000000003,0.3200000000000003,0.3200000000000003,0.3200000000000003,0.3200000000000003,0.3200000000000003,0.3200000000000003,0.3200000000000003,0.3200000000000003,0.3200000000000003,0.3200000000000003,0.3200000000000003,0.3200000000000003,0.3200000000000003,0.3200000000000003,0.3200000000000003,0.3200000000000003,0.3200000000000003,0.3200000000000003,0.3200000000000003,0.3200000000000003,0.3200000000000003,0.3200000000000003,0.3200000000000003,0.3200000000000003,0.3200000000000003,0.3200000000000003,0.3200000000000003,0.3200000000000003,0.3200000000000003,0.3200000000000003,0.3200000000000003,0.3200000000000003,0.3200000000000003,0.3200000000000003,0.3200000000000003,0.3200000000000003,0.3200000000000003,0.3200000000000003,0.3200000000000003,0.3200000000000003,0.3200000000000003,0.3200000000000003,0.3200000000000003,0.3200000000000003,0.3200000000000003,0.3200000000000003,0.3200000000000003,0.3200000000000003,0.3200000000000003,0.3200000000000003,0.3200000000000003,0.3200000000000003,0.3200000000000003,0.3200000000000003,0.3200000000000003
142,0.33999999999999986,0.33999999999999986,0.33999999999999986,0.33999999999999986,0.33999999999999986,0.33999999999999986,0.33999999999999986,0.33999999999999986,0.33999999999999986,0.33999999999999986,0.33999999999999986,0.33999999999999986,0.33999999999999986,0.33999999999999986,0.33999999999999986,0.33999999999999986,0.33999999999999986,0.33999999999999986,0.33999999999999986,0.33999999999999986,0.33999999999999986,0.33999999999999986,0.33999999999999986,0.33999999999999986,0.33999999999999986,0.33999999999999986,0.33999999999999986,0.33999999999999986,0.33999999999999986,0.33999999999999986,0.33999999999999986,0.33999999999999986,0.33999999999999986,0.33999999999999986,0.33999999999999986,0.33999999999999986,0.33999999999999986,0.33999999999999986,0.33999999999999986,0.33999999999999986,0.33999999999999986,0.33999999999999986,0.33999999999999986,0.33999999999999986,0.33999999999999986,0.33999999999999986,0.33999999999999986,0.33999999999999986,0.33999999999999986,0.33999999999999986,0.33999999999999986,0.33999999999999986,0.33999999999999986,0.33999999999999986,0.33999999999999986,0.33999999999999986,0.33999999999999986,0.33999999999999986,0.33999999999999986,0.33999999999999986,0.33999999999999986,0.33999999999999986,0.33999999999999986,0.33999999999999986,0.33999999999999986,0.33999999999999986,0.33999999999999986,0.33999999999999986,0.33999999999999986,0.33999999999999986,0.33999999999999986,0.33999999999999986,0.33999999999999986,0.33999999999999986,0.33999999999999986,0.33999999999999986,0.33999999999999986,0.33999999999999986,0.33999999999999986,0.33999999999999986,0.33999999999999986,0.33999999999999986,0.33999999999999986,0.33999999999999986,0.33999999999999986,0.33999999999999986,0.33999999999999986,0.33999999999999986,0.33999999999999986,0.33999999999999986,0.33999999999999986,0.33999999999999986,0.33999999999999986,0.33999999999999986,0.33999999999999986,0.33999999999999986,0.33999999999999986,0.33999999999999986,0.33999999999999986,0.33999999999999986,0.33999999999999986,0.33999999999999986,0.33999999999999986,0.33999999999999986,0.33999999999999986,0.33999999999999986,0.33999999999999986,0.33999999999999986
143,0.35999999999999943,0.35999999999999943,0.35999999999999943,0.35999999999999943,0.35999999999999943,0.35999999999999943,0.35999999999999943,0.35999999999999943,0.35999999999999943,0.35999999999999943,0.35999999999999943,0.35999999999999943,0.35999999999999943,0.35999999999999943,0.35999999999999943,0.35999999999999943,0.35999999999999943,0.35999999999999943,0.35999999999999943,0.35999999999999943,0.35999999999999943,0.35999999999999943,0.35999999999999943,0.35999999999999943,0.35999999999999943,0.35999999999999943,0.35999999999999943,0.35999999999999943,0.35999999999999943,0.35999999999999943,0.35999999999999943,0.35999999999999943,0.35999999999999943,0.35999999999999943,0.35999999999999943,0.35999999999999943,0.35999999999999943,0.35999999999999943,0.35999999999999943,0.35999999999999943,0.35999999999999943,0.35999999999999943,0.35999999999999943,0.35999999999999943,0.35999999999999943,0.35999999999999943,0.35999999999999943,0.35999999999999943,0.35999999999999943,0.35999999999999943,0.35999999999999943,0.35999999999999943,0.35999999999999943,0.35999999999999943,0.35999999999999943,0.35999999999999943,0.35999999999999943,0.35999999999999943,0.35999999999999943,0.35999999999999943,0.35999999999999943,0.35999999999999943,0.35999999999999943,0.35999999999999943,0.35999999999999943,0.35999999999999943,0.35999999999999943,0.35999999999999943,0.35999999999999943,0.35999999999999943,0.35999999999999943,0.35999999999999943,0.35999999999999943,0.35999999999999943,0.35999999999999943,0.35999999999999943,0.35999999999999943,0.35999999999999943,0.35999999999999943,0.35999999999999943,0.35999999999999943,0.35999999999999943,0.35999999999999943,0.35999999999999943,0.35999999999999943,0.35999999999999943,0.35999999999999943,0.35999999999999943,0.35999999999999943,0.35999999999999943,0.35999999999999943,0.35999999999999943,0.35999999999999943,0.35999999999999943,0.35999999999999943,0.35999999999999943,0.35999999999999943,0.35999999999999943,0.35999999999999943,0.35999999999999943,0.35999999999999943,0.35999999999999943,0.35999999999999943,0.35999999999999943,0.35999999999999943,0.35999999999999943,0.35999999999999943,0.35999999999999943
144,0.379999999999999,0.379999999999999,0.379999999999999,0.379999999999999,0.379999999999999,0.379999999999999,0.379999999999999,0.379999999999999,0.379999999999999,0.379999999999999,0.379999999999999,0.379999999999999,0.379999999999999,0.379999999999999,0.379999999999999,0.379999999999999,0.379999999999999,0.379999999999999,0.379999999999999,0.379999999999999,0.379999999999999,0.379999999999999,0.379999999999999,0.379999999999999,0.379999999999999,0.379999999999999,0.379999999999999,0.379999999999999,0.379999999999999,0.379999999999999,0.379999999999999,0.379999999999999,0.379999999999999,0.379999999999999,0.379999999999999,0.379999999999999,0.379999999999999,0.379999999999999,0.379999999999999,0.379999999999999,0.379999999999999,0.379999999999999,0.379999999999999,0.379999999999999,0.379999999999999,0.379999999999999,0.379999999999999,0.379999999999999,0.379999999999999,0.379999999999999,0.379999999999999,0.379999999999999,0.379999999999999,0.379999999999999,0.379999999999999,0.379999999999999,0.379999999999999,0.379999999999999,0.379999999999999,0.379999999999999,0.379999999999999,0.379999999999999,0.379999999999999,0.379999999999999,0.379999999999999,0.379999999999999,0.379999999999999,0.379999999999999,0.379999999999999,0.379999999999999,0.379999999999999,0.379999999999999,0.379999999999999,0.379999999999999,0.379999999999999,0.379999999999999,0.379999999999999,0.379999999999999,0.379999999999999,0.379999999999999,0.379999999999999,0.379999999999999,0.379999999999999,0.379999999999999,0.379999999999999,0.379999999999999,0.379999999999999,0.379999999999999,0.379999999999999,0.379999999999999,0.379999999999999,0.379999999999999,0.379999999999999,0.379999999999999,0.379999999999999,0.379999999999999,0.379999999999999,0.379999999999999,0.379999999999999,0.379999999999999,0.379999999999999,0.379999999999999,0.379999999999999,0.379999999999999,0.379999999999999,0.379999999999999,0.379999999999999,0.379999999999999
145,0.3999999999999986,0.3999999999999986,0.3999999999999986,0.3999999999999986,0.3999999999999986,0.3999999999999986,0.3999999999999986,0.3999999999999986,0.3999999999999986,0.3999999999999986,0.3999999999999986,0.3999999999999986,0.3999999999999986,0.3999999999999986,0.3999999999999986,0.3999999999999986,0.3999999999999986,0.3999999999999986,0.3999999999999986,0.3999999999999986,0.3999999999999986,0.3999999999999986,0.3999999999999986,0.3999999999999986,0.3999999999999986,0.3999999999999986,0.3999999999999986,0.3999999999999986,0.3999999999999986,0.3999999999999986,0.3999999999999986,0.3999999999999986,0.3999999999999986,0.3999999999999986,0.3999999999999986,0.3999999999999986,0.3999999999999986,0.3999999999999986,0.3999999999999986,0.3999999999999986,0.3999999999999986,0.3999999999999986,0.3999999999999986,0.3999999999999986,0.3999999999999986,0.3999999999999986,0.3999999999999986,0.3999999999999986,0.3999999999999986,0.3999999999999986,0.3999999999999986,0.3999999999999986,0.3999999999999986,0.3999999999999986,0.3999999999999986,0.3999999999999986,0.3999999999999986,0.3999999999999986,0.3999999999999986,0.3999999999999986,0.3999999999999986,0.3999999999999986,0.3999999999999986,0.3999999999999986,0.3999999999999986,0.3999999999999986,0.3999999999999986,0.3999999999999986,0.3999999999999986,0.3999999999999986,0.3999999999999986,0.3999999999999986,0.3999999999999986,0.3999999999999986,0.3999999999999986,0.3999999999999986,0.3999999999999986,0.3999999999999986,0.3999999999999986,0.3999999999999986,0.3999999999999986,0.3999999999999986,0.3999999999999986,0.3999999999999986,0.3999999999999986,0.3999999999999986,0.3999999999999986,0.3999999999999986,0.3999999999999986,0.3999999999999986,0.3999999999999986,0.3999999999999986,0.3999999999999986,0.3999999999999986,0.3999999999999986,0.3999999999999986,0.3999999999999986,0.3999999999999986,0.3999999999999986,0.3999999999999986,0.3999999999999986,0.3999999999999986,0.3999999999999986,0.3999999999999986,0.3999999999999986,0.3999999999999986,0.3999999999999986,0.3999999999999986
146,0.4200000000000017,0.4200000000000017,0.4200000000000017,0.4200000000000017,0.4200000000000017,0.4200000000000017,0.4200000000000017,0.4200000000000017,0.4200000000000017,0.4200000000000017,0.4200000000000017,0.4200000000000017,0.4200000000000017,0.4200000000000017,0.4200000000000017,0.4200000000000017,0.4200000000000017,0.4200000000000017,0.4200000000000017,0.4200000000000017,0.4200000000000017,0.4200000000000017,0.4200000000000017,0.4200000000000017,0.4200000000000017,0.4200000000000017,0.4200000000000017,0.4200000000000017,0.4200000000000017,0.4200000000000017,0.4200000000000017,0.4200000000000017,0.4200000000000017,0.4200000000000017,0.4200000000000017,0.4200000000000017,0.4200000000000017,0.4200000000000017,0.4200000000000017,0.4200000000000017,0.4200000000000017,0.4200000000000017,0.4200000000000017,0.4200000000000017,0.4200000000000017,0.4200000000000017,0.4200000000000017,0.4200000000000017,0.4200000000000017,0.4200000000000017,0.4200000000000017,0.4200000000000017,0.4200000000000017,0.4200000000000017,0.4200000000000017,0.4200000000000017,0.4200000000000017,0.4200000000000017,0.4200000000000017,0.4200000000000017,0.4200000000000017,0.4200000000000017,0.4200000000000017,0.4200000000000017,0.4200000000000017,0.4200000000000017,0.4200000000000017,0.4200000000000017,0.4200000000000017,0.4200000000000017,0.4200000000000017,0.4200000000000017,0.4200000000000017,0.4200000000000017,0.4200000000000017,0.4200000000000017,0.4200000000000017,0.4200000000000017,0.4200000000000017,0.4200000000000017,0.4200000000000017,0.4200000000000017,0.4200000000000017,0.4200000000000017,0.4200000000000017,0.4200000000000017,0.4200000000000017,0.4200000000000017,0.4200000000000017,0.4200000000000017,0.4200000000000017,0.4200000000000017,0.4200000000000017,0.4200000000000017,0.4200000000000017,0.4200000000000017,0.4200000000000017,0.4200000000000017,0.4200000000000017,0.4200000000000017,0.4200000000000017,0.4200000000000017,0.4200000000000017,0.4200000000000017,0.4200000000000017,0.4200000000000017,0.4200000000000017,0.4200000000000017
147,0.4400000000000013,0.4400000000000013,0.4400000000000013,0.4400000000000013,0.4400000000000013,0.4400000000000013,0.4400000000000013,0.4400000000000013,0.4400000000000013,0.4400000000000013,0.4400000000000013,0.4400000000000013,0.4400000000000013,0.4400000000000013,0.4400000000000013,0.4400000000000013,0.4400000000000013,0.4400000000000013,0.4400000000000013,0.4400000000000013,0.4400000000000013,0.4400000000000013,0.4400000000000013,0.4400000000000013,0.4400000000000013,0.4400000000000013,0.4400000000000013,0.4400000000000013,0.4400000000000013,0.4400000000000013,0.4400000000000013,0.4400000000000013,0.4400000000000013,,0.4400000000000013,0.4400000000000013,0.4400000000000013,0.4400000000000013,0.4400000000000013,0.4400000000000013,0.4400000000000013,0.4400000000000013,0.4400000000000013,,0.4400000000000013,0.4400000000000013,0.4400000000000013,0.4400000000000013,0.4400000000000013,0.4400000000000013,0.4400000000000013,0.4400000000000013,0.4400000000000013,0.4400000000000013,0.4400000000000013,0.4400000000000013,0.4400000000000013,0.4400000000000013,0.4400000000000013,0.4400000000000013,0.4400000000000013,0.4400000000000013,0.4400000000000013,0.4400000000000013,0.4400000000000013,0.4400000000000013,0.4400000000000013,0.4400000000000013,0.4400000000000013,0.4400000000000013,0.4400000000000013,0.4400000000000013,0.4400000000000013,0.4400000000000013,0.4400000000000013,0.4400000000000013,0.4400000000000013,,0.4400000000000013,0.4400000000000013,0.4400000000000013,0.4400000000000013,0.4400000000000013,0.4400000000000013,0.4400000000000013,0.4400000000000013,0.4400000000000013,0.4400000000000013,0.4400000000000013,0.4400000000000013,0.4400000000000013,0.4400000000000013,0.4400000000000013,0.4400000000000013,0.4400000000000013,0.4400000000000013,0.4400000000000013,0.4400000000000013,0.4400000000000013,0.4400000000000013,0.4400000000000013,,0.4400000000000013,0.4400000000000013,0.4400000000000013,0.4400000000000013,0.4400000000000013,0.4400000000000013
148,,0.46000000000000085,0.46000000000000085,0.46000000000000085,0.46000000000000085,,0.46000000000000085,0.46000000000000085,0.46000000000000085,0.46000000000000085,0.46000000000000085,0.46000000000000085,,,0.46000000000000085,0.46000000000000085,0.46000000000000085,,,0.46000000000000085,0.46000000000000085,,0.46000000000000085,0.46000000000000085,0.46000000000000085,0.46000000000000085,0.46000000000000085,0.46000000000000085,0.46000000000000085,0.46000000000000085,,0.46000000000000085,0.46000000000000085,,,0.46000000000000085,0.46000000000000085,0.46000000000000085,0.46000000000000085,,0.46000000000000085,,0.46000000000000085,,0.46000000000000085,0.46000000000000085,0.46000000000000085,0.46000000000000085,0.46000000000000085,0.46000000000000085,0.46000000000000085,,,,0.46000000000000085,0.46000000000000085,0.46000000000000085,0.46000000000000085,,0.46000000000000085,0.46000000000000085,0.46000000000000085,0.46000000000000085,0.46000000000000085,0.46000000000000085,0.46000000000000085,0.46000000000000085,,0.46000000000000085,,0.46000000000000085,0.46000000000000085,0.46000000000000085,,0.46000000000000085,,0.46000000000000085,,0.46000000000000085,0.46000000000000085,,0.46000000000000085,0.46000000000000085,0.46000000000000085,0.46000000000000085,0.46000000000000085,0.46000000000000085,0.46000000000000085,0.46000000000000085,0.46000000000000085,,,0.46000000000000085,0.46000000000000085,0.46000000000000085,0.46000000000000085,0.46000000000000085,0.46000000000000085,0.46000000000000085,,,,0.46000000000000085,0.46000000000000085,0.46000000000000085,0.46000000000000085,0.46000000000000085,0.46000000000000085
149,0.4800000000000004,0.4800000000000004,0.4800000000000004,0.4800000000000004,0.4800000000000004,,0.4800000000000004,0.4800000000000004,0.4800000000000004,0.4800000000000004,0.4800000000000004,0.4800000000000004,,,0.4800000000000004,,0.4800000000000004,,,0.4800000000000004,,,,0.4800000000000004,0.4800000000000004,,0.4800000000000004,0.4800000000000004,,0.4800000000000004,,0.4800000000000004,0.4800000000000004,0.4800000000000004,,0.4800000000000004,0.4800000000000004,0.4800000000000004,0.4800000000000004,,,,,,,,0.4800000000000004,0.4800000000000004,0.4800000000000004,0.4800000000000004,0.4800000000000004,,,,,0.4800000000000004,0.4800000000000004,0.8611798095703129,,,,0.4800000000000004,0.4800000000000004,0.4800000000000004,0.4800000000000004,,0.5544724273681645,,0.4800000000000004,,0.4800000000000004,0.4800000000000004,0.4800000000000004,,0.4800000000000004,,0.4800000000000004,,0.4800000000000004,0.4800000000000004,,0.4800000000000004,0.4800000000000004,0.4800000000000004,0.4800000000000004,0.4800000000000004,0.4800000000000004,0.4800000000000004,0.4800000000000004,0.4800000000000004,,,,0.4800000000000004,0.4800000000000004,0.4800000000000004,0.4800000000000004,0.4800000000000004,0.4800000000000004,,,,0.4800000000000004,0.4800000000000004,0.4800000000000004,0.4800000000000004,0.4800000000000004,0.4800000000000004
150,0.5,0.5,0.5,0.5,0.5,,0.5,0.5,,0.5,,0.5,,,0.5,0.5,0.5,0.7749557495117188,,,,,,0.5,0.5,0.5,0.5,0.5,,0.5,,0.5,0.5,0.5,,0.5,0.5,0.5,0.5,0.5,,,,,,1.0951347351074219,0.5,0.5,0.5,0.5,0.5,,,,2.354604721069336,0.5,0.8797950744628906,0.5,0.5143337249755859,1.5140914916992188,,0.5,0.5,0.6117401123046875,2.354604721069336,,,,0.5,,0.5,0.5,0.5,0.5,0.5,,,,0.5,0.6188316345214844,,0.5,0.5,0.5,0.5,0.5,0.5,0.5,0.5,0.5,,,,0.5,0.5,0.5,0.5,0.5,0.5,,,2.4139537811279297,0.5,0.5,0.5,0.5,0.5,0.5
151,0.5199999999999996,0.5199999999999996,0.5199999999999996,0.5199999999999996,0.5199999999999996,0.6424098205566402,0.5199999999999996,0.5199999999999996,,0.5199999999999996,1.292060394287109,0.5199999999999996,1.4785170745849605,0.8955035400390621,0.5199999999999996,0.5199999999999996,0.5199999999999996,0.7949557495117183,1.1237769317626949,0.3791537475585933,0.7205710601806636,1.8218798828124996,1.3930697631835933,0.5199999999999996,0.5199999999999996,0.696143646240234,0.5199999999999996,0.5199999999999996,1.1220584106445308,0.5199999999999996,,0.5199999999999996,0.9369464111328121,0.5199999999999996,,0.7896361541748043,0.5199999999999996,0.5199999999999996,0.5199999999999996,0.5199999999999996,0.6199450683593746,,,,0.5199999999999996,0.9464202117919918,0.5199999999999996,0.5199999999999996,0.5199999999999996,0.5199999999999996,1.1249804687499996,,,1.0458293151855464,0.5199999999999996,,0.8997950744628902,0.5199999999999996,0.5199999999999996,0.8357806396484371,,0.5199999999999996,0.5199999999999996,0.811225433349609,2.3746047210693355,1.1715197753906246,,,0.5199999999999996,,0.5199999999999996,0.5199999999999996,0.5199999999999996,0.5199999999999996,0.5199999999999996,1.2328219604492183,,,0.5199999999999996,0.638831634521484,0.779639739990234,0.5199999999999996,0.5199999999999996,0.5199999999999996,0.5199999999999996,0.5199999999999996,0.5199999999999996,0.5199999999999996,0.5199999999999996,0.5199999999999996,,,1.3996195983886714,0.5199999999999996,0.5199999999999996,0.5199999999999996,0.5199999999999996,0.8955035400390621,0.5199999999999996,1.0458293151855464,0.8051486206054683,0.9016223144531246,0.5199999999999996,0.5199999999999996,0.5199999999999996,0.5199999999999996,0.5199999999999996,0.5199999999999996
152,0.5399999999999991,0.5399999999999991,0.5399999999999991,0.5399999999999991,0.5399999999999991,0.5399999999999991,0.5399999999999991,2.7803640747070304,3.7468939208984366,0.5399999999999991,0.5399999999999991,0.5399999999999991,0.6138105773925773,0.5399999999999991,0.5399999999999991,0.5399999999999991,0.5399999999999991,0.5399999999999991,0.5399999999999991,0.6545057678222648,0.9474440002441398,0.5399999999999991,0.9510946655273429,0.5399999999999991,0.5399999999999991,0.5399999999999991,0.5399999999999991,0.5399999999999991,0.5399999999999991,0.5399999999999991,,0.5399999999999991,0.5399999999999991,0.5399999999999991,0.7363367462158195,0.5399999999999991,0.5399999999999991,0.5399999999999991,0.5399999999999991,0.5399999999999991,0.5399999999999991,,0.801049270629882,,0.5399999999999991,0.5399999999999991,0.5399999999999991,0.5399999999999991,0.5399999999999991,0.5399999999999991,0.5399999999999991,1.053011932373046,,0.5399999999999991,0.5399999999999991,,1.4746351623535148,0.5399999999999991,0.5399999999999991,0.8557806396484366,0.9371481323242179,0.5399999999999991,0.5399999999999991,0.5399999999999991,1.1850328826904288,0.5946016693115226,1.3653345489501945,,0.5399999999999991,0.8316812896728507,0.5399999999999991,0.5399999999999991,0.5399999999999991,0.5399999999999991,0.5399999999999991,0.5399999999999991,1.5028143310546866,1.8409948730468741,0.5399999999999991,0.6597586059570304,0.5399999999999991,0.5399999999999991,0.5399999999999991,0.5399999999999991,0.5399999999999991,0.5399999999999991,0.5399999999999991,0.5399999999999991,0.5399999999999991,0.5399999999999991,,3.2383489990234366,0.5399999999999991,0.5399999999999991,0.5399999999999991,0.5399999999999991,0.5399999999999991,1.472182312011718,0.5399999999999991,0.6061048889160148,0.5399999999999991,0.5399999999999991,0.5399999999999991,0.5399999999999991,0.5399999999999991,0.5399999999999991,0.5399999999999991,0.5399999999999991
153,0.5599999999999987,0.5599999999999987,0.5599999999999987,0.5599999999999987,0.5599999999999987,0.5599999999999987,0.5599999999999987,0.9535375213623034,3.766893920898436,0.5599999999999987,0.5599999999999987,0.5599999999999987,0.5599999999999987,0.5599999999999987,0.5599999999999987,0.5599999999999987,0.5599999999999987,0.5599999999999987,0.5599999999999987,0.6745057678222643,0.5599999999999987,0.5599999999999987,0.5599999999999987,0.5599999999999987,0.5599999999999987,0.5599999999999987,0.5599999999999987,0.5599999999999987,0.5599999999999987,0.5599999999999987,1.2470155334472643,0.5599999999999987,0.5599999999999987,0.5599999999999987,0.5599999999999987,0.5599999999999987,0.5599999999999987,0.5599999999999987,0.5599999999999987,0.5599999999999987,0.5599999999999987,0.8672700500488268,0.5599999999999987,0.6072965240478503,0.5599999999999987,0.5599999999999987,0.5599999999999987,0.5599999999999987,0.5599999999999987,0.5599999999999987,0.5599999999999987,0.5599999999999987,,0.5599999999999987,0.5599999999999987,0.5882707214355456,0.9455934143066393,0.5599999999999987,0.5599999999999987,0.5599999999999987,0.5599999999999987,0.5599999999999987,0.5599999999999987,0.5599999999999987,1.0658937072753893,0.6146016693115222,0.9630246734619128,,0.5599999999999987,0.5599999999999987,0.5599999999999987,0.5599999999999987,0.5599999999999987,0.5599999999999987,0.5599999999999987,0.5599999999999987,0.6055894470214831,0.5599999999999987,0.5599999999999987,0.9479547119140612,0.5599999999999987,0.5599999999999987,0.5599999999999987,0.5599999999999987,0.5599999999999987,0.5599999999999987,0.5599999999999987,0.5599999999999987,0.5599999999999987,0.5599999999999987,,0.5619054412841784,0.5599999999999987,0.5599999999999987,0.5599999999999987,0.5599999999999987,0.5599999999999987,0.9694276428222643,0.5599999999999987,0.5599999999999987,0.5599999999999987,0.5599999999999987,0.5599999999999987,0.5599999999999987,0.5599999999999987,0.5599999999999987,0.5599999999999987,0.5599999999999987
154,0.5799999999999983,0.5799999999999983,0.5799999999999983,0.5799999999999983,0.5799999999999983,0.5799999999999983,0.5799999999999983,1.1954670715332014,1.418493347167967,0.5799999999999983,0.5799999999999983,0.5799999999999983,0.5799999999999983,0.5799999999999983,0.5799999999999983,0.5799999999999983,0.5799999999999983,0.5799999999999983,0.5799999999999983,0.5799999999999983,0.5799999999999983,0.5799999999999983,0.5799999999999983,0.5799999999999983,0.5799999999999983,0.5799999999999983,0.5799999999999983,0.5799999999999983,0.5799999999999983,0.5799999999999983,1.003435211181639,0.5799999999999983,0.7204266357421858,0.5799999999999983,0.5799999999999983,0.5799999999999983,0.5799999999999983,0.5799999999999983,0.5799999999999983,0.5799999999999983,0.5799999999999983,0.5799999999999983,0.5799999999999983,0.5799999999999983,0.5799999999999983,0.5799999999999983,0.5799999999999983,0.5799999999999983,0.5799999999999983,0.5799999999999983,0.5799999999999983,0.5799999999999983,1.470892028808592,0.5799999999999983,0.5799999999999983,0.7073441314697249,0.9412365722656233,0.5799999999999983,0.5799999999999983,0.5799999999999983,0.5799999999999983,0.5799999999999983,0.5799999999999983,0.5799999999999983,0.8150158691406233,0.5799999999999983,0.5886708068847639,1.243911819458006,0.5799999999999983,0.5799999999999983,0.5799999999999983,0.5799999999999983,0.5799999999999983,0.5799999999999983,0.5799999999999983,0.5799999999999983,0.5799999999999983,0.5799999999999983,0.5799999999999983,0.9679547119140608,0.5799999999999983,0.5799999999999983,0.5799999999999983,0.5799999999999983,0.5799999999999983,0.5799999999999983,0.5799999999999983,0.5799999999999983,0.5799999999999983,0.5799999999999983,1.3246575164794905,0.5799999999999983,0.5799999999999983,0.5799999999999983,0.5799999999999983,0.5799999999999983,0.5799999999999983,0.8685742187499983,0.5799999999999983,0.5799999999999983,0.5799999999999983,0.5799999999999983,0.5799999999999983,0.5799999999999983,0.5799999999999983,0.5799999999999983,0.5799999999999983,0.5799999999999983
155,0.6000000000000014,0.6000000000000014,0.6000000000000014,0.6000000000000014,0.6000000000000014,0.6000000000000014,0.6000000000000014,1.2154670715332045,0.754148101806642,0.6000000000000014,0.6000000000000014,0.6000000000000014,0.6000000000000014,0.6000000000000014,0.6000000000000014,0.6000000000000014,0.6000000000000014,0.6000000000000014,0.6000000000000014,0.6000000000000014,0.6000000000000014,0.6000000000000014,0.6000000000000014,0.6000000000000014,0.6000000000000014,0.6000000000000014,0.6000000000000014,0.6000000000000014,0.6000000000000014,0.6000000000000014,1.023435211181642,0.6000000000000014,0.6000000000000014,0.6000000000000014,0.6000000000000014,0.6000000000000014,0.6000000000000014,0.6000000000000014,0.6000000000000014,0.6000000000000014,0.6000000000000014,0.6000000000000014,0.6000000000000014,0.6000000000000014,0.6000000000000014,0.6000000000000014,0.6000000000000014,0.6000000000000014,0.6000000000000014,0.6000000000000014,0.6000000000000014,0.6000000000000014,0.6000000000000014,0.6000000000000014,0.6000000000000014,0.727344131469728,0.9612365722656264,0.6000000000000014,0.6000000000000014,0.6000000000000014,0.6000000000000014,0.6000000000000014,0.6000000000000014,0.6000000000000014,0.8350158691406264,0.6000000000000014,0.6000000000000014,0.6000000000000014,0.6000000000000014,0.6000000000000014,0.6000000000000014,0.6000000000000014,0.6000000000000014,0.6000000000000014,0.6000000000000014,0.6000000000000014,0.6000000000000014,0.6000000000000014,0.6000000000000014,0.6103893280029311,0.6000000000000014,0.6000000000000014,0.6000000000000014,0.6000000000000014,0.6000000000000014,0.6000000000000014,0.6657100677490249,0.6000000000000014,0.6000000000000014,0.6000000000000014,0.6000000000000014,0.6000000000000014,0.6000000000000014,0.6000000000000014,0.6000000000000014,0.6000000000000014,0.6000000000000014,0.6000000000000014,0.6000000000000014,0.6000000000000014,0.6000000000000014,0.6000000000000014,0.6000000000000014,0.6000000000000014,0.6000000000000014,0.6000000000000014,0.6000000000000014,0.6000000000000014
156,0.620000000000001,0.620000000000001,0.620000000000001,0.620000000000001,0.620000000000001,0.620000000000001,0.620000000000001,0.620000000000001,0.620000000000001,0.620000000000001,0.620000000000001,0.620000000000001,0.620000000000001,0.620000000000001,0.620000000000001,0.620000000000001,0.620000000000001,0.620000000000001,0.620000000000001,0.620000000000001,0.620000000000001,0.620000000000001,0.620000000000001,0.620000000000001,0.620000000000001,0.620000000000001,0.620000000000001,0.620000000000001,0.620000000000001,0.620000000000001,0.620000000000001,0.620000000000001,0.620000000000001,0.620000000000001,0.620000000000001,0.620000000000001,0.620000000000001,0.620000000000001,0.620000000000001,0.620000000000001,0.620000000000001,0.620000000000001,0.620000000000001,0.620000000000001,0.620000000000001,0.620000000000001,0.620000000000001,0.620000000000001,0.620000000000001,0.620000000000001,0.620000000000001,0.620000000000001,0.620000000000001,0.620000000000001,0.620000000000001,0.620000000000001,0.620000000000001,0.620000000000001,0.620000000000001,0.620000000000001,0.620000000000001,0.620000000000001,0.620000000000001,0.620000000000001,0.620000000000001,0.620000000000001,0.620000000000001,0.620000000000001,0.620000000000001,0.620000000000001,0.620000000000001,0.620000000000001,0.620000000000001,0.620000000000001,0.620000000000001,0.620000000000001,0.620000000000001,0.620000000000001,0.620000000000001,0.620000000000001,0.620000000000001,0.620000000000001,0.620000000000001,0.620000000000001,0.620000000000001,0.620000000000001,0.620000000000001,0.620000000000001,0.620000000000001,0.620000000000001,0.620000000000001,0.620000000000001,0.620000000000001,0.620000000000001,0.620000000000001,0.620000000000001,0.620000000000001,0.620000000000001,0.620000000000001,0.620000000000001,0.620000000000001,0.620000000000001,0.620000000000001,0.620000000000001,0.620000000000001,0.620000000000001,0.620000000000001,0.620000000000001
157,0.6400000000000006,0.6400000000000006,0.6400000000000006,0.6400000000000006,0.6400000000000006,0.6400000000000006,0.6400000000000006,0.6400000000000006,0.6400000000000006,0.6400000000000006,0.6400000000000006,0.6400000000000006,0.6400000000000006,0.6400000000000006,0.6400000000000006,0.6400000000000006,0.6400000000000006,0.6400000000000006,0.6400000000000006,0.6400000000000006,0.6400000000000006,0.6400000000000006,0.6400000000000006,0.6400000000000006,0.6400000000000006,0.6400000000000006,0.6400000000000006,0.6400000000000006,0.6400000000000006,0.6400000000000006,0.6400000000000006,0.6400000000000006,0.6400000000000006,0.6400000000000006,0.6400000000000006,0.6400000000000006,0.6400000000000006,0.6400000000000006,0.6400000000000006,0.6400000000000006,0.6400000000000006,0.6400000000000006,0.6400000000000006,0.6400000000000006,0.6400000000000006,0.6400000000000006,0.6400000000000006,0.6400000000000006,0.6400000000000006,0.6400000000000006,0.6400000000000006,0.6400000000000006,0.6400000000000006,0.6400000000000006,0.6400000000000006,0.6400000000000006,0.6400000000000006,0.6400000000000006,0.6400000000000006,0.6400000000000006,0.6400000000000006,0.6400000000000006,0.6400000000000006,0.6400000000000006,0.6400000000000006,0.6400000000000006,0.6400000000000006,0.6400000000000006,0.6400000000000006,0.6400000000000006,0.6400000000000006,0.6400000000000006,0.6400000000000006,0.6400000000000006,0.6400000000000006,0.6400000000000006,0.6400000000000006,0.6400000000000006,0.6400000000000006,0.6400000000000006,0.6400000000000006,0.6400000000000006,0.6400000000000006,0.6400000000000006,0.6400000000000006,0.6400000000000006,0.6400000000000006,0.6400000000000006,0.6400000000000006,0.6400000000000006,0.6400000000000006,0.6400000000000006,0.6400000000000006,0.6400000000000006,0.6400000000000006,0.6400000000000006,0.6400000000000006,0.6400000000000006,0.6400000000000006,0.6400000000000006,0.6400000000000006,0.6400000000000006,0.6400000000000006,0.6400000000000006,0.6400000000000006,0.6400000000000006,0.6400000000000006,0.6400000000000006
158,0.6600000000000001,0.6600000000000001,0.6600000000000001,0.6600000000000001,0.6600000000000001,0.6600000000000001,0.6600000000000001,0.6600000000000001,0.6600000000000001,0.6600000000000001,0.6600000000000001,0.6600000000000001,0.6600000000000001,0.6600000000000001,0.6600000000000001,0.6600000000000001,0.6600000000000001,0.6600000000000001,0.6600000000000001,0.6600000000000001,0.6600000000000001,0.6600000000000001,0.6600000000000001,0.6600000000000001,0.6600000000000001,0.6600000000000001,0.6600000000000001,0.6600000000000001,0.6600000000000001,0.6600000000000001,0.6600000000000001,0.6600000000000001,0.6600000000000001,0.6600000000000001,0.6600000000000001,0.6600000000000001,0.6600000000000001,0.6600000000000001,0.6600000000000001,0.6600000000000001,0.6600000000000001,0.6600000000000001,0.6600000000000001,0.6600000000000001,0.6600000000000001,0.6600000000000001,0.6600000000000001,0.6600000000000001,0.6600000000000001,0.6600000000000001,0.6600000000000001,0.6600000000000001,0.6600000000000001,0.6600000000000001,0.6600000000000001,0.6600000000000001,0.6600000000000001,0.6600000000000001,0.6600000000000001,0.6600000000000001,0.6600000000000001,0.6600000000000001,0.6600000000000001,0.6600000000000001,0.6600000000000001,0.6600000000000001,0.6600000000000001,0.6600000000000001,0.6600000000000001,0.6600000000000001,0.6600000000000001,0.6600000000000001,0.6600000000000001,0.6600000000000001,0.6600000000000001,0.6600000000000001,0.6600000000000001,0.6600000000000001,0.6600000000000001,0.6600000000000001,0.6600000000000001,0.6600000000000001,0.6600000000000001,0.6600000000000001,0.6600000000000001,0.6600000000000001,0.6600000000000001,0.6600000000000001,0.6600000000000001,0.6600000000000001,0.6600000000000001,0.6600000000000001,0.6600000000000001,0.6600000000000001,0.6600000000000001,0.6600000000000001,0.6600000000000001,0.6600000000000001,0.6600000000000001,0.6600000000000001,0.6600000000000001,0.6600000000000001,0.6600000000000001,0.6600000000000001,0.6600000000000001,0.6600000000000001,0.6600000000000001,0.6600000000000001
159,0.6799999999999997,0.6799999999999997,0.6799999999999997,0.6799999999999997,0.6799999999999997,0.6799999999999997,0.6799999999999997,0.6799999999999997,0.6799999999999997,0.6799999999999997,0.6799999999999997,0.6799999999999997,0.6799999999999997,0.6799999999999997,0.6799999999999997,0.6799999999999997,0.6799999999999997,0.6799999999999997,0.6799999999999997,0.6799999999999997,0.6799999999999997,0.6799999999999997,0.6799999999999997,0.6799999999999997,0.6799999999999997,0.6799999999999997,0.6799999999999997,0.6799999999999997,0.6799999999999997,0.6799999999999997,0.6799999999999997,0.6799999999999997,0.6799999999999997,0.6799999999999997,0.6799999999999997,0.6799999999999997,0.6799999999999997,0.6799999999999997,0.6799999999999997,0.6799999999999997,0.6799999999999997,0.6799999999999997,0.6799999999999997,0.6799999999999997,0.6799999999999997,0.6799999999999997,0.6799999999999997,0.6799999999999997,0.6799999999999997,0.6799999999999997,0.6799999999999997,0.6799999999999997,0.6799999999999997,0.6799999999999997,0.6799999999999997,0.6799999999999997,0.6799999999999997,0.6799999999999997,0.6799999999999997,0.6799999999999997,0.6799999999999997,0.6799999999999997,0.6799999999999997,0.6799999999999997,0.6799999999999997,0.6799999999999997,0.6799999999999997,0.6799999999999997,0.6799999999999997,0.6799999999999997,0.6799999999999997,0.6799999999999997,0.6799999999999997,0.6799999999999997,0.6799999999999997,0.6799999999999997,0.6799999999999997,0.6799999999999997,0.6799999999999997,0.6799999999999997,0.6799999999999997,0.6799999999999997,0.6799999999999997,0.6799999999999997,0.6799999999999997,0.6799999999999997,0.6799999999999997,0.6799999999999997,0.6799999999999997,0.6799999999999997,0.6799999999999997,0.6799999999999997,0.6799999999999997,0.6799999999999997,0.6799999999999997,0.6799999999999997,0.6799999999999997,0.6799999999999997,0.6799999999999997,0.6799999999999997,0.6799999999999997,0.6799999999999997,0.6799999999999997,0.6799999999999997,0.6799999999999997,0.6799999999999997,0.6799999999999997,0.6799999999999997
160,0.6999999999999993,0.6999999999999993,0.6999999999999993,0.6999999999999993,0.6999999999999993,0.6999999999999993,0.6999999999999993,0.6999999999999993,0.6999999999999993,0.6999999999999993,0.6999999999999993,0.6999999999999993,0.6999999999999993,0.6999999999999993,0.6999999999999993,0.6999999999999993,0.6999999999999993,0.6999999999999993,0.6999999999999993,0.6999999999999993,0.6999999999999993,0.6999999999999993,0.6999999999999993,0.6999999999999993,0.6999999999999993,0.6999999999999993,0.6999999999999993,0.6999999999999993,0.6999999999999993,0.6999999999999993,0.6999999999999993,0.6999999999999993,0.6999999999999993,0.6999999999999993,0.6999999999999993,0.6999999999999993,0.6999999999999993,0.6999999999999993,0.6999999999999993,0.6999999999999993,0.6999999999999993,0.6999999999999993,0.6999999999999993,0.6999999999999993,0.6999999999999993,0.6999999999999993,0.6999999999999993,0.6999999999999993,0.6999999999999993,0.6999999999999993,0.6999999999999993,0.6999999999999993,0.6999999999999993,0.6999999999999993,0.6999999999999993,0.6999999999999993,0.6999999999999993,0.6999999999999993,0.6999999999999993,0.6999999999999993,0.6999999999999993,0.6999999999999993,0.6999999999999993,0.6999999999999993,0.6999999999999993,0.6999999999999993,0.6999999999999993,0.6999999999999993,0.6999999999999993,0.6999999999999993,0.6999999999999993,0.6999999999999993,0.6999999999999993,0.6999999999999993,0.6999999999999993,0.6999999999999993,0.6999999999999993,0.6999999999999993,0.6999999999999993,0.6999999999999993,0.6999999999999993,0.6999999999999993,0.6999999999999993,0.6999999999999993,0.6999999999999993,0.6999999999999993,0.6999999999999993,0.6999999999999993,0.6999999999999993,0.6999999999999993,0.6999999999999993,0.6999999999999993,0.6999999999999993,0.6999999999999993,0.6999999999999993,0.6999999999999993,0.6999999999999993,0.6999999999999993,0.6999999999999993,0.6999999999999993,0.6999999999999993,0.6999999999999993,0.6999999999999993,0.6999999999999993,0.6999999999999993,0.6999999999999993,0.6999999999999993,0.6999999999999993
161,0.7199999999999989,0.7199999999999989,0.7199999999999989,0.7199999999999989,0.7199999999999989,0.7199999999999989,0.7199999999999989,0.7199999999999989,0.7199999999999989,0.7199999999999989,0.7199999999999989,0.7199999999999989,0.7199999999999989,0.7199999999999989,0.7199999999999989,0.7199999999999989,0.7199999999999989,0.7199999999999989,0.7199999999999989,0.7199999999999989,0.7199999999999989,0.7199999999999989,0.7199999999999989,0.7199999999999989,0.7199999999999989,0.7199999999999989,0.7199999999999989,0.7199999999999989,0.7199999999999989,0.7199999999999989,0.7199999999999989,0.7199999999999989,0.7199999999999989,0.7199999999999989,0.7199999999999989,0.7199999999999989,0.7199999999999989,0.7199999999999989,0.7199999999999989,0.7199999999999989,0.7199999999999989,0.7199999999999989,0.7199999999999989,0.7199999999999989,0.7199999999999989,0.7199999999999989,0.7199999999999989,0.7199999999999989,0.7199999999999989,0.7199999999999989,0.7199999999999989,0.7199999999999989,0.7199999999999989,0.7199999999999989,0.7199999999999989,0.7199999999999989,0.7199999999999989,0.7199999999999989,0.7199999999999989,0.7199999999999989,0.7199999999999989,0.7199999999999989,0.7199999999999989,0.7199999999999989,0.7199999999999989,0.7199999999999989,0.7199999999999989,0.7199999999999989,0.7199999999999989,0.7199999999999989,0.7199999999999989,0.7199999999999989,0.7199999999999989,0.7199999999999989,0.7199999999999989,0.7199999999999989,0.7199999999999989,0.7199999999999989,0.7199999999999989,0.7199999999999989,0.7199999999999989,0.7199999999999989,0.7199999999999989,0.7199999999999989,0.7199999999999989,0.7199999999999989,0.7199999999999989,0.7199999999999989,0.7199999999999989,0.7199999999999989,0.7199999999999989,0.7199999999999989,0.7199999999999989,0.7199999999999989,0.7199999999999989,0.7199999999999989,0.7199999999999989,0.7199999999999989,0.7199999999999989,0.7199999999999989,0.7199999999999989,0.7199999999999989,0.7199999999999989,0.7199999999999989,0.7199999999999989,0.7199999999999989,0.7199999999999989,0.7199999999999989
162,0.7399999999999984,0.7399999999999984,0.7399999999999984,0.7399999999999984,0.7399999999999984,0.7399999999999984,0.7399999999999984,0.7399999999999984,0.7399999999999984,0.7399999999999984,0.7399999999999984,0.7399999999999984,0.7399999999999984,0.7399999999999984,0.7399999999999984,0.7399999999999984,0.7399999999999984,0.7399999999999984,0.7399999999999984,0.7399999999999984,0.7399999999999984,0.7399999999999984,0.7399999999999984,0.7399999999999984,0.7399999999999984,0.7399999999999984,0.7399999999999984,0.7399999999999984,0.7399999999999984,0.7399999999999984,0.7399999999999984,0.7399999999999984,0.7399999999999984,0.7399999999999984,0.7399999999999984,0.7399999999999984,0.7399999999999984,0.7399999999999984,0.7399999999999984,0.7399999999999984,0.7399999999999984,0.7399999999999984,0.7399999999999984,0.7399999999999984,0.7399999999999984,0.7399999999999984,0.7399999999999984,0.7399999999999984,0.7399999999999984,0.7399999999999984,0.7399999999999984,0.7399999999999984,0.7399999999999984,0.7399999999999984,0.7399999999999984,0.7399999999999984,0.7399999999999984,0.7399999999999984,0.7399999999999984,0.7399999999999984,0.7399999999999984,0.7399999999999984,0.7399999999999984,0.7399999999999984,0.7399999999999984,0.7399999999999984,0.7399999999999984,0.7399999999999984,0.7399999999999984,0.7399999999999984,0.7399999999999984,0.7399999999999984,0.7399999999999984,0.7399999999999984,0.7399999999999984,0.7399999999999984,0.7399999999999984,0.7399999999999984,0.7399999999999984,0.7399999999999984,0.7399999999999984,0.7399999999999984,0.7399999999999984,0.7399999999999984,0.7399999999999984,0.7399999999999984,0.7399999999999984,0.7399999999999984,0.7399999999999984,0.7399999999999984,0.7399999999999984,0.7399999999999984,0.7399999999999984,0.7399999999999984,0.7399999999999984,0.7399999999999984,0.7399999999999984,0.7399999999999984,0.7399999999999984,0.7399999999999984,0.7399999999999984,0.7399999999999984,0.7399999999999984,0.7399999999999984,0.7399999999999984,0.7399999999999984,0.7399999999999984,0.7399999999999984
163,0.7600000000000016,0.7600000000000016,0.7600000000000016,0.7600000000000016,0.7600000000000016,0.7600000000000016,0.7600000000000016,0.7600000000000016,0.7600000000000016,0.7600000000000016,0.7600000000000016,0.7600000000000016,0.7600000000000016,0.7600000000000016,0.7600000000000016,0.7600000000000016,0.7600000000000016,0.7600000000000016,0.7600000000000016,0.7600000000000016,0.7600000000000016,0.7600000000000016,0.7600000000000016,0.7600000000000016,0.7600000000000016,0.7600000000000016,0.7600000000000016,0.7600000000000016,0.7600000000000016,0.7600000000000016,0.7600000000000016,0.7600000000000016,0.7600000000000016,0.7600000000000016,0.7600000000000016,0.7600000000000016,0.7600000000000016,0.7600000000000016,0.7600000000000016,0.7600000000000016,0.7600000000000016,0.7600000000000016,0.7600000000000016,0.7600000000000016,0.7600000000000016,0.7600000000000016,0.7600000000000016,0.7600000000000016,0.7600000000000016,0.7600000000000016,0.7600000000000016,0.7600000000000016,0.7600000000000016,0.7600000000000016,0.7600000000000016,0.7600000000000016,0.7600000000000016,0.7600000000000016,0.7600000000000016,0.7600000000000016,0.7600000000000016,0.7600000000000016,0.7600000000000016,0.7600000000000016,0.7600000000000016,0.7600000000000016,0.7600000000000016,0.7600000000000016,0.7600000000000016,0.7600000000000016,0.7600000000000016,0.7600000000000016,0.7600000000000016,0.7600000000000016,0.7600000000000016,0.7600000000000016,0.7600000000000016,0.7600000000000016,0.7600000000000016,0.7600000000000016,0.7600000000000016,0.7600000000000016,0.7600000000000016,0.7600000000000016,0.7600000000000016,0.7600000000000016,0.7600000000000016,0.7600000000000016,0.7600000000000016,0.7600000000000016,0.7600000000000016,0.7600000000000016,0.7600000000000016,0.7600000000000016,0.7600000000000016,0.7600000000000016,0.7600000000000016,0.7600000000000016,0.7600000000000016,0.7600000000000016,0.7600000000000016,0.7600000000000016,0.7600000000000016,0.7600000000000016,0.7600000000000016,0.7600000000000016,0.7600000000000016,0.7600000000000016
164,0.7800000000000011,0.7800000000000011,0.7800000000000011,0.7800000000000011,0.7800000000000011,0.7800000000000011,0.7800000000000011,0.7800000000000011,0.7800000000000011,0.7800000000000011,0.7800000000000011,0.7800000000000011,0.7800000000000011,0.7800000000000011,0.7800000000000011,0.7800000000000011,0.7800000000000011,0.7800000000000011,0.7800000000000011,0.7800000000000011,0.7800000000000011,0.7800000000000011,0.7800000000000011,0.7800000000000011,0.7800000000000011,0.7800000000000011,0.7773659515380871,0.7800000000000011,0.7800000000000011,0.7800000000000011,0.7800000000000011,0.7800000000000011,0.7800000000000011,0.7800000000000011,0.7800000000000011,0.7800000000000011,0.7800000000000011,0.7800000000000011,0.7800000000000011,0.7800000000000011,0.7800000000000011,0.7800000000000011,0.7800000000000011,0.7800000000000011,0.7800000000000011,0.7800000000000011,0.7800000000000011,0.7800000000000011,0.7800000000000011,0.7800000000000011,0.7800000000000011,0.7800000000000011,0.7800000000000011,0.7800000000000011,0.7800000000000011,0.7800000000000011,0.7800000000000011,0.7800000000000011,0.7800000000000011,0.7800000000000011,0.7800000000000011,0.7800000000000011,0.7800000000000011,0.7800000000000011,0.7800000000000011,0.7800000000000011,0.7800000000000011,0.7800000000000011,0.7800000000000011,0.7800000000000011,0.7800000000000011,0.7800000000000011,0.7800000000000011,0.7800000000000011,0.7800000000000011,0.7800000000000011,0.7800000000000011,0.7800000000000011,0.7800000000000011,0.7800000000000011,0.7800000000000011,0.7800000000000011,0.7800000000000011,0.7800000000000011,0.7800000000000011,0.7800000000000011,0.7800000000000011,0.7800000000000011,0.7800000000000011,0.7800000000000011,0.7800000000000011,0.7800000000000011,0.7800000000000011,0.7800000000000011,0.7800000000000011,0.7800000000000011,0.7800000000000011,0.7800000000000011,0.7800000000000011,0.7800000000000011,0.7800000000000011,0.7800000000000011,0.7800000000000011,0.7800000000000011,0.7800000000000011,0.7800000000000011,0.7800000000000011,0.7800000000000011
165,0.0,0.0,0.0,0.0,0.0,0.0,0.0,0.0,0.3261535644531257,0.5072143554687507,0.0,0.0,0.0,0.8000000000000007,0.0,0.0,0.0,0.0,0.0,0.0,0.0,0.0,0.0,0.0,0.0,0.0,0.0,0.0,0.0,0.0,0.0,0.0,0.0,0.0,0.0,0.0,0.0,0.0,0.0,0.0,0.0,0.0,0.0,0.21671943664550852,0.0,0.0,0.0,0.0,0.0,0.0,0.0,0.0,0.0,0.0,0.0,0.0,0.0,0.0,0.0,0.0,0.0,0.0,0.0,0.0,0.0,0.0,0.0,0.0,0.0,0.0,0.0,0.0,0.0,0.0,0.0,0.0,0.0,0.0,0.0,0.0,0.0,0.0,0.0,0.0,0.0,0.0,0.0,0.0,0.0,0.0,0.0,0.0,0.0,0.0,0.0,0.0,0.0,0.0,0.0,0.0,0.0,0.0,0.0,0.0,0.0,0.0,0.0,0.0
166,0.0,0.0,0.0,0.0,0.0,0.0,0.0,0.0,0.0,0.0,0.0,0.0,0.0,0.0,0.0,0.0,0.0,0.0,0.0,0.0,0.0,0.0,0.0,0.0,0.0,0.0,0.0,0.0,0.0,0.0,0.0,0.0,0.0,0.0,0.0,0.0,0.0,0.0,0.0,0.0,0.0,0.0,0.0,0.0,0.0,0.0,0.0,0.0,0.0,0.0,0.0,0.0,0.0,0.0,0.0,0.0,0.0,0.0,0.0,0.0,0.0,0.0,0.0,0.0,0.0,0.0,0.0,0.0,0.0,0.0,0.0,0.0,0.0,0.0,0.0,0.0,0.0,0.0,0.0,0.0,0.0,0.0,0.0,0.0,0.0,0.0,0.0,0.0,0.0,0.0,0.0,0.0,0.0,0.0,0.0,0.0,0.0,0.0,0.0,0.0,0.0,0.0,0.0,0.0,0.0,0.0,0.0,0.0
167,0.0,0.0,0.0,0.0,0.0,0.0,0.0,0.0,0.0,0.0,0.0,0.0,0.0,0.0,0.0,0.0,0.0,0.0,0.0,0.0,0.0,0.0,0.0,0.0,0.0,0.0,0.0,0.0,0.0,0.0,0.0,0.0,0.0,0.0,0.0,0.0,0.0,0.0,0.0,0.0,0.0,0.0,0.0,0.0,0.0,0.0,0.0,0.0,0.0,0.0,0.0,0.0,0.0,0.0,0.0,0.0,0.0,0.0,0.0,0.0,0.0,0.0,0.0,0.0,0.0,0.0,0.0,0.0,0.0,0.0,0.0,0.0,0.0,0.0,0.0,0.0,0.0,0.0,0.0,0.0,0.0,0.0,0.0,0.0,0.0,0.0,0.0,0.0,0.0,0.0,0.0,0.0,0.0,0.0,0.0,0.0,0.0,0.0,0.0,0.0,0.0,0.0,0.0,0.0,0.0,0.0,0.0,0.0
168,0.0,0.0,0.0,0.0,0.0,0.0,0.0,0.0,0.0,0.0,0.0,0.0,0.0,0.0,0.0,0.0,0.0,0.0,0.0,0.0,0.0,0.0,0.0,0.0,0.0,0.0,0.0,0.0,0.0,0.0,0.0,0.0,0.0,0.0,0.0,0.0,0.0,0.0,0.0,0.0,0.0,0.0,0.0,0.0,0.0,0.0,0.0,0.0,0.0,0.0,0.0,0.0,0.0,0.0,0.0,0.0,0.0,0.0,0.0,0.0,0.0,0.0,0.0,0.0,0.0,0.0,0.0,0.0,0.0,0.0,0.0,0.0,0.0,0.0,0.0,0.0,0.0,0.0,0.0,0.0,0.0,0.0,0.0,0.0,0.0,0.0,0.0,0.0,0.0,0.0,0.0,0.0,0.0,0.0,0.0,0.0,0.0,0.0,0.0,0.0,0.0,0.0,0.0,0.0,0.0,0.0,0.0,0.0
169,0.0,0.0,0.0,0.0,0.0,0.0,0.0,0.0,0.0,0.0,0.0,0.0,0.0,0.0,0.0,0.0,0.0,0.0,0.0,0.0,0.0,0.0,0.0,0.0,0.0,0.0,0.0,0.0,0.0,0.0,0.0,0.0,0.0,0.0,0.0,0.0,0.0,0.0,0.0,0.0,0.0,0.0,0.0,0.0,0.0,0.0,0.0,0.0,0.0,0.0,0.0,0.0,0.0,0.0,0.0,0.0,0.0,0.0,0.0,0.0,0.0,0.0,0.0,0.0,0.0,0.0,0.0,0.0,0.0,0.0,0.0,0.0,0.0,0.0,0.0,0.0,0.0,0.0,0.0,0.0,0.0,0.0,0.0,0.0,0.0,0.0,0.0,0.0,0.0,0.0,0.0,0.0,0.0,0.0,0.0,0.0,0.0,0.0,0.0,0.0,0.0,0.0,0.0,0.0,0.0,0.0,0.0,0.0
170,0.0,0.0,0.0,0.0,0.0,0.0,0.0,0.0,0.0,0.0,0.0,0.0,0.0,0.0,0.0,0.0,0.0,0.0,0.0,0.0,0.0,0.0,0.0,0.0,0.0,0.0,0.0,0.0,0.0,0.0,0.0,0.0,0.0,0.0,0.0,0.0,0.0,0.0,0.0,0.0,0.0,0.0,0.0,0.0,0.0,0.0,0.0,0.0,0.0,0.0,0.0,0.0,0.0,0.0,0.0,0.0,0.0,0.0,0.0,0.0,0.0,0.0,0.0,0.0,0.0,0.0,0.0,0.0,0.0,0.0,0.0,0.0,0.0,0.0,0.0,0.0,0.0,0.0,0.0,0.0,0.0,0.0,0.0,0.0,0.0,0.0,0.0,0.0,0.0,0.0,0.0,0.0,0.0,0.0,0.0,0.0,0.0,0.0,0.0,0.0,0.0,0.0,0.0,0.0,0.0,0.0,0.0,0.0
171,0.0,0.0,0.0,0.0,0.0,0.0,0.0,0.0,0.0,0.0,0.0,0.0,0.0,0.0,0.0,0.0,0.0,0.0,0.0,0.0,0.0,0.0,0.0,0.0,0.0,0.0,0.0,0.0,0.0,0.0,0.0,0.0,0.0,0.0,0.0,0.0,0.0,0.0,0.0,0.0,0.0,0.0,0.0,0.0,0.0,0.0,0.0,0.0,0.0,0.0,0.0,0.0,0.0,0.0,0.0,0.0,0.0,0.0,0.0,0.0,0.0,0.0,0.0,0.0,0.0,0.0,0.0,0.0,0.0,0.0,0.0,0.0,0.0,0.0,0.0,0.0,0.0,0.0,0.0,0.0,0.0,0.0,0.0,0.0,0.0,0.0,0.0,0.0,0.0,0.0,0.0,0.0,0.0,0.0,0.0,0.0,0.0,0.0,0.0,0.0,0.0,0.0,0.0,0.0,0.0,0.0,0.0,0.0
172,0.0,0.0,0.0,0.0,0.0,0.0,0.0,0.0,0.0,0.0,0.0,0.0,0.0,0.0,0.0,0.0,0.0,0.0,0.0,0.0,0.0,0.0,0.0,0.0,0.0,0.0,0.0,0.0,0.0,0.0,0.0,0.0,0.0,0.0,0.0,0.0,0.0,0.0,0.0,0.0,0.0,0.0,0.0,0.0,0.0,0.0,0.0,0.0,0.0,0.0,0.0,0.0,0.0,0.0,0.0,0.0,0.0,0.0,0.0,0.0,0.0,0.0,0.0,0.0,0.0,0.0,0.0,0.0,0.0,0.0,0.0,0.0,0.0,0.0,0.0,0.0,0.0,0.0,0.0,0.0,0.0,0.0,0.0,0.0,0.0,0.0,0.0,0.0,0.0,0.0,0.0,0.0,0.0,0.0,0.0,0.0,0.0,0.0,0.0,0.0,0.0,0.0,0.0,0.0,0.0,0.0,0.0,0.0
173,0.0,0.0,0.0,0.0,0.0,0.0,0.0,0.0,0.0,0.0,0.0,0.0,0.0,0.0,0.0,0.0,0.0,0.0,0.0,0.0,0.0,0.0,0.0,0.0,0.0,0.0,0.0,0.0,0.0,0.0,0.0,0.0,0.0,0.0,0.0,0.0,0.0,0.0,0.0,0.0,0.0,0.0,0.0,0.0,0.0,0.0,0.0,0.0,0.0,0.0,0.0,0.0,0.0,0.0,0.0,0.0,0.0,0.0,0.0,0.0,0.0,0.0,0.0,0.0,0.0,0.0,0.0,0.0,0.0,0.0,0.0,0.0,0.0,0.0,0.0,0.0,0.0,0.0,0.0,0.0,0.0,0.0,0.0,0.0,0.0,0.0,0.0,0.0,0.0,0.0,0.0,0.0,0.0,0.0,0.0,0.0,0.0,0.0,0.0,0.0,0.0,0.0,0.0,0.0,0.0,0.0,0.0,0.0
174,0.0,0.0,0.0,0.0,0.0,0.0,0.0,0.0,0.0,0.0,0.0,0.0,0.0,0.0,0.0,0.0,0.0,0.0,0.0,0.0,0.0,0.0,0.0,0.0,0.0,0.0,0.0,0.0,0.0,0.0,0.0,0.0,0.0,0.0,0.0,0.0,0.0,0.0,0.0,0.0,0.0,0.0,0.0,0.0,0.0,0.0,0.0,0.0,0.0,0.0,0.0,0.0,0.0,0.0,0.0,0.0,0.0,0.0,0.0,0.0,0.0,0.0,0.0,0.0,0.0,0.0,0.0,0.0,0.0,0.0,0.0,0.0,0.0,0.0,0.0,0.0,0.0,0.0,0.0,0.0,0.0,0.0,0.0,0.0,0.0,0.0,0.0,0.0,0.0,0.0,0.0,0.0,0.0,0.0,0.0,0.0,0.0,0.0,0.0,0.0,0.0,0.0,0.0,0.0,0.0,0.0,0.0,0.0
175,0.0,0.0,0.0,0.0,0.0,0.0,0.0,0.0,0.0,0.0,0.0,0.0,0.0,0.0,0.0,0.0,0.0,0.0,0.0,0.0,0.0,0.0,0.0,0.0,0.0,0.0,0.0,0.0,0.0,0.0,0.0,0.0,0.0,0.0,0.0,0.0,0.0,0.0,0.0,0.0,0.0,0.0,0.0,0.0,0.0,0.0,0.0,0.0,0.0,0.0,0.0,0.0,0.0,0.0,0.0,0.0,0.0,0.0,0.0,0.0,0.0,0.0,0.0,0.0,0.0,0.0,0.0,0.0,0.0,0.0,0.0,0.0,0.0,0.0,0.0,0.0,0.0,0.0,0.0,0.0,0.0,0.0,0.0,0.0,0.0,0.0,0.0,0.0,0.0,0.0,0.0,0.0,0.0,0.0,0.0,0.0,0.0,0.0,0.0,0.0,0.0,0.0,0.0,0.0,0.0,0.0,0.0,0.0
176,0.03999999999999915,0.03999999999999915,0.03999999999999915,0.03999999999999915,0.03999999999999915,0.03999999999999915,0.03999999999999915,0.03999999999999915,0.03999999999999915,0.03999999999999915,0.03999999999999915,0.03999999999999915,0.03999999999999915,0.03999999999999915,0.03999999999999915,0.03999999999999915,0.03999999999999915,0.03999999999999915,0.03999999999999915,0.03999999999999915,0.03999999999999915,0.03999999999999915,0.03999999999999915,0.03999999999999915,0.03999999999999915,0.03999999999999915,0.03999999999999915,0.03999999999999915,0.03999999999999915,0.03999999999999915,0.03999999999999915,0.03999999999999915,0.03999999999999915,0.03999999999999915,0.03999999999999915,0.03999999999999915,0.03999999999999915,0.03999999999999915,0.03999999999999915,0.03999999999999915,0.03999999999999915,0.03999999999999915,0.03999999999999915,0.03999999999999915,0.03999999999999915,0.03999999999999915,0.03999999999999915,0.03999999999999915,0.03999999999999915,0.03999999999999915,0.03999999999999915,0.03999999999999915,0.03999999999999915,0.03999999999999915,0.03999999999999915,0.03999999999999915,0.03999999999999915,0.03999999999999915,0.03999999999999915,0.03999999999999915,0.03999999999999915,0.03999999999999915,0.03999999999999915,0.03999999999999915,0.03999999999999915,0.03999999999999915,0.03999999999999915,0.03999999999999915,0.03999999999999915,0.03999999999999915,0.03999999999999915,0.03999999999999915,0.03999999999999915,0.03999999999999915,0.03999999999999915,0.03999999999999915,0.03999999999999915,0.03999999999999915,0.03999999999999915,0.03999999999999915,0.03999999999999915,0.03999999999999915,0.03999999999999915,0.03999999999999915,0.03999999999999915,0.03999999999999915,0.03999999999999915,0.03999999999999915,0.03999999999999915,0.03999999999999915,0.03999999999999915,0.03999999999999915,0.03999999999999915,0.03999999999999915,0.03999999999999915,0.03999999999999915,0.03999999999999915,0.03999999999999915,0.03999999999999915,0.03999999999999915,0.03999999999999915,0.03999999999999915,0.03999999999999915,0.03999999999999915,0.03999999999999915,0.03999999999999915,0.03999999999999915,0.03999999999999915
177,0.0799999999999983,0.0799999999999983,0.0799999999999983,0.0799999999999983,0.0799999999999983,0.0799999999999983,0.0799999999999983,0.0799999999999983,0.0799999999999983,0.0799999999999983,0.0799999999999983,0.0799999999999983,0.0799999999999983,0.0799999999999983,0.0799999999999983,0.0799999999999983,0.0799999999999983,0.0799999999999983,0.0799999999999983,0.0799999999999983,0.0799999999999983,0.0799999999999983,0.0799999999999983,0.0799999999999983,0.0799999999999983,0.0799999999999983,0.0799999999999983,0.0799999999999983,0.0799999999999983,0.0799999999999983,0.0799999999999983,0.0799999999999983,0.0799999999999983,0.0799999999999983,0.0799999999999983,0.0799999999999983,0.0799999999999983,0.0799999999999983,0.0799999999999983,0.0799999999999983,0.0799999999999983,0.0799999999999983,0.0799999999999983,0.0799999999999983,0.0799999999999983,0.0799999999999983,0.0799999999999983,0.0799999999999983,0.0799999999999983,0.0799999999999983,0.0799999999999983,0.0799999999999983,0.0799999999999983,0.0799999999999983,0.0799999999999983,0.0799999999999983,0.0799999999999983,0.0799999999999983,0.0799999999999983,0.0799999999999983,0.0799999999999983,0.0799999999999983,0.0799999999999983,0.0799999999999983,0.0799999999999983,0.0799999999999983,0.0799999999999983,0.0799999999999983,0.0799999999999983,0.0799999999999983,0.0799999999999983,0.0799999999999983,0.0799999999999983,0.0799999999999983,0.0799999999999983,0.0799999999999983,0.0799999999999983,0.0799999999999983,0.0799999999999983,0.0799999999999983,0.0799999999999983,0.0799999999999983,0.0799999999999983,0.0799999999999983,0.0799999999999983,0.0799999999999983,0.0799999999999983,0.0799999999999983,0.0799999999999983,0.0799999999999983,0.0799999999999983,0.0799999999999983,0.0799999999999983,0.0799999999999983,0.0799999999999983,0.0799999999999983,0.0799999999999983,0.0799999999999983,0.0799999999999983,0.0799999999999983,0.0799999999999983,0.0799999999999983,0.0799999999999983,0.0799999999999983,0.0799999999999983,0.0799999999999983,0.0799999999999983,0.0799999999999983
178,0.120000000000001,0.120000000000001,0.120000000000001,0.120000000000001,0.120000000000001,0.120000000000001,0.120000000000001,0.120000000000001,0.120000000000001,0.120000000000001,0.120000000000001,0.120000000000001,0.120000000000001,0.120000000000001,0.120000000000001,0.120000000000001,0.120000000000001,0.120000000000001,0.120000000000001,0.120000000000001,0.120000000000001,0.120000000000001,0.120000000000001,0.120000000000001,0.120000000000001,0.120000000000001,0.120000000000001,0.120000000000001,0.120000000000001,0.120000000000001,0.120000000000001,0.120000000000001,0.120000000000001,0.120000000000001,0.120000000000001,0.120000000000001,0.120000000000001,0.120000000000001,0.120000000000001,0.120000000000001,0.120000000000001,0.120000000000001,0.120000000000001,0.120000000000001,0.120000000000001,0.120000000000001,0.120000000000001,0.120000000000001,0.120000000000001,0.120000000000001,0.120000000000001,0.120000000000001,0.120000000000001,0.120000000000001,0.120000000000001,0.120000000000001,0.120000000000001,0.120000000000001,0.120000000000001,0.120000000000001,0.120000000000001,0.120000000000001,0.120000000000001,0.120000000000001,0.120000000000001,0.120000000000001,0.120000000000001,0.120000000000001,0.120000000000001,0.120000000000001,0.120000000000001,0.120000000000001,0.120000000000001,0.120000000000001,0.120000000000001,0.120000000000001,0.120000000000001,0.120000000000001,0.120000000000001,0.120000000000001,0.120000000000001,0.120000000000001,0.120000000000001,0.120000000000001,0.120000000000001,0.120000000000001,0.120000000000001,0.120000000000001,0.120000000000001,0.120000000000001,0.120000000000001,0.120000000000001,0.120000000000001,0.120000000000001,0.120000000000001,0.120000000000001,0.120000000000001,0.120000000000001,0.120000000000001,0.120000000000001,0.120000000000001,0.120000000000001,0.120000000000001,0.120000000000001,0.120000000000001,0.120000000000001,0.120000000000001,0.120000000000001
179,0.16000000000000014,0.16000000000000014,0.16000000000000014,0.16000000000000014,0.16000000000000014,0.16000000000000014,0.16000000000000014,0.16000000000000014,0.16000000000000014,0.16000000000000014,0.16000000000000014,0.16000000000000014,0.16000000000000014,0.16000000000000014,0.16000000000000014,0.16000000000000014,0.16000000000000014,0.16000000000000014,0.16000000000000014,0.16000000000000014,0.16000000000000014,0.16000000000000014,0.16000000000000014,0.16000000000000014,0.16000000000000014,0.16000000000000014,0.16000000000000014,0.16000000000000014,0.16000000000000014,0.16000000000000014,0.16000000000000014,0.16000000000000014,0.16000000000000014,0.16000000000000014,0.16000000000000014,0.16000000000000014,0.16000000000000014,0.16000000000000014,0.16000000000000014,0.16000000000000014,0.16000000000000014,0.16000000000000014,0.16000000000000014,0.16000000000000014,0.16000000000000014,0.16000000000000014,0.16000000000000014,0.16000000000000014,0.16000000000000014,0.16000000000000014,0.16000000000000014,0.16000000000000014,0.16000000000000014,0.16000000000000014,0.16000000000000014,0.16000000000000014,0.16000000000000014,0.16000000000000014,0.16000000000000014,0.16000000000000014,0.16000000000000014,0.16000000000000014,0.16000000000000014,0.16000000000000014,0.16000000000000014,0.16000000000000014,0.16000000000000014,0.16000000000000014,0.16000000000000014,0.16000000000000014,0.16000000000000014,0.16000000000000014,0.16000000000000014,0.16000000000000014,0.16000000000000014,0.16000000000000014,0.16000000000000014,0.16000000000000014,0.16000000000000014,0.16000000000000014,0.16000000000000014,0.16000000000000014,0.16000000000000014,0.16000000000000014,0.16000000000000014,0.16000000000000014,0.16000000000000014,0.16000000000000014,0.16000000000000014,0.16000000000000014,0.16000000000000014,0.16000000000000014,0.16000000000000014,0.16000000000000014,0.16000000000000014,0.16000000000000014,0.16000000000000014,0.16000000000000014,0.16000000000000014,0.16000000000000014,0.16000000000000014,0.16000000000000014,0.16000000000000014,0.16000000000000014,0.16000000000000014,0.16000000000000014,0.16000000000000014,0.16000000000000014
180,0.1999999999999993,0.1999999999999993,0.1999999999999993,0.1999999999999993,0.1999999999999993,0.1999999999999993,0.1999999999999993,0.1999999999999993,0.1999999999999993,0.1999999999999993,0.1999999999999993,0.1999999999999993,0.1999999999999993,0.1999999999999993,0.1999999999999993,0.1999999999999993,0.1999999999999993,0.1999999999999993,0.1999999999999993,0.1999999999999993,0.1999999999999993,0.1999999999999993,0.1999999999999993,0.1999999999999993,0.1999999999999993,0.1999999999999993,0.1999999999999993,0.1999999999999993,0.1999999999999993,0.1999999999999993,0.1999999999999993,0.1999999999999993,0.1999999999999993,0.1999999999999993,0.1999999999999993,0.1999999999999993,0.1999999999999993,0.1999999999999993,0.1999999999999993,0.1999999999999993,0.1999999999999993,0.1999999999999993,0.1999999999999993,0.1999999999999993,0.1999999999999993,0.1999999999999993,0.1999999999999993,0.1999999999999993,0.1999999999999993,0.1999999999999993,0.1999999999999993,0.1999999999999993,0.1999999999999993,0.1999999999999993,0.1999999999999993,0.1999999999999993,0.1999999999999993,0.1999999999999993,0.1999999999999993,0.1999999999999993,0.1999999999999993,0.1999999999999993,0.1999999999999993,0.1999999999999993,0.1999999999999993,0.1999999999999993,0.1999999999999993,0.1999999999999993,0.1999999999999993,0.1999999999999993,0.1999999999999993,0.1999999999999993,0.1999999999999993,0.1999999999999993,0.1999999999999993,0.1999999999999993,0.1999999999999993,0.1999999999999993,0.1999999999999993,0.1999999999999993,0.1999999999999993,0.1999999999999993,0.1999999999999993,0.1999999999999993,0.1999999999999993,0.1999999999999993,0.1999999999999993,0.1999999999999993,0.1999999999999993,0.1999999999999993,0.1999999999999993,0.1999999999999993,0.1999999999999993,0.1999999999999993,0.1999999999999993,0.1999999999999993,0.1999999999999993,0.1999999999999993,0.1999999999999993,0.1999999999999993,0.1999999999999993,0.1999999999999993,0.1999999999999993,0.1999999999999993,0.1999999999999993,0.1999999999999993,0.1999999999999993,0.1999999999999993
181,0.23999999999999844,0.23999999999999844,0.23999999999999844,0.23999999999999844,0.23999999999999844,0.23999999999999844,0.23999999999999844,0.23999999999999844,0.23999999999999844,0.23999999999999844,0.23999999999999844,0.23999999999999844,0.23999999999999844,0.23999999999999844,0.23999999999999844,0.23999999999999844,0.23999999999999844,0.23999999999999844,0.23999999999999844,0.23999999999999844,0.23999999999999844,0.23999999999999844,0.23999999999999844,0.23999999999999844,0.23999999999999844,0.23999999999999844,0.23999999999999844,0.23999999999999844,0.23999999999999844,0.23999999999999844,0.23999999999999844,0.23999999999999844,0.23999999999999844,0.23999999999999844,0.23999999999999844,0.23999999999999844,0.23999999999999844,0.23999999999999844,0.23999999999999844,0.23999999999999844,0.23999999999999844,0.23999999999999844,0.23999999999999844,0.23999999999999844,0.23999999999999844,0.23999999999999844,0.23999999999999844,0.23999999999999844,0.23999999999999844,0.23999999999999844,0.23999999999999844,0.23999999999999844,0.23999999999999844,0.23999999999999844,0.23999999999999844,0.23999999999999844,0.23999999999999844,0.23999999999999844,0.23999999999999844,0.23999999999999844,0.23999999999999844,0.23999999999999844,0.23999999999999844,0.23999999999999844,0.23999999999999844,0.23999999999999844,0.23999999999999844,0.23999999999999844,0.23999999999999844,0.23999999999999844,0.23999999999999844,0.23999999999999844,0.23999999999999844,0.23999999999999844,0.23999999999999844,0.23999999999999844,0.23999999999999844,0.23999999999999844,0.23999999999999844,0.23999999999999844,0.23999999999999844,0.23999999999999844,0.23999999999999844,0.23999999999999844,0.23999999999999844,0.23999999999999844,0.23999999999999844,0.23999999999999844,0.23999999999999844,0.23999999999999844,0.23999999999999844,0.23999999999999844,0.23999999999999844,0.23999999999999844,0.23999999999999844,0.23999999999999844,0.23999999999999844,0.23999999999999844,0.23999999999999844,0.23999999999999844,0.23999999999999844,0.23999999999999844,0.23999999999999844,0.23999999999999844,0.23999999999999844,0.23999999999999844,0.23999999999999844,0.23999999999999844
182,0.28000000000000114,0.28000000000000114,0.28000000000000114,0.28000000000000114,0.28000000000000114,0.28000000000000114,0.28000000000000114,0.28000000000000114,0.28000000000000114,0.28000000000000114,0.28000000000000114,0.28000000000000114,0.28000000000000114,0.28000000000000114,0.28000000000000114,0.28000000000000114,0.28000000000000114,0.28000000000000114,0.28000000000000114,0.28000000000000114,0.28000000000000114,0.28000000000000114,0.28000000000000114,0.28000000000000114,0.28000000000000114,0.28000000000000114,0.28000000000000114,0.28000000000000114,0.28000000000000114,0.28000000000000114,0.28000000000000114,0.28000000000000114,0.28000000000000114,0.28000000000000114,0.28000000000000114,0.28000000000000114,0.28000000000000114,0.28000000000000114,0.28000000000000114,0.28000000000000114,0.28000000000000114,0.28000000000000114,0.28000000000000114,0.28000000000000114,0.28000000000000114,0.28000000000000114,0.28000000000000114,0.28000000000000114,0.28000000000000114,0.28000000000000114,0.28000000000000114,0.28000000000000114,0.28000000000000114,0.28000000000000114,0.28000000000000114,0.28000000000000114,0.28000000000000114,0.28000000000000114,0.28000000000000114,0.28000000000000114,0.28000000000000114,0.28000000000000114,0.28000000000000114,0.28000000000000114,0.28000000000000114,0.28000000000000114,0.28000000000000114,0.28000000000000114,0.28000000000000114,0.28000000000000114,0.28000000000000114,0.28000000000000114,0.28000000000000114,0.28000000000000114,0.28000000000000114,0.28000000000000114,0.28000000000000114,0.28000000000000114,0.28000000000000114,0.28000000000000114,0.28000000000000114,0.28000000000000114,0.28000000000000114,0.28000000000000114,0.28000000000000114,0.28000000000000114,0.28000000000000114,0.28000000000000114,0.28000000000000114,0.28000000000000114,0.28000000000000114,0.28000000000000114,0.28000000000000114,0.28000000000000114,0.28000000000000114,0.28000000000000114,0.28000000000000114,0.28000000000000114,0.28000000000000114,0.28000000000000114,0.28000000000000114,0.28000000000000114,0.28000000000000114,0.28000000000000114,0.28000000000000114,0.28000000000000114,0.28000000000000114,0.28000000000000114
183,0.3200000000000003,0.3200000000000003,0.3200000000000003,0.3200000000000003,0.3200000000000003,0.3200000000000003,0.3200000000000003,0.3200000000000003,0.3200000000000003,0.3200000000000003,0.3200000000000003,0.3200000000000003,0.3200000000000003,0.3200000000000003,0.3200000000000003,0.3200000000000003,0.3200000000000003,0.3200000000000003,0.3200000000000003,0.3200000000000003,0.3200000000000003,0.3200000000000003,0.3200000000000003,0.3200000000000003,0.3200000000000003,0.3200000000000003,0.3200000000000003,0.3200000000000003,0.3200000000000003,0.3200000000000003,0.3200000000000003,0.3200000000000003,0.3200000000000003,0.3200000000000003,0.3200000000000003,0.3200000000000003,0.3200000000000003,0.3200000000000003,0.3200000000000003,0.3200000000000003,0.3200000000000003,0.3200000000000003,0.3200000000000003,0.3200000000000003,0.3200000000000003,0.3200000000000003,0.3200000000000003,0.3200000000000003,0.3200000000000003,0.3200000000000003,0.3200000000000003,0.3200000000000003,0.3200000000000003,0.3200000000000003,0.3200000000000003,0.3200000000000003,0.3200000000000003,0.3200000000000003,0.3200000000000003,0.3200000000000003,0.3200000000000003,0.3200000000000003,0.3200000000000003,0.3200000000000003,0.3200000000000003,0.3200000000000003,0.3200000000000003,0.3200000000000003,0.3200000000000003,0.3200000000000003,0.3200000000000003,0.3200000000000003,0.3200000000000003,0.3200000000000003,0.3200000000000003,0.3200000000000003,0.3200000000000003,0.3200000000000003,0.3200000000000003,0.3200000000000003,0.3200000000000003,0.3200000000000003,0.3200000000000003,0.3200000000000003,0.3200000000000003,0.3200000000000003,0.3200000000000003,0.3200000000000003,0.3200000000000003,0.3200000000000003,0.3200000000000003,0.3200000000000003,0.3200000000000003,0.3200000000000003,0.3200000000000003,0.3200000000000003,0.3200000000000003,0.3200000000000003,0.3200000000000003,0.3200000000000003,0.3200000000000003,0.3200000000000003,0.3200000000000003,0.3200000000000003,0.3200000000000003,0.3200000000000003,0.3200000000000003,0.3200000000000003
184,0.35999999999999943,0.35999999999999943,0.35999999999999943,0.35999999999999943,0.35999999999999943,0.35999999999999943,0.35999999999999943,0.35999999999999943,0.35999999999999943,0.35999999999999943,0.35999999999999943,0.35999999999999943,0.35999999999999943,0.35999999999999943,0.35999999999999943,0.35999999999999943,0.35999999999999943,0.35999999999999943,0.35999999999999943,0.35999999999999943,0.35999999999999943,0.35999999999999943,0.35999999999999943,0.35999999999999943,0.35999999999999943,0.35999999999999943,0.35999999999999943,0.35999999999999943,0.35999999999999943,0.35999999999999943,0.35999999999999943,0.35999999999999943,0.35999999999999943,0.35999999999999943,0.35999999999999943,0.35999999999999943,0.35999999999999943,0.35999999999999943,0.35999999999999943,0.35999999999999943,0.35999999999999943,0.35999999999999943,0.35999999999999943,0.35999999999999943,0.35999999999999943,0.35999999999999943,0.35999999999999943,0.35999999999999943,0.35999999999999943,0.35999999999999943,0.35999999999999943,0.35999999999999943,0.35999999999999943,0.35999999999999943,0.35999999999999943,0.35999999999999943,0.35999999999999943,0.35999999999999943,0.35999999999999943,0.35999999999999943,0.35999999999999943,0.35999999999999943,0.35999999999999943,0.35999999999999943,0.35999999999999943,0.35999999999999943,0.35999999999999943,0.35999999999999943,0.35999999999999943,0.35999999999999943,0.35999999999999943,0.35999999999999943,0.35999999999999943,0.35999999999999943,0.35999999999999943,0.35999999999999943,0.35999999999999943,0.35999999999999943,0.35999999999999943,0.35999999999999943,0.35999999999999943,0.35999999999999943,0.35999999999999943,0.35999999999999943,0.35999999999999943,0.35999999999999943,0.35999999999999943,0.35999999999999943,0.35999999999999943,0.35999999999999943,0.35999999999999943,0.35999999999999943,0.35999999999999943,0.35999999999999943,0.35999999999999943,0.35999999999999943,0.35999999999999943,0.35999999999999943,0.35999999999999943,0.35999999999999943,0.35999999999999943,0.35999999999999943,0.35999999999999943,0.35999999999999943,0.35999999999999943,0.35999999999999943,0.35999999999999943,0.35999999999999943
185,0.3999999999999986,0.3999999999999986,0.3999999999999986,0.3999999999999986,0.3999999999999986,0.3999999999999986,0.3999999999999986,0.3999999999999986,0.3999999999999986,0.3999999999999986,0.3999999999999986,0.3999999999999986,0.3999999999999986,0.3999999999999986,0.3999999999999986,0.3999999999999986,0.3999999999999986,0.3999999999999986,0.3999999999999986,0.3999999999999986,0.3999999999999986,0.3999999999999986,0.3999999999999986,0.3999999999999986,0.3999999999999986,0.3999999999999986,0.3999999999999986,0.3999999999999986,0.3999999999999986,0.3999999999999986,0.3999999999999986,0.3999999999999986,0.3999999999999986,0.3999999999999986,0.3999999999999986,0.3999999999999986,0.3999999999999986,0.3999999999999986,0.3999999999999986,0.3999999999999986,0.3999999999999986,0.3999999999999986,0.3999999999999986,0.3999999999999986,0.3999999999999986,0.3999999999999986,0.3999999999999986,0.3999999999999986,0.3999999999999986,0.3999999999999986,0.3999999999999986,0.3999999999999986,0.3999999999999986,0.3999999999999986,0.3999999999999986,0.3999999999999986,0.3999999999999986,0.3999999999999986,0.3999999999999986,0.3999999999999986,0.3999999999999986,0.3999999999999986,0.3999999999999986,0.3999999999999986,0.3999999999999986,0.3999999999999986,0.3999999999999986,0.3999999999999986,0.3999999999999986,0.3999999999999986,0.3999999999999986,0.3999999999999986,0.3999999999999986,0.3999999999999986,0.3999999999999986,0.3999999999999986,0.3999999999999986,0.3999999999999986,0.3999999999999986,0.3999999999999986,0.3999999999999986,0.3999999999999986,0.3999999999999986,0.3999999999999986,0.3999999999999986,0.3999999999999986,0.3999999999999986,0.3999999999999986,0.3999999999999986,0.3999999999999986,0.3999999999999986,0.3999999999999986,0.3999999999999986,0.3999999999999986,0.3999999999999986,0.3999999999999986,0.3999999999999986,0.3999999999999986,0.3999999999999986,0.3999999999999986,0.3999999999999986,0.3999999999999986,0.3999999999999986,0.3999999999999986,0.3999999999999986,0.3999999999999986,0.3999999999999986,0.3999999999999986
186,0.4400000000000013,0.4400000000000013,0.4400000000000013,0.4400000000000013,0.4400000000000013,0.4400000000000013,0.4400000000000013,0.4400000000000013,0.4400000000000013,0.4400000000000013,0.4400000000000013,0.4400000000000013,0.4400000000000013,0.4400000000000013,0.4400000000000013,0.4400000000000013,0.4400000000000013,0.4400000000000013,0.4400000000000013,0.4400000000000013,0.4400000000000013,0.4400000000000013,0.4400000000000013,0.4400000000000013,0.4400000000000013,0.4400000000000013,0.4400000000000013,0.4400000000000013,0.4400000000000013,0.4400000000000013,0.4400000000000013,0.4400000000000013,0.4400000000000013,0.4400000000000013,0.4400000000000013,0.4400000000000013,0.4400000000000013,0.4400000000000013,0.4400000000000013,0.4400000000000013,0.4400000000000013,0.4400000000000013,0.4400000000000013,0.4400000000000013,0.4400000000000013,0.4400000000000013,0.4400000000000013,0.4400000000000013,0.4400000000000013,0.4400000000000013,0.4400000000000013,0.4400000000000013,0.4400000000000013,0.4400000000000013,0.4400000000000013,0.4400000000000013,0.4400000000000013,0.4400000000000013,0.4400000000000013,0.4400000000000013,0.4400000000000013,0.4400000000000013,0.4400000000000013,0.4400000000000013,0.4400000000000013,0.4400000000000013,0.4400000000000013,0.4400000000000013,0.4400000000000013,0.4400000000000013,0.4400000000000013,0.4400000000000013,0.4400000000000013,0.4400000000000013,0.4400000000000013,0.4400000000000013,0.4400000000000013,0.4400000000000013,0.4400000000000013,0.4400000000000013,0.4400000000000013,0.4400000000000013,0.4400000000000013,0.4400000000000013,0.4400000000000013,0.4400000000000013,0.4400000000000013,0.4400000000000013,0.4400000000000013,0.4400000000000013,0.4400000000000013,0.4400000000000013,0.4400000000000013,0.4400000000000013,0.4400000000000013,0.4400000000000013,0.4400000000000013,0.4400000000000013,0.4400000000000013,0.4400000000000013,0.4400000000000013,0.4400000000000013,0.4400000000000013,0.4400000000000013,0.4400000000000013,0.4400000000000013,0.4400000000000013,0.4400000000000013
187,0.4800000000000004,0.4800000000000004,0.4800000000000004,0.4800000000000004,0.4800000000000004,0.4800000000000004,0.4800000000000004,0.4800000000000004,0.4800000000000004,0.4800000000000004,0.4800000000000004,0.4800000000000004,0.4800000000000004,0.4800000000000004,0.4800000000000004,0.4800000000000004,0.4800000000000004,0.4800000000000004,0.4800000000000004,0.4800000000000004,0.4800000000000004,0.4800000000000004,0.4800000000000004,0.4800000000000004,0.4800000000000004,0.4800000000000004,0.4800000000000004,0.4800000000000004,0.4800000000000004,0.4800000000000004,0.4800000000000004,0.4800000000000004,0.4800000000000004,0.4800000000000004,0.4800000000000004,0.4800000000000004,0.4800000000000004,0.4800000000000004,0.4800000000000004,0.4800000000000004,0.4800000000000004,0.4800000000000004,0.4800000000000004,0.4800000000000004,0.4800000000000004,0.4800000000000004,0.4800000000000004,0.4800000000000004,0.4800000000000004,0.4800000000000004,0.4800000000000004,0.4800000000000004,0.4800000000000004,0.4800000000000004,0.4800000000000004,0.4800000000000004,0.4800000000000004,0.4800000000000004,0.4800000000000004,0.4800000000000004,0.4800000000000004,0.4800000000000004,0.4800000000000004,0.4800000000000004,0.4800000000000004,0.4800000000000004,0.4800000000000004,0.4800000000000004,0.4800000000000004,0.4800000000000004,0.4800000000000004,0.4800000000000004,0.4800000000000004,0.4800000000000004,0.4800000000000004,0.4800000000000004,0.4800000000000004,0.4800000000000004,0.4800000000000004,0.4800000000000004,0.4800000000000004,0.4800000000000004,0.4800000000000004,0.4800000000000004,0.4800000000000004,0.4800000000000004,0.4800000000000004,0.4800000000000004,0.4800000000000004,0.4800000000000004,0.4800000000000004,0.4800000000000004,0.4800000000000004,0.4800000000000004,0.4800000000000004,0.4800000000000004,0.4800000000000004,0.4800000000000004,0.4800000000000004,0.4800000000000004,0.4800000000000004,0.4800000000000004,0.4800000000000004,0.4800000000000004,0.4800000000000004,0.4800000000000004,0.4800000000000004,0.4800000000000004
188,0.5199999999999996,0.5199999999999996,0.5199999999999996,0.5199999999999996,0.5199999999999996,0.5199999999999996,0.5199999999999996,0.5199999999999996,0.5199999999999996,0.5199999999999996,0.5199999999999996,0.5199999999999996,0.5199999999999996,0.5199999999999996,0.5199999999999996,0.5199999999999996,0.5199999999999996,0.5199999999999996,0.5199999999999996,0.5199999999999996,0.5199999999999996,0.5199999999999996,0.5199999999999996,0.5199999999999996,0.5199999999999996,0.5199999999999996,0.5199999999999996,0.5199999999999996,0.5199999999999996,0.5199999999999996,0.5199999999999996,0.5199999999999996,0.5199999999999996,0.5199999999999996,0.5199999999999996,0.5199999999999996,0.5199999999999996,0.5199999999999996,0.5199999999999996,0.5199999999999996,0.5199999999999996,0.5199999999999996,0.5199999999999996,0.5199999999999996,0.5199999999999996,0.5199999999999996,0.5199999999999996,0.5199999999999996,0.5199999999999996,0.5199999999999996,0.5199999999999996,0.5199999999999996,0.5199999999999996,0.5199999999999996,0.5199999999999996,0.5199999999999996,0.5199999999999996,0.5199999999999996,0.5199999999999996,0.5199999999999996,0.5199999999999996,0.5199999999999996,0.5199999999999996,0.5199999999999996,0.5199999999999996,0.5199999999999996,0.5199999999999996,0.5199999999999996,0.5199999999999996,0.5199999999999996,0.5199999999999996,0.5199999999999996,0.5199999999999996,0.5199999999999996,0.5199999999999996,0.5199999999999996,0.5199999999999996,0.5199999999999996,0.5199999999999996,0.5199999999999996,0.5199999999999996,0.5199999999999996,0.5199999999999996,0.5199999999999996,0.5199999999999996,0.5199999999999996,0.5199999999999996,0.5199999999999996,0.5199999999999996,0.5199999999999996,0.5199999999999996,0.5199999999999996,0.5199999999999996,0.5199999999999996,0.5199999999999996,0.5199999999999996,0.5199999999999996,0.5199999999999996,0.5199999999999996,0.5199999999999996,0.5199999999999996,0.5199999999999996,0.5199999999999996,0.5199999999999996,0.5199999999999996,0.5199999999999996,0.5199999999999996,0.5199999999999996
189,0.5599999999999987,0.5599999999999987,0.5599999999999987,0.5599999999999987,0.5599999999999987,0.5599999999999987,0.5599999999999987,0.5599999999999987,0.5599999999999987,0.5599999999999987,0.5599999999999987,0.5599999999999987,0.5599999999999987,0.5599999999999987,0.5599999999999987,0.5599999999999987,0.5599999999999987,0.5599999999999987,0.5599999999999987,0.5599999999999987,0.5599999999999987,0.5599999999999987,0.5599999999999987,0.5599999999999987,0.5599999999999987,0.5599999999999987,0.5599999999999987,0.5599999999999987,0.5599999999999987,0.5599999999999987,0.5599999999999987,0.5599999999999987,0.5599999999999987,0.5599999999999987,0.5599999999999987,0.5599999999999987,0.5599999999999987,0.5599999999999987,0.5599999999999987,0.5599999999999987,0.5599999999999987,0.5599999999999987,0.5599999999999987,0.5599999999999987,0.5599999999999987,0.5599999999999987,0.5599999999999987,0.5599999999999987,0.5599999999999987,0.5599999999999987,0.5599999999999987,0.5599999999999987,0.5599999999999987,0.5599999999999987,0.5599999999999987,0.5599999999999987,0.5599999999999987,0.5599999999999987,0.5599999999999987,0.5599999999999987,0.5599999999999987,0.5599999999999987,0.5599999999999987,0.5599999999999987,0.5599999999999987,0.5599999999999987,0.5599999999999987,0.5599999999999987,0.5599999999999987,0.5599999999999987,0.5599999999999987,0.5599999999999987,0.5599999999999987,0.5599999999999987,0.5599999999999987,0.5599999999999987,0.5599999999999987,0.5599999999999987,0.5599999999999987,0.5599999999999987,0.5599999999999987,0.5599999999999987,0.5599999999999987,0.5599999999999987,0.5599999999999987,0.5599999999999987,0.5599999999999987,0.5599999999999987,0.5599999999999987,0.5599999999999987,0.5599999999999987,0.5599999999999987,0.5599999999999987,0.5599999999999987,0.5599999999999987,0.5599999999999987,0.5599999999999987,0.5599999999999987,0.5599999999999987,0.5599999999999987,0.5599999999999987,0.5599999999999987,0.5599999999999987,0.5599999999999987,0.5599999999999987,0.5599999999999987,0.5599999999999987,0.5599999999999987
190,0.6000000000000014,0.6000000000000014,0.6000000000000014,0.6000000000000014,0.6000000000000014,0.6000000000000014,0.6000000000000014,0.6000000000000014,0.6000000000000014,0.6000000000000014,0.6000000000000014,0.6000000000000014,0.6000000000000014,0.6000000000000014,0.6000000000000014,0.6000000000000014,0.6000000000000014,0.6000000000000014,0.6000000000000014,0.6000000000000014,0.6000000000000014,0.6000000000000014,0.6000000000000014,0.6000000000000014,0.6000000000000014,0.6000000000000014,0.6000000000000014,0.6000000000000014,0.6000000000000014,0.6000000000000014,0.6000000000000014,0.6000000000000014,0.6000000000000014,0.6000000000000014,0.6000000000000014,0.6000000000000014,0.6000000000000014,0.6000000000000014,0.6000000000000014,0.6000000000000014,0.6000000000000014,0.6000000000000014,0.6000000000000014,0.6000000000000014,0.6000000000000014,0.6000000000000014,0.6000000000000014,0.6000000000000014,0.6000000000000014,0.6000000000000014,0.6000000000000014,0.6000000000000014,0.6000000000000014,0.6000000000000014,0.6000000000000014,0.6000000000000014,0.6000000000000014,0.6000000000000014,0.6000000000000014,0.6000000000000014,0.6000000000000014,0.6000000000000014,0.6000000000000014,0.6000000000000014,0.6000000000000014,0.6000000000000014,0.6000000000000014,0.6000000000000014,0.6000000000000014,0.6000000000000014,0.6000000000000014,0.6000000000000014,0.6000000000000014,0.6000000000000014,0.6000000000000014,0.6000000000000014,0.6000000000000014,0.6000000000000014,0.6000000000000014,0.6000000000000014,0.6000000000000014,0.6000000000000014,0.6000000000000014,0.6000000000000014,0.6000000000000014,0.6000000000000014,0.6000000000000014,0.6000000000000014,0.6000000000000014,0.6000000000000014,0.6000000000000014,0.6000000000000014,0.6000000000000014,0.6000000000000014,0.6000000000000014,0.6000000000000014,0.6000000000000014,0.6000000000000014,0.6000000000000014,0.6000000000000014,0.6000000000000014,0.6000000000000014,0.6000000000000014,0.6000000000000014,0.6000000000000014,0.6000000000000014,0.6000000000000014,0.6000000000000014
191,0.6400000000000006,0.6400000000000006,0.6400000000000006,0.6400000000000006,0.6400000000000006,0.6400000000000006,0.6400000000000006,0.6400000000000006,0.6400000000000006,0.6400000000000006,0.6400000000000006,0.6400000000000006,0.6400000000000006,0.6400000000000006,0.6400000000000006,0.6400000000000006,0.6400000000000006,0.6400000000000006,0.6400000000000006,0.6400000000000006,0.6400000000000006,0.6400000000000006,0.6400000000000006,0.6400000000000006,0.6400000000000006,0.6400000000000006,0.6400000000000006,0.6400000000000006,0.6400000000000006,0.6400000000000006,0.6400000000000006,0.6400000000000006,0.6400000000000006,0.6400000000000006,0.6400000000000006,0.6400000000000006,0.6400000000000006,0.6400000000000006,0.6400000000000006,0.6400000000000006,0.6400000000000006,0.6400000000000006,0.6400000000000006,0.6400000000000006,0.6400000000000006,0.6400000000000006,0.6400000000000006,0.6400000000000006,0.6400000000000006,0.6400000000000006,0.6400000000000006,0.6400000000000006,0.6400000000000006,0.6400000000000006,0.6400000000000006,0.6400000000000006,0.6400000000000006,0.6400000000000006,0.6400000000000006,0.6400000000000006,0.6400000000000006,0.6400000000000006,0.6400000000000006,0.6400000000000006,0.6400000000000006,0.6400000000000006,0.6400000000000006,0.6400000000000006,0.6400000000000006,0.6400000000000006,0.6400000000000006,0.6400000000000006,0.6400000000000006,0.6400000000000006,0.6400000000000006,0.6400000000000006,0.6400000000000006,0.6400000000000006,0.6400000000000006,0.6400000000000006,0.6400000000000006,0.6400000000000006,0.6400000000000006,0.6400000000000006,0.6400000000000006,0.6400000000000006,0.6400000000000006,0.6400000000000006,0.6400000000000006,0.6400000000000006,0.6400000000000006,0.6400000000000006,0.6400000000000006,0.6400000000000006,0.6400000000000006,0.6400000000000006,0.6400000000000006,0.6400000000000006,0.6400000000000006,0.6400000000000006,0.6400000000000006,0.6400000000000006,0.6400000000000006,0.6400000000000006,0.6400000000000006,0.6400000000000006,0.6400000000000006,0.6400000000000006
192,0.6799999999999997,0.6799999999999997,0.6799999999999997,0.6799999999999997,0.6799999999999997,0.6799999999999997,0.6799999999999997,0.6799999999999997,0.6799999999999997,0.6799999999999997,0.6799999999999997,0.6799999999999997,0.6799999999999997,0.6799999999999997,0.6799999999999997,0.6799999999999997,0.6799999999999997,0.6799999999999997,0.6799999999999997,0.6799999999999997,0.6799999999999997,0.6799999999999997,0.6799999999999997,0.6799999999999997,0.6799999999999997,0.6799999999999997,0.6799999999999997,0.6799999999999997,0.6799999999999997,0.6799999999999997,0.6799999999999997,0.6799999999999997,0.6799999999999997,0.6799999999999997,0.6799999999999997,0.6799999999999997,0.6799999999999997,0.6799999999999997,0.6799999999999997,0.6799999999999997,0.6799999999999997,0.6799999999999997,0.6799999999999997,0.6799999999999997,0.6799999999999997,0.6799999999999997,0.6799999999999997,0.6799999999999997,0.6799999999999997,0.6799999999999997,0.6799999999999997,0.6799999999999997,0.6799999999999997,0.6799999999999997,0.6799999999999997,0.6799999999999997,0.6799999999999997,0.6799999999999997,0.6799999999999997,0.6799999999999997,0.6799999999999997,0.6799999999999997,0.6799999999999997,0.6799999999999997,0.6799999999999997,0.6799999999999997,0.6799999999999997,0.6799999999999997,0.6799999999999997,0.6799999999999997,0.6799999999999997,0.6799999999999997,0.6799999999999997,0.6799999999999997,0.6799999999999997,0.6799999999999997,0.6799999999999997,0.6799999999999997,0.6799999999999997,0.6799999999999997,0.6799999999999997,0.6799999999999997,0.6799999999999997,0.6799999999999997,0.6799999999999997,0.6799999999999997,0.6799999999999997,0.6799999999999997,0.6799999999999997,0.6799999999999997,0.6799999999999997,0.6799999999999997,0.6799999999999997,0.6799999999999997,0.6799999999999997,0.6799999999999997,0.6799999999999997,0.6799999999999997,0.6799999999999997,0.6799999999999997,0.6799999999999997,0.6799999999999997,0.6799999999999997,0.6799999999999997,0.6799999999999997,0.6799999999999997,0.6799999999999997,0.6799999999999997
193,0.7199999999999989,0.7199999999999989,0.7199999999999989,0.7199999999999989,0.7199999999999989,0.7199999999999989,0.7199999999999989,0.7199999999999989,0.7199999999999989,0.7199999999999989,0.7199999999999989,0.7199999999999989,0.7199999999999989,0.7199999999999989,0.7199999999999989,0.7199999999999989,0.7199999999999989,0.7199999999999989,0.7199999999999989,0.7199999999999989,0.7199999999999989,0.7199999999999989,0.7199999999999989,0.7199999999999989,0.7199999999999989,0.7199999999999989,0.7199999999999989,0.7199999999999989,0.7199999999999989,0.7199999999999989,0.7199999999999989,0.7199999999999989,0.7199999999999989,0.7199999999999989,0.7199999999999989,0.7199999999999989,0.7199999999999989,0.7199999999999989,0.7199999999999989,0.7199999999999989,0.7199999999999989,0.7199999999999989,0.7199999999999989,0.7199999999999989,0.7199999999999989,0.7199999999999989,0.7199999999999989,0.7199999999999989,0.7199999999999989,0.7199999999999989,0.7199999999999989,0.7199999999999989,0.7199999999999989,0.7199999999999989,0.7199999999999989,0.7199999999999989,0.7199999999999989,0.7199999999999989,0.7199999999999989,0.7199999999999989,0.7199999999999989,0.7199999999999989,0.7199999999999989,0.7199999999999989,0.7199999999999989,0.7199999999999989,0.7199999999999989,0.7199999999999989,0.7199999999999989,0.7199999999999989,0.7199999999999989,0.7199999999999989,0.7199999999999989,0.7199999999999989,0.7199999999999989,0.7199999999999989,0.7199999999999989,0.7199999999999989,0.7199999999999989,0.7199999999999989,0.7199999999999989,0.7199999999999989,0.7199999999999989,0.7199999999999989,0.7199999999999989,0.7199999999999989,0.7199999999999989,0.7199999999999989,0.7199999999999989,0.7199999999999989,0.7199999999999989,0.7199999999999989,0.7199999999999989,0.7199999999999989,0.7199999999999989,0.7199999999999989,0.7199999999999989,0.7199999999999989,0.7199999999999989,0.7199999999999989,0.7199999999999989,0.7199999999999989,0.7199999999999989,0.7199999999999989,0.7199999999999989,0.7199999999999989,0.7199999999999989,0.7199999999999989
194,0.7600000000000016,0.7600000000000016,0.7600000000000016,0.7600000000000016,0.7600000000000016,0.7600000000000016,0.7600000000000016,0.7600000000000016,0.7600000000000016,0.7600000000000016,0.7600000000000016,0.7600000000000016,0.7600000000000016,0.7600000000000016,0.7600000000000016,0.7600000000000016,0.7600000000000016,0.7600000000000016,0.7600000000000016,0.7600000000000016,0.7600000000000016,0.7600000000000016,0.7600000000000016,0.7600000000000016,0.7600000000000016,0.7600000000000016,0.7600000000000016,0.7600000000000016,0.7600000000000016,0.7600000000000016,0.7600000000000016,0.7600000000000016,0.7600000000000016,0.7600000000000016,0.7600000000000016,0.7600000000000016,0.7600000000000016,0.7600000000000016,0.7600000000000016,0.7600000000000016,0.7600000000000016,0.7600000000000016,0.7600000000000016,0.7600000000000016,0.7600000000000016,0.7600000000000016,0.7600000000000016,0.7600000000000016,0.7600000000000016,0.7600000000000016,0.7600000000000016,0.7600000000000016,0.7600000000000016,0.7600000000000016,0.7600000000000016,0.7600000000000016,0.7600000000000016,0.7600000000000016,0.7600000000000016,0.7600000000000016,0.7600000000000016,0.7600000000000016,0.7600000000000016,0.7600000000000016,0.7600000000000016,0.7600000000000016,0.7600000000000016,0.7600000000000016,0.7600000000000016,0.7600000000000016,0.7600000000000016,0.7600000000000016,0.7600000000000016,0.7600000000000016,0.7600000000000016,0.7600000000000016,0.7600000000000016,0.7600000000000016,0.7600000000000016,0.7600000000000016,0.7600000000000016,0.7600000000000016,0.7600000000000016,0.7600000000000016,0.7600000000000016,0.7600000000000016,0.7600000000000016,0.7600000000000016,0.7600000000000016,0.7600000000000016,0.7600000000000016,0.7600000000000016,0.7600000000000016,0.7600000000000016,0.7600000000000016,0.7600000000000016,0.7600000000000016,0.7600000000000016,0.7600000000000016,0.7600000000000016,0.7600000000000016,0.7600000000000016,0.7600000000000016,0.7600000000000016,0.7600000000000016,0.7600000000000016,0.7600000000000016,0.7600000000000016
195,0.8000000000000007,0.8000000000000007,0.8000000000000007,0.8000000000000007,0.8000000000000007,0.8000000000000007,0.8000000000000007,0.8000000000000007,0.8000000000000007,0.8000000000000007,0.8000000000000007,0.8000000000000007,0.8000000000000007,0.8000000000000007,0.8000000000000007,0.8000000000000007,0.8000000000000007,0.8000000000000007,0.8000000000000007,0.8000000000000007,0.8000000000000007,0.8000000000000007,0.8000000000000007,0.8000000000000007,0.8000000000000007,0.8000000000000007,0.8000000000000007,0.8000000000000007,0.8000000000000007,0.8000000000000007,0.8000000000000007,0.8000000000000007,0.8000000000000007,0.8000000000000007,0.8000000000000007,0.8000000000000007,0.8000000000000007,0.8000000000000007,0.8000000000000007,0.8000000000000007,0.8000000000000007,0.8000000000000007,0.8000000000000007,0.8000000000000007,0.8000000000000007,0.8000000000000007,0.8000000000000007,0.8000000000000007,0.8000000000000007,0.8000000000000007,0.8000000000000007,0.8000000000000007,0.8000000000000007,0.8000000000000007,0.8000000000000007,0.8000000000000007,0.8000000000000007,0.8000000000000007,0.8000000000000007,0.8000000000000007,0.8000000000000007,0.8000000000000007,0.8000000000000007,0.8000000000000007,0.8000000000000007,0.8000000000000007,0.8000000000000007,0.8000000000000007,0.8000000000000007,0.8000000000000007,0.8000000000000007,0.8000000000000007,0.8000000000000007,0.8000000000000007,0.8000000000000007,0.8000000000000007,0.8000000000000007,0.8000000000000007,0.8000000000000007,0.8000000000000007,0.8000000000000007,0.8000000000000007,0.8000000000000007,0.8000000000000007,0.8000000000000007,0.8000000000000007,0.8000000000000007,0.8000000000000007,0.8000000000000007,0.8000000000000007,0.8000000000000007,0.8000000000000007,0.8000000000000007,0.8000000000000007,0.8000000000000007,0.8000000000000007,0.8000000000000007,0.8000000000000007,0.8000000000000007,0.8000000000000007,0.8000000000000007,0.8000000000000007,0.8000000000000007,0.8000000000000007,0.8000000000000007,0.8000000000000007,0.8000000000000007,0.8000000000000007
196,0.8399999999999999,0.8399999999999999,0.8399999999999999,0.8399999999999999,0.8399999999999999,0.8399999999999999,0.8399999999999999,0.8399999999999999,0.8399999999999999,0.8399999999999999,0.8399999999999999,0.8399999999999999,0.8399999999999999,0.8399999999999999,0.8399999999999999,0.8399999999999999,0.8399999999999999,0.8399999999999999,0.8399999999999999,0.8399999999999999,0.8399999999999999,0.8399999999999999,0.8399999999999999,0.8399999999999999,0.8399999999999999,0.8399999999999999,0.8399999999999999,0.8399999999999999,0.8399999999999999,0.8399999999999999,0.8399999999999999,0.8399999999999999,0.8399999999999999,0.8399999999999999,0.8399999999999999,0.8399999999999999,0.8399999999999999,0.8399999999999999,0.8399999999999999,0.8399999999999999,0.8399999999999999,0.8399999999999999,0.8399999999999999,0.8399999999999999,0.8399999999999999,0.8399999999999999,0.8399999999999999,0.8399999999999999,0.8399999999999999,0.8399999999999999,0.8399999999999999,0.8399999999999999,0.8399999999999999,0.8399999999999999,0.8399999999999999,0.8399999999999999,0.8399999999999999,0.8399999999999999,0.8399999999999999,0.8399999999999999,0.8399999999999999,0.8399999999999999,0.8399999999999999,0.8399999999999999,0.8399999999999999,0.8399999999999999,0.8399999999999999,0.8399999999999999,0.8399999999999999,0.8399999999999999,0.8399999999999999,0.8399999999999999,0.8399999999999999,0.8399999999999999,0.8399999999999999,0.8399999999999999,0.8399999999999999,0.8399999999999999,0.8399999999999999,0.8399999999999999,0.8399999999999999,0.8399999999999999,0.8399999999999999,0.8399999999999999,0.8399999999999999,0.8399999999999999,0.8399999999999999,0.8399999999999999,0.8399999999999999,0.8399999999999999,0.8399999999999999,0.8399999999999999,0.8399999999999999,0.8399999999999999,0.8399999999999999,0.8399999999999999,0.8399999999999999,0.8399999999999999,0.8399999999999999,0.8399999999999999,0.8399999999999999,0.8399999999999999,0.8399999999999999,0.8399999999999999,0.8399999999999999,0.8399999999999999,0.8399999999999999,0.8399999999999999
197,0.879999999999999,0.879999999999999,0.879999999999999,0.879999999999999,0.879999999999999,0.879999999999999,0.879999999999999,0.879999999999999,0.879999999999999,0.879999999999999,0.879999999999999,0.879999999999999,0.879999999999999,0.879999999999999,0.879999999999999,0.879999999999999,0.879999999999999,0.879999999999999,0.879999999999999,0.879999999999999,0.879999999999999,0.879999999999999,0.879999999999999,0.879999999999999,0.879999999999999,0.879999999999999,0.879999999999999,0.879999999999999,0.879999999999999,0.879999999999999,0.879999999999999,0.879999999999999,0.879999999999999,0.879999999999999,0.879999999999999,0.879999999999999,0.879999999999999,0.879999999999999,0.879999999999999,0.879999999999999,0.879999999999999,0.879999999999999,0.879999999999999,0.879999999999999,0.879999999999999,0.879999999999999,0.879999999999999,0.879999999999999,0.879999999999999,0.879999999999999,0.879999999999999,0.879999999999999,0.879999999999999,0.879999999999999,0.879999999999999,0.879999999999999,0.879999999999999,0.879999999999999,0.879999999999999,0.879999999999999,0.879999999999999,0.879999999999999,0.879999999999999,0.879999999999999,0.879999999999999,0.879999999999999,0.879999999999999,0.879999999999999,0.879999999999999,0.879999999999999,0.879999999999999,0.879999999999999,0.879999999999999,0.879999999999999,0.879999999999999,0.879999999999999,0.879999999999999,0.879999999999999,0.879999999999999,0.879999999999999,0.879999999999999,0.879999999999999,0.879999999999999,0.879999999999999,0.879999999999999,0.879999999999999,0.879999999999999,0.879999999999999,0.879999999999999,0.879999999999999,0.879999999999999,0.879999999999999,0.879999999999999,0.879999999999999,0.879999999999999,0.879999999999999,0.879999999999999,0.879999999999999,0.879999999999999,0.879999999999999,0.879999999999999,0.879999999999999,0.879999999999999,0.879999999999999,0.879999999999999,0.879999999999999,0.879999999999999,0.879999999999999
198,0.9200000000000017,0.9200000000000017,0.9200000000000017,0.9200000000000017,0.9200000000000017,0.9200000000000017,0.9200000000000017,0.9200000000000017,0.9200000000000017,0.9200000000000017,0.9200000000000017,0.9200000000000017,0.9200000000000017,0.9200000000000017,0.9200000000000017,0.9200000000000017,0.9200000000000017,0.9200000000000017,0.9200000000000017,0.9200000000000017,0.9200000000000017,0.9200000000000017,0.9200000000000017,0.9200000000000017,0.9200000000000017,0.9200000000000017,0.9200000000000017,0.9200000000000017,0.9200000000000017,0.9200000000000017,0.9200000000000017,0.9200000000000017,0.9200000000000017,0.9200000000000017,0.9200000000000017,0.9200000000000017,0.9200000000000017,0.9200000000000017,0.9200000000000017,0.9200000000000017,0.9200000000000017,0.9200000000000017,0.9200000000000017,0.9200000000000017,0.9200000000000017,0.9200000000000017,0.9200000000000017,0.9200000000000017,0.9200000000000017,0.9200000000000017,0.9200000000000017,0.9200000000000017,0.9200000000000017,0.9200000000000017,0.9200000000000017,0.9200000000000017,0.9200000000000017,0.9200000000000017,0.9200000000000017,0.9200000000000017,0.9200000000000017,0.9200000000000017,0.9200000000000017,0.9200000000000017,0.9200000000000017,0.9200000000000017,0.9200000000000017,0.9200000000000017,0.9200000000000017,0.9200000000000017,0.9200000000000017,0.9200000000000017,0.9200000000000017,0.9200000000000017,0.9200000000000017,0.9200000000000017,0.9200000000000017,0.9200000000000017,0.9200000000000017,0.9200000000000017,0.9200000000000017,0.9200000000000017,0.9200000000000017,0.9200000000000017,0.9200000000000017,0.9200000000000017,0.9200000000000017,0.9200000000000017,0.9200000000000017,0.9200000000000017,0.9200000000000017,0.9200000000000017,0.9200000000000017,0.9200000000000017,0.9200000000000017,0.9200000000000017,0.9200000000000017,0.9200000000000017,0.9200000000000017,0.9200000000000017,0.9200000000000017,0.9200000000000017,0.9200000000000017,0.9200000000000017,0.9200000000000017,0.9200000000000017,0.9200000000000017,0.9200000000000017
199,0.9600000000000009,0.9600000000000009,0.9600000000000009,0.9600000000000009,0.9600000000000009,0.9600000000000009,0.9600000000000009,0.9600000000000009,0.9600000000000009,0.9600000000000009,0.9600000000000009,0.9600000000000009,0.9600000000000009,0.9600000000000009,0.9600000000000009,0.9600000000000009,0.9600000000000009,0.9600000000000009,0.9600000000000009,0.9600000000000009,0.9600000000000009,0.9600000000000009,0.9600000000000009,0.9600000000000009,0.9600000000000009,0.9600000000000009,0.9600000000000009,0.9600000000000009,0.9600000000000009,0.9600000000000009,0.9600000000000009,0.9600000000000009,0.9600000000000009,0.9600000000000009,0.9600000000000009,0.9600000000000009,0.9600000000000009,0.9600000000000009,0.9600000000000009,0.9600000000000009,0.9600000000000009,0.9600000000000009,0.9600000000000009,0.9600000000000009,0.9600000000000009,0.9600000000000009,0.9600000000000009,0.9600000000000009,0.9600000000000009,0.9600000000000009,0.9600000000000009,0.9600000000000009,0.9600000000000009,0.9600000000000009,0.9600000000000009,0.9600000000000009,0.9600000000000009,0.9600000000000009,0.9600000000000009,0.9600000000000009,0.9600000000000009,0.9600000000000009,0.9600000000000009,0.9600000000000009,0.9600000000000009,0.9600000000000009,0.9600000000000009,0.9600000000000009,0.9600000000000009,0.9600000000000009,0.9600000000000009,0.9600000000000009,0.9600000000000009,0.9600000000000009,0.9600000000000009,0.9600000000000009,0.9600000000000009,0.9600000000000009,0.9600000000000009,0.9600000000000009,0.9600000000000009,0.9600000000000009,0.9600000000000009,0.9600000000000009,0.9600000000000009,0.9600000000000009,0.9600000000000009,0.9600000000000009,0.9600000000000009,0.9600000000000009,0.9600000000000009,0.9600000000000009,0.9600000000000009,0.9600000000000009,0.9600000000000009,0.9600000000000009,0.9600000000000009,0.9600000000000009,0.9600000000000009,0.9600000000000009,0.9600000000000009,0.9600000000000009,0.9600000000000009,0.9600000000000009,0.9600000000000009,0.9600000000000009,0.9600000000000009,0.9600000000000009
200,1.0,1.0,1.0,1.0,1.0,1.0,1.0,1.0,1.0,1.0,1.0,1.0,1.0,1.0,1.0,1.0,1.0,1.0,1.0,1.0,1.0,1.0,1.0,1.0,1.0,1.0,1.0,1.0,1.0,1.0,1.0,1.0,1.0,1.0,1.0,1.0,1.0,1.0,1.0,1.0,1.0,1.0,1.0,1.0,1.0,1.0,1.0,1.0,1.0,1.0,1.0,1.0,1.0,1.0,1.0,1.0,1.0,1.0,1.0,1.0,1.0,1.0,1.0,1.0,1.0,1.0,1.0,1.0,1.0,1.0,1.0,1.0,1.0,1.0,1.0,1.0,1.0,1.0,1.0,1.0,1.0,1.0,1.0,1.0,1.0,1.0,1.0,1.0,1.0,1.0,1.0,1.0,1.0,1.0,1.0,1.0,1.0,1.0,1.0,1.0,1.0,1.0,1.0,1.0,1.0,1.0,1.0,1.0
201,1.0399999999999991,1.0399999999999991,1.0399999999999991,1.0399999999999991,1.0399999999999991,1.0399999999999991,1.0399999999999991,1.0399999999999991,1.0399999999999991,1.0399999999999991,1.0399999999999991,1.0399999999999991,1.0399999999999991,1.0399999999999991,1.0399999999999991,1.0399999999999991,1.0399999999999991,1.0399999999999991,1.0399999999999991,1.0399999999999991,1.0399999999999991,1.0399999999999991,1.0399999999999991,1.0399999999999991,1.0399999999999991,1.0399999999999991,1.0399999999999991,1.0399999999999991,1.0399999999999991,1.0399999999999991,1.0399999999999991,1.0399999999999991,1.0399999999999991,1.0399999999999991,1.0399999999999991,1.0399999999999991,1.0399999999999991,1.0399999999999991,1.0399999999999991,1.0399999999999991,1.0399999999999991,1.0399999999999991,1.0399999999999991,1.0399999999999991,1.0399999999999991,1.0399999999999991,1.0399999999999991,1.0399999999999991,1.0399999999999991,1.0399999999999991,1.0399999999999991,1.0399999999999991,1.0399999999999991,1.0399999999999991,1.0399999999999991,1.0399999999999991,1.0399999999999991,1.0399999999999991,1.0399999999999991,1.0399999999999991,1.0399999999999991,1.0399999999999991,1.0399999999999991,1.0399999999999991,1.0399999999999991,1.0399999999999991,1.0399999999999991,1.0399999999999991,1.0399999999999991,1.0399999999999991,1.0399999999999991,1.0399999999999991,1.0399999999999991,1.0399999999999991,1.0399999999999991,1.0399999999999991,1.0399999999999991,1.0399999999999991,1.0399999999999991,1.0399999999999991,1.0399999999999991,1.0399999999999991,1.0399999999999991,1.0399999999999991,1.0399999999999991,1.0399999999999991,1.0399999999999991,1.0399999999999991,1.0399999999999991,1.0399999999999991,1.0399999999999991,1.0399999999999991,1.0399999999999991,1.0399999999999991,1.0399999999999991,1.0399999999999991,1.0399999999999991,1.0399999999999991,1.0399999999999991,1.0399999999999991,1.0399999999999991,1.0399999999999991,1.0399999999999991,1.0399999999999991,1.0399999999999991,1.0399999999999991,1.0399999999999991,1.0399999999999991
202,1.0799999999999983,1.0799999999999983,1.0799999999999983,1.0799999999999983,1.0799999999999983,1.0799999999999983,1.0799999999999983,1.0799999999999983,1.0799999999999983,1.0799999999999983,1.0799999999999983,1.0799999999999983,1.0799999999999983,1.0799999999999983,1.0799999999999983,1.0799999999999983,1.0799999999999983,1.0799999999999983,1.0799999999999983,1.0799999999999983,1.0799999999999983,1.0799999999999983,1.0799999999999983,1.0799999999999983,1.0799999999999983,1.0799999999999983,1.0799999999999983,1.0799999999999983,1.0799999999999983,1.0799999999999983,1.0799999999999983,1.0799999999999983,1.0799999999999983,1.0799999999999983,1.0799999999999983,1.0799999999999983,1.0799999999999983,1.0799999999999983,1.0799999999999983,1.0799999999999983,1.0799999999999983,1.0799999999999983,1.0799999999999983,1.0799999999999983,1.0799999999999983,1.0799999999999983,1.0799999999999983,1.0799999999999983,1.0799999999999983,1.0799999999999983,1.0799999999999983,1.0799999999999983,1.0799999999999983,1.0799999999999983,1.0799999999999983,1.0799999999999983,1.0799999999999983,1.0799999999999983,1.0799999999999983,1.0799999999999983,1.0799999999999983,1.0799999999999983,1.0799999999999983,1.0799999999999983,1.0799999999999983,1.0799999999999983,1.0799999999999983,1.0799999999999983,1.0799999999999983,1.0799999999999983,1.0799999999999983,1.0799999999999983,1.0799999999999983,1.0799999999999983,1.0799999999999983,1.0799999999999983,1.0799999999999983,1.0799999999999983,1.0799999999999983,1.0799999999999983,1.0799999999999983,1.0799999999999983,1.0799999999999983,1.0799999999999983,1.0799999999999983,1.0799999999999983,1.0799999999999983,1.0799999999999983,1.0799999999999983,1.0799999999999983,1.0799999999999983,1.0799999999999983,1.0799999999999983,1.0799999999999983,1.0799999999999983,1.0799999999999983,1.0799999999999983,1.0799999999999983,1.0799999999999983,1.0799999999999983,1.0799999999999983,1.0799999999999983,1.0799999999999983,1.0799999999999983,1.0799999999999983,1.0799999999999983,1.0799999999999983,1.0799999999999983
203,1.120000000000001,1.120000000000001,1.120000000000001,1.120000000000001,1.120000000000001,1.120000000000001,1.120000000000001,1.120000000000001,1.120000000000001,1.120000000000001,1.120000000000001,1.120000000000001,1.120000000000001,1.120000000000001,1.120000000000001,1.120000000000001,1.120000000000001,1.120000000000001,1.120000000000001,1.120000000000001,1.120000000000001,1.120000000000001,1.120000000000001,1.120000000000001,1.120000000000001,1.120000000000001,1.120000000000001,1.120000000000001,1.120000000000001,1.120000000000001,1.120000000000001,1.120000000000001,1.120000000000001,1.120000000000001,1.120000000000001,1.120000000000001,1.120000000000001,1.120000000000001,1.120000000000001,1.120000000000001,1.120000000000001,1.120000000000001,1.120000000000001,1.120000000000001,1.120000000000001,1.120000000000001,1.120000000000001,1.120000000000001,1.120000000000001,1.120000000000001,1.120000000000001,1.120000000000001,1.120000000000001,1.120000000000001,1.120000000000001,1.120000000000001,1.120000000000001,1.120000000000001,1.120000000000001,1.120000000000001,1.120000000000001,1.120000000000001,1.120000000000001,1.120000000000001,1.120000000000001,1.120000000000001,1.120000000000001,1.120000000000001,1.120000000000001,1.120000000000001,1.120000000000001,1.120000000000001,1.120000000000001,1.120000000000001,1.120000000000001,1.120000000000001,1.120000000000001,1.120000000000001,1.120000000000001,1.120000000000001,1.120000000000001,1.120000000000001,1.120000000000001,1.120000000000001,1.120000000000001,1.120000000000001,1.120000000000001,1.120000000000001,1.120000000000001,1.120000000000001,1.120000000000001,1.120000000000001,1.120000000000001,1.120000000000001,1.120000000000001,1.120000000000001,1.120000000000001,1.120000000000001,1.120000000000001,1.120000000000001,1.120000000000001,1.120000000000001,1.120000000000001,1.120000000000001,1.120000000000001,1.120000000000001,1.120000000000001,1.120000000000001
204,1.1600000000000001,1.1600000000000001,1.1600000000000001,1.1600000000000001,1.1600000000000001,1.1600000000000001,1.1600000000000001,1.1600000000000001,1.1600000000000001,1.1600000000000001,1.1600000000000001,1.1600000000000001,1.1600000000000001,1.1600000000000001,1.1600000000000001,1.1600000000000001,1.1600000000000001,1.1600000000000001,1.1600000000000001,1.1600000000000001,1.1600000000000001,1.1600000000000001,1.1600000000000001,1.1600000000000001,1.1600000000000001,1.1600000000000001,1.1600000000000001,1.1600000000000001,1.1600000000000001,1.1600000000000001,1.1600000000000001,1.1600000000000001,1.1600000000000001,1.1600000000000001,1.1600000000000001,1.1600000000000001,1.1600000000000001,1.1600000000000001,1.1600000000000001,1.1600000000000001,1.1600000000000001,1.1600000000000001,1.1600000000000001,1.1600000000000001,1.1600000000000001,1.1600000000000001,1.1600000000000001,1.1600000000000001,1.1600000000000001,1.1600000000000001,1.1600000000000001,1.1600000000000001,1.1600000000000001,1.1600000000000001,1.1600000000000001,1.1600000000000001,1.1600000000000001,1.1600000000000001,1.1600000000000001,1.1600000000000001,1.1600000000000001,1.1600000000000001,1.1600000000000001,1.1600000000000001,1.1600000000000001,1.1600000000000001,1.1600000000000001,1.1600000000000001,1.1600000000000001,1.1600000000000001,1.1600000000000001,1.1600000000000001,1.1600000000000001,1.1600000000000001,1.1600000000000001,1.1600000000000001,1.1600000000000001,1.1600000000000001,1.1600000000000001,1.1600000000000001,1.1600000000000001,1.1600000000000001,1.1600000000000001,1.1600000000000001,1.1600000000000001,1.1600000000000001,1.1600000000000001,1.1600000000000001,1.1600000000000001,1.1600000000000001,1.1600000000000001,1.1600000000000001,1.1600000000000001,1.1600000000000001,1.1600000000000001,1.1600000000000001,1.1600000000000001,1.1600000000000001,1.1600000000000001,1.1600000000000001,1.1600000000000001,1.1600000000000001,1.1600000000000001,1.1600000000000001,1.1600000000000001,1.1600000000000001,1.1600000000000001,1.1600000000000001
205,1.1999999999999993,1.1999999999999993,1.1999999999999993,1.1999999999999993,1.1999999999999993,1.1999999999999993,1.1999999999999993,1.1999999999999993,1.1999999999999993,1.1999999999999993,1.1999999999999993,1.1999999999999993,1.1999999999999993,1.1999999999999993,1.1999999999999993,1.1999999999999993,1.1999999999999993,1.1999999999999993,1.1999999999999993,1.1999999999999993,1.1999999999999993,1.1999999999999993,1.1999999999999993,1.1999999999999993,1.1999999999999993,1.1999999999999993,1.1999999999999993,1.1999999999999993,1.1999999999999993,1.1999999999999993,1.1999999999999993,1.1999999999999993,1.1999999999999993,1.1999999999999993,1.1999999999999993,1.1999999999999993,1.1999999999999993,1.1999999999999993,1.1999999999999993,1.1999999999999993,1.1999999999999993,1.1999999999999993,1.1999999999999993,1.1999999999999993,1.1999999999999993,1.1999999999999993,1.1999999999999993,1.1999999999999993,1.1999999999999993,1.1999999999999993,1.1999999999999993,1.1999999999999993,1.1999999999999993,1.1999999999999993,1.1999999999999993,1.1999999999999993,1.1999999999999993,1.1999999999999993,1.1999999999999993,1.1999999999999993,1.1999999999999993,1.1999999999999993,1.1999999999999993,1.1999999999999993,1.1999999999999993,1.1999999999999993,1.1999999999999993,1.1999999999999993,1.1999999999999993,1.1999999999999993,1.1999999999999993,1.1999999999999993,1.1999999999999993,1.1999999999999993,1.1999999999999993,1.1999999999999993,1.1999999999999993,1.1999999999999993,1.1999999999999993,1.1999999999999993,1.1999999999999993,1.1999999999999993,1.1999999999999993,1.1999999999999993,1.1999999999999993,1.1999999999999993,1.1999999999999993,1.1999999999999993,1.1999999999999993,1.1999999999999993,1.1999999999999993,1.1999999999999993,1.1999999999999993,1.1999999999999993,1.1999999999999993,1.1999999999999993,1.1999999999999993,1.1999999999999993,1.1999999999999993,1.1999999999999993,1.1999999999999993,1.1999999999999993,1.1999999999999993,1.1999999999999993,1.1999999999999993,1.1999999999999993,1.1999999999999993,1.1999999999999993
206,1.2399999999999984,1.2399999999999984,1.2399999999999984,1.2399999999999984,1.2399999999999984,1.2399999999999984,1.2399999999999984,1.2399999999999984,1.2399999999999984,1.2399999999999984,1.2399999999999984,1.2399999999999984,1.2399999999999984,1.2399999999999984,1.2399999999999984,1.2399999999999984,1.2399999999999984,1.2399999999999984,1.2399999999999984,1.2399999999999984,1.2399999999999984,1.2399999999999984,1.2399999999999984,1.2399999999999984,1.2399999999999984,1.2399999999999984,1.2399999999999984,1.2399999999999984,1.2399999999999984,1.2399999999999984,1.2399999999999984,1.2399999999999984,1.2399999999999984,1.2399999999999984,1.2399999999999984,1.2399999999999984,1.2399999999999984,1.2399999999999984,1.2399999999999984,1.2399999999999984,1.2399999999999984,1.2399999999999984,1.2399999999999984,1.2399999999999984,1.2399999999999984,1.2399999999999984,1.2399999999999984,1.2399999999999984,1.2399999999999984,1.2399999999999984,1.2399999999999984,1.2399999999999984,1.2399999999999984,1.2399999999999984,1.2399999999999984,1.2399999999999984,1.2399999999999984,1.2399999999999984,1.2399999999999984,1.2399999999999984,1.2399999999999984,1.2399999999999984,1.2399999999999984,1.2399999999999984,1.2399999999999984,1.2399999999999984,1.2399999999999984,1.2399999999999984,1.2399999999999984,1.2399999999999984,1.2399999999999984,1.2399999999999984,1.2399999999999984,1.2399999999999984,1.2399999999999984,1.2399999999999984,1.2399999999999984,1.2399999999999984,1.2399999999999984,1.2399999999999984,1.2399999999999984,1.2399999999999984,1.2399999999999984,1.2399999999999984,1.2399999999999984,1.2399999999999984,1.2399999999999984,1.2399999999999984,1.2399999999999984,1.2399999999999984,1.2399999999999984,1.2399999999999984,1.2399999999999984,1.2399999999999984,1.2399999999999984,1.2399999999999984,1.2399999999999984,1.2399999999999984,1.2399999999999984,1.2399999999999984,1.2399999999999984,1.2399999999999984,1.2399999999999984,1.2399999999999984,1.2399999999999984,1.2399999999999984,1.2399999999999984,1.2399999999999984
207,1.2800000000000011,1.2800000000000011,1.2800000000000011,1.2800000000000011,1.2800000000000011,1.2800000000000011,1.2800000000000011,1.2800000000000011,1.2800000000000011,1.2800000000000011,1.2800000000000011,1.2800000000000011,1.2800000000000011,1.2800000000000011,1.2800000000000011,1.2800000000000011,1.2800000000000011,1.2800000000000011,1.2800000000000011,1.2800000000000011,1.2800000000000011,1.2800000000000011,1.2800000000000011,1.2800000000000011,1.2800000000000011,1.2800000000000011,1.2800000000000011,1.2800000000000011,1.2800000000000011,1.2800000000000011,1.2800000000000011,1.2800000000000011,1.2800000000000011,1.2800000000000011,1.2800000000000011,1.2800000000000011,1.2800000000000011,1.2800000000000011,1.2800000000000011,1.2800000000000011,1.2800000000000011,1.2800000000000011,1.2800000000000011,1.2800000000000011,1.2800000000000011,1.2800000000000011,1.2800000000000011,1.2800000000000011,1.2800000000000011,1.2800000000000011,1.2800000000000011,1.2800000000000011,1.2800000000000011,1.2800000000000011,1.2800000000000011,1.2800000000000011,1.2800000000000011,1.2800000000000011,1.2800000000000011,1.2800000000000011,1.2800000000000011,1.2800000000000011,1.2800000000000011,1.2800000000000011,1.2800000000000011,1.2800000000000011,1.2800000000000011,1.2800000000000011,1.2800000000000011,1.2800000000000011,1.2800000000000011,1.2800000000000011,1.2800000000000011,1.2800000000000011,1.2800000000000011,1.2800000000000011,1.2800000000000011,1.2800000000000011,1.2800000000000011,1.2800000000000011,1.2800000000000011,1.2800000000000011,1.2800000000000011,1.2800000000000011,1.2800000000000011,1.2800000000000011,1.2800000000000011,1.2800000000000011,1.2800000000000011,1.2800000000000011,1.2800000000000011,1.2800000000000011,1.2800000000000011,1.2800000000000011,1.2800000000000011,1.2800000000000011,1.2800000000000011,1.2800000000000011,1.2800000000000011,1.2800000000000011,1.2800000000000011,1.2800000000000011,1.2800000000000011,1.2800000000000011,1.2800000000000011,1.2800000000000011,1.2800000000000011,1.2800000000000011
208,1.3200000000000003,1.3200000000000003,1.3200000000000003,1.3200000000000003,1.3200000000000003,1.3200000000000003,1.3200000000000003,1.3200000000000003,1.3200000000000003,1.3200000000000003,1.3200000000000003,1.3200000000000003,1.3200000000000003,1.3200000000000003,1.3200000000000003,1.3200000000000003,1.3200000000000003,1.3200000000000003,1.3200000000000003,1.3200000000000003,1.3200000000000003,1.3200000000000003,1.3200000000000003,1.3200000000000003,1.3200000000000003,1.3200000000000003,1.3200000000000003,1.3200000000000003,1.3200000000000003,1.3200000000000003,1.3200000000000003,1.3200000000000003,1.3200000000000003,1.3200000000000003,1.3200000000000003,1.3200000000000003,1.3200000000000003,1.3200000000000003,1.3200000000000003,1.3200000000000003,1.3200000000000003,1.3200000000000003,1.3200000000000003,1.3200000000000003,1.3200000000000003,1.3200000000000003,1.3200000000000003,1.3200000000000003,1.3200000000000003,1.3200000000000003,1.3200000000000003,1.3200000000000003,1.3200000000000003,1.3200000000000003,1.3200000000000003,1.3200000000000003,1.3200000000000003,1.3200000000000003,1.3200000000000003,1.3200000000000003,1.3200000000000003,1.3200000000000003,1.3200000000000003,1.3200000000000003,1.3200000000000003,1.3200000000000003,1.3200000000000003,1.3200000000000003,1.3200000000000003,1.3200000000000003,1.3200000000000003,1.3200000000000003,1.3200000000000003,1.3200000000000003,1.3200000000000003,1.3200000000000003,1.3200000000000003,1.3200000000000003,1.3200000000000003,1.3200000000000003,1.3200000000000003,1.3200000000000003,1.3200000000000003,1.3200000000000003,1.3200000000000003,1.3200000000000003,1.3200000000000003,1.3200000000000003,1.3200000000000003,1.3200000000000003,1.3200000000000003,1.3200000000000003,1.3200000000000003,1.3200000000000003,1.3200000000000003,1.3200000000000003,1.3200000000000003,1.3200000000000003,1.3200000000000003,1.3200000000000003,1.3200000000000003,1.3200000000000003,1.3200000000000003,1.3200000000000003,1.3200000000000003,1.3200000000000003,1.3200000000000003,1.3200000000000003
209,1.3599999999999994,1.3599999999999994,1.3599999999999994,1.3599999999999994,1.3599999999999994,1.3599999999999994,1.3599999999999994,1.3599999999999994,1.3599999999999994,1.3599999999999994,1.3599999999999994,1.3599999999999994,1.3599999999999994,1.3599999999999994,1.3599999999999994,1.3599999999999994,1.3599999999999994,1.3599999999999994,1.3599999999999994,1.3599999999999994,1.3599999999999994,1.3599999999999994,1.3599999999999994,1.3599999999999994,1.3599999999999994,1.3599999999999994,1.3599999999999994,1.3599999999999994,1.3599999999999994,1.3599999999999994,1.3599999999999994,1.3599999999999994,1.3599999999999994,1.3599999999999994,1.3599999999999994,1.3599999999999994,1.3599999999999994,1.3599999999999994,1.3599999999999994,1.3599999999999994,1.3599999999999994,1.3599999999999994,1.3599999999999994,1.3599999999999994,1.3599999999999994,1.3599999999999994,1.3599999999999994,1.3599999999999994,1.3599999999999994,1.3599999999999994,1.3599999999999994,1.3599999999999994,1.3599999999999994,1.3599999999999994,1.3599999999999994,1.3599999999999994,1.3599999999999994,1.3599999999999994,1.3599999999999994,1.3599999999999994,1.3599999999999994,1.3599999999999994,1.3599999999999994,1.3599999999999994,1.3599999999999994,1.3599999999999994,1.3599999999999994,1.3599999999999994,1.3599999999999994,1.3599999999999994,1.3599999999999994,1.3599999999999994,1.3599999999999994,1.3599999999999994,1.3599999999999994,1.3599999999999994,1.3599999999999994,1.3599999999999994,1.3599999999999994,1.3599999999999994,1.3599999999999994,1.3599999999999994,1.3599999999999994,1.3599999999999994,1.3599999999999994,1.3599999999999994,1.3599999999999994,1.3599999999999994,1.3599999999999994,1.3599999999999994,1.3599999999999994,1.3599999999999994,1.3599999999999994,1.3599999999999994,1.3599999999999994,1.3599999999999994,1.3599999999999994,1.3599999999999994,1.3599999999999994,1.3599999999999994,1.3599999999999994,1.3599999999999994,1.3599999999999994,1.3599999999999994,1.3599999999999994,1.3599999999999994,1.3599999999999994,1.3599999999999994
210,1.3999999999999986,1.3999999999999986,1.3999999999999986,1.3999999999999986,1.3999999999999986,1.3999999999999986,1.3999999999999986,1.3999999999999986,1.3999999999999986,1.3999999999999986,1.3999999999999986,1.3999999999999986,1.3999999999999986,1.3999999999999986,1.3999999999999986,1.3999999999999986,1.3999999999999986,1.3999999999999986,1.3999999999999986,1.3999999999999986,1.3999999999999986,1.3999999999999986,1.3999999999999986,1.3999999999999986,1.3999999999999986,1.3999999999999986,1.3999999999999986,1.3999999999999986,1.3999999999999986,1.3999999999999986,1.3999999999999986,1.3999999999999986,1.3999999999999986,1.3999999999999986,1.3999999999999986,1.3999999999999986,1.3999999999999986,1.3999999999999986,1.3999999999999986,1.3999999999999986,1.3999999999999986,1.3999999999999986,1.3999999999999986,1.3999999999999986,1.3999999999999986,1.3999999999999986,1.3999999999999986,1.3999999999999986,1.3999999999999986,1.3999999999999986,1.3999999999999986,1.3999999999999986,1.3999999999999986,1.3999999999999986,1.3999999999999986,1.3999999999999986,1.3999999999999986,1.3999999999999986,1.3999999999999986,1.3999999999999986,1.3999999999999986,1.3999999999999986,1.3999999999999986,1.3999999999999986,1.3999999999999986,1.3999999999999986,1.3999999999999986,1.3999999999999986,1.3999999999999986,1.3999999999999986,1.3999999999999986,1.3999999999999986,1.3999999999999986,1.3999999999999986,1.3999999999999986,1.3999999999999986,1.3999999999999986,1.3999999999999986,1.3999999999999986,1.3999999999999986,1.3999999999999986,1.3999999999999986,1.3999999999999986,1.3999999999999986,1.3999999999999986,1.3999999999999986,1.3999999999999986,1.3999999999999986,1.3999999999999986,1.3999999999999986,1.3999999999999986,1.3999999999999986,1.3999999999999986,1.3999999999999986,1.3999999999999986,1.3999999999999986,1.3999999999999986,1.3999999999999986,1.3999999999999986,1.3999999999999986,1.3999999999999986,1.3999999999999986,1.3999999999999986,1.3999999999999986,1.3999999999999986,1.3999999999999986,1.3999999999999986,1.3999999999999986
211,1.4400000000000013,1.4400000000000013,1.4400000000000013,1.4400000000000013,1.4400000000000013,1.4400000000000013,1.4400000000000013,1.4400000000000013,1.4400000000000013,1.4400000000000013,1.4400000000000013,1.4400000000000013,1.4400000000000013,1.4400000000000013,1.4400000000000013,1.4400000000000013,1.4400000000000013,1.4400000000000013,1.4400000000000013,1.4400000000000013,1.4400000000000013,1.4400000000000013,1.4400000000000013,1.4400000000000013,1.4400000000000013,1.4400000000000013,1.4400000000000013,1.4400000000000013,1.4400000000000013,1.4400000000000013,1.4400000000000013,1.4400000000000013,1.4400000000000013,1.4400000000000013,1.4400000000000013,1.4400000000000013,1.4400000000000013,1.4400000000000013,1.4400000000000013,1.4400000000000013,1.4400000000000013,1.4400000000000013,1.4400000000000013,1.4400000000000013,1.4400000000000013,1.4400000000000013,1.4400000000000013,1.4400000000000013,1.4400000000000013,1.4400000000000013,1.4400000000000013,1.4400000000000013,1.4400000000000013,1.4400000000000013,1.4400000000000013,1.4400000000000013,1.4400000000000013,1.4400000000000013,1.4400000000000013,1.4400000000000013,1.4400000000000013,1.4400000000000013,1.4400000000000013,1.4400000000000013,1.4400000000000013,1.4400000000000013,1.4400000000000013,1.4400000000000013,1.4400000000000013,1.4400000000000013,1.4400000000000013,1.4400000000000013,1.4400000000000013,1.4400000000000013,1.4400000000000013,1.4400000000000013,1.4400000000000013,1.4400000000000013,1.4400000000000013,1.4400000000000013,1.4400000000000013,1.4400000000000013,1.4400000000000013,1.4400000000000013,1.4400000000000013,1.4400000000000013,1.4400000000000013,1.4400000000000013,1.4400000000000013,1.4400000000000013,1.4400000000000013,1.4400000000000013,1.4400000000000013,1.4400000000000013,1.4400000000000013,1.4400000000000013,1.4400000000000013,1.4400000000000013,1.4400000000000013,1.4400000000000013,1.4400000000000013,1.4400000000000013,1.4400000000000013,1.4400000000000013,1.4400000000000013,1.4400000000000013,1.4400000000000013,1.4400000000000013
212,1.4800000000000004,1.4800000000000004,1.4800000000000004,1.4800000000000004,1.4800000000000004,1.4800000000000004,1.4800000000000004,1.4800000000000004,1.4800000000000004,1.4800000000000004,1.4800000000000004,1.4800000000000004,1.4800000000000004,1.4800000000000004,1.4800000000000004,1.4800000000000004,1.4800000000000004,1.4800000000000004,1.4800000000000004,1.4800000000000004,1.4800000000000004,1.4800000000000004,1.4800000000000004,1.4800000000000004,1.4800000000000004,1.4800000000000004,1.4800000000000004,1.4800000000000004,1.4800000000000004,1.4800000000000004,1.4800000000000004,1.4800000000000004,1.4800000000000004,1.4800000000000004,1.4800000000000004,1.4800000000000004,1.4800000000000004,1.4800000000000004,1.4800000000000004,1.4800000000000004,1.4800000000000004,1.4800000000000004,1.4800000000000004,1.4800000000000004,1.4800000000000004,1.4800000000000004,1.4800000000000004,1.4800000000000004,1.4800000000000004,1.4800000000000004,1.4800000000000004,1.4800000000000004,1.4800000000000004,1.4800000000000004,1.4800000000000004,1.4800000000000004,1.4800000000000004,1.4800000000000004,1.4800000000000004,1.4800000000000004,1.4800000000000004,1.4800000000000004,1.4800000000000004,1.4800000000000004,1.4800000000000004,1.4800000000000004,1.4800000000000004,1.4800000000000004,1.4800000000000004,1.4800000000000004,1.4800000000000004,1.4800000000000004,1.4800000000000004,1.4800000000000004,1.4800000000000004,1.4800000000000004,1.4800000000000004,1.4800000000000004,1.4800000000000004,1.4800000000000004,1.4800000000000004,1.4800000000000004,1.4800000000000004,1.4800000000000004,1.4800000000000004,1.4800000000000004,1.4800000000000004,1.4800000000000004,1.4800000000000004,1.4800000000000004,1.4800000000000004,1.4800000000000004,1.4800000000000004,1.4800000000000004,1.4800000000000004,1.4800000000000004,1.4800000000000004,1.4800000000000004,1.4800000000000004,1.4800000000000004,1.4800000000000004,1.4800000000000004,1.4800000000000004,1.4800000000000004,1.4800000000000004,1.4800000000000004,1.4800000000000004,1.4800000000000004
213,1.5199999999999996,1.5199999999999996,1.5199999999999996,1.5199999999999996,1.5199999999999996,1.5199999999999996,1.5199999999999996,1.5199999999999996,1.5199999999999996,1.5199999999999996,1.5199999999999996,1.5199999999999996,1.5199999999999996,1.5199999999999996,1.5199999999999996,1.5199999999999996,1.5199999999999996,1.5199999999999996,,1.5199999999999996,1.5199999999999996,1.5199999999999996,1.5199999999999996,,1.5199999999999996,1.5199999999999996,1.5199999999999996,1.5199999999999996,1.5199999999999996,1.5199999999999996,1.5199999999999996,1.5199999999999996,1.5199999999999996,1.5199999999999996,1.5199999999999996,1.5199999999999996,1.5199999999999996,1.5199999999999996,1.5199999999999996,1.5199999999999996,1.5199999999999996,1.5199999999999996,1.5199999999999996,1.5199999999999996,1.5199999999999996,1.5199999999999996,1.5199999999999996,1.5199999999999996,1.5199999999999996,1.5199999999999996,1.5199999999999996,1.5199999999999996,1.5199999999999996,1.5199999999999996,1.5199999999999996,1.5199999999999996,1.5199999999999996,1.5199999999999996,1.5199999999999996,1.5199999999999996,1.5199999999999996,1.5199999999999996,1.5199999999999996,1.5199999999999996,1.5199999999999996,1.5199999999999996,1.5199999999999996,1.5199999999999996,1.5199999999999996,1.5199999999999996,1.5199999999999996,1.5199999999999996,1.5199999999999996,1.5199999999999996,1.5199999999999996,1.5199999999999996,1.5199999999999996,1.5199999999999996,1.5199999999999996,1.5199999999999996,1.5199999999999996,1.5199999999999996,1.5199999999999996,1.5199999999999996,1.5199999999999996,1.5199999999999996,1.5199999999999996,1.5199999999999996,1.5199999999999996,1.5199999999999996,1.5199999999999996,1.5199999999999996,1.5199999999999996,1.5199999999999996,1.5199999999999996,1.5199999999999996,1.5199999999999996,1.5199999999999996,1.5199999999999996,1.5199999999999996,1.5199999999999996,1.5199999999999996,1.5199999999999996,1.5199999999999996,1.5199999999999996,1.5199999999999996,1.5199999999999996,1.5199999999999996
214,1.5599999999999987,1.5599999999999987,1.5599999999999987,1.5599999999999987,1.5599999999999987,1.5599999999999987,1.5599999999999987,1.5599999999999987,1.5599999999999987,1.5599999999999987,1.5599999999999987,1.5599999999999987,1.5599999999999987,1.5599999999999987,1.5599999999999987,1.5599999999999987,1.5599999999999987,1.5599999999999987,1.5599999999999987,1.5599999999999987,1.5599999999999987,1.5599999999999987,1.5599999999999987,,1.5599999999999987,1.5599999999999987,1.5599999999999987,1.5599999999999987,1.5599999999999987,1.5599999999999987,1.5599999999999987,1.5599999999999987,1.5599999999999987,1.5599999999999987,1.5599999999999987,1.5599999999999987,1.5599999999999987,1.5599999999999987,1.5599999999999987,1.5599999999999987,1.5599999999999987,1.5599999999999987,1.5599999999999987,1.5599999999999987,1.5599999999999987,1.5599999999999987,1.5599999999999987,1.5599999999999987,1.5599999999999987,1.5599999999999987,1.5599999999999987,1.5599999999999987,1.5599999999999987,1.5599999999999987,1.5599999999999987,1.5599999999999987,1.5599999999999987,1.5599999999999987,1.5599999999999987,1.5599999999999987,1.5599999999999987,1.5599999999999987,1.5599999999999987,1.5599999999999987,1.5599999999999987,1.5599999999999987,1.5599999999999987,1.5599999999999987,1.5599999999999987,1.5599999999999987,1.5599999999999987,1.5599999999999987,1.5599999999999987,1.5599999999999987,1.5599999999999987,1.5599999999999987,1.5599999999999987,1.5599999999999987,1.5599999999999987,1.5599999999999987,1.5599999999999987,1.5599999999999987,1.5599999999999987,1.5599999999999987,1.5599999999999987,1.5599999999999987,1.5599999999999987,1.5599999999999987,1.5599999999999987,1.5599999999999987,1.5599999999999987,1.5599999999999987,1.5599999999999987,1.5599999999999987,1.5599999999999987,1.5599999999999987,1.5599999999999987,1.5599999999999987,1.5599999999999987,1.5599999999999987,1.5599999999999987,1.5599999999999987,,1.5599999999999987,1.5599999999999987,1.5599999999999987,1.5599999999999987,1.5599999999999987
215,1.6000000000000014,1.6000000000000014,1.6000000000000014,1.6000000000000014,1.6000000000000014,1.6000000000000014,1.6000000000000014,1.6000000000000014,1.6000000000000014,1.6000000000000014,1.6000000000000014,1.6000000000000014,1.6000000000000014,1.6000000000000014,1.6000000000000014,1.6000000000000014,1.6000000000000014,1.6000000000000014,1.6000000000000014,1.6000000000000014,1.6000000000000014,1.6000000000000014,1.6000000000000014,,1.6000000000000014,1.6000000000000014,1.6000000000000014,1.6000000000000014,1.6000000000000014,1.6000000000000014,1.6000000000000014,1.6000000000000014,1.6000000000000014,1.6000000000000014,1.6000000000000014,1.6000000000000014,1.6000000000000014,1.6000000000000014,1.6000000000000014,1.6000000000000014,1.6000000000000014,1.6000000000000014,1.6000000000000014,1.6000000000000014,1.6000000000000014,1.6000000000000014,1.6000000000000014,1.6000000000000014,1.6000000000000014,1.6000000000000014,1.6000000000000014,1.6000000000000014,1.6000000000000014,1.6000000000000014,1.6000000000000014,1.6000000000000014,1.6000000000000014,1.6000000000000014,1.6000000000000014,1.6000000000000014,1.6000000000000014,1.6000000000000014,1.6000000000000014,1.6000000000000014,1.6000000000000014,1.6000000000000014,1.6000000000000014,1.6000000000000014,1.6000000000000014,1.6000000000000014,1.6000000000000014,1.6000000000000014,1.6000000000000014,1.6000000000000014,1.6000000000000014,1.6000000000000014,1.6000000000000014,1.6000000000000014,1.6000000000000014,1.6000000000000014,1.6000000000000014,1.6000000000000014,1.6000000000000014,1.6000000000000014,1.6000000000000014,1.6000000000000014,1.6000000000000014,1.6000000000000014,1.6000000000000014,1.6000000000000014,1.6000000000000014,1.6000000000000014,1.6000000000000014,1.6000000000000014,1.6000000000000014,1.6000000000000014,1.6000000000000014,1.6000000000000014,1.6000000000000014,1.6000000000000014,1.6000000000000014,1.6000000000000014,,1.6000000000000014,1.6000000000000014,1.6000000000000014,1.6000000000000014,1.6000000000000014
216,1.6400000000000006,1.6400000000000006,1.6400000000000006,1.6400000000000006,1.6400000000000006,1.6400000000000006,1.6400000000000006,1.6400000000000006,1.6400000000000006,1.6400000000000006,1.6400000000000006,1.6400000000000006,1.6400000000000006,1.6400000000000006,1.6400000000000006,1.6400000000000006,1.6400000000000006,1.6400000000000006,1.6400000000000006,1.6400000000000006,1.6400000000000006,1.6400000000000006,1.6400000000000006,1.6400000000000006,1.6400000000000006,1.6400000000000006,1.6400000000000006,1.6400000000000006,1.6400000000000006,1.6400000000000006,1.6400000000000006,1.6400000000000006,1.6400000000000006,1.6400000000000006,1.6400000000000006,1.6400000000000006,1.6400000000000006,1.6400000000000006,1.6400000000000006,1.6400000000000006,1.6400000000000006,1.6400000000000006,1.6400000000000006,1.6400000000000006,1.6400000000000006,1.6400000000000006,1.6400000000000006,1.6400000000000006,1.6400000000000006,1.6400000000000006,1.6400000000000006,1.6400000000000006,1.6400000000000006,1.6400000000000006,1.6400000000000006,1.6400000000000006,1.6400000000000006,1.6400000000000006,1.6400000000000006,1.6400000000000006,1.6400000000000006,1.6400000000000006,1.6400000000000006,1.6400000000000006,1.6400000000000006,1.6400000000000006,1.6400000000000006,1.6400000000000006,1.6400000000000006,1.6400000000000006,1.6400000000000006,1.6400000000000006,1.6400000000000006,1.6400000000000006,1.6400000000000006,1.6400000000000006,1.6400000000000006,1.6400000000000006,1.6400000000000006,1.6400000000000006,1.6400000000000006,1.6400000000000006,1.6400000000000006,1.6400000000000006,1.6400000000000006,1.6400000000000006,1.6400000000000006,1.6400000000000006,1.6400000000000006,1.6400000000000006,1.6400000000000006,1.6400000000000006,1.6400000000000006,1.6400000000000006,1.6400000000000006,1.6400000000000006,1.6400000000000006,1.6400000000000006,1.6400000000000006,1.6400000000000006,1.6400000000000006,1.6400000000000006,7.941147460937501,1.6400000000000006,1.6400000000000006,1.6400000000000006,1.6400000000000006,1.6400000000000006
217,1.6799999999999997,1.6799999999999997,1.6799999999999997,1.6799999999999997,1.6799999999999997,1.6799999999999997,1.6799999999999997,1.6799999999999997,1.6799999999999997,1.6799999999999997,1.6799999999999997,1.6799999999999997,1.6799999999999997,1.6799999999999997,1.6799999999999997,1.6799999999999997,1.6799999999999997,1.6799999999999997,1.6799999999999997,1.6799999999999997,1.6799999999999997,1.6799999999999997,1.6799999999999997,1.6799999999999997,1.6799999999999997,1.6799999999999997,1.6799999999999997,1.6799999999999997,1.6799999999999997,1.6799999999999997,1.6799999999999997,1.6799999999999997,1.6799999999999997,1.6799999999999997,1.6799999999999997,1.6799999999999997,1.6799999999999997,1.6799999999999997,1.6799999999999997,1.6799999999999997,1.6799999999999997,1.6799999999999997,1.6799999999999997,1.6799999999999997,1.6799999999999997,1.6799999999999997,1.6799999999999997,1.6799999999999997,1.6799999999999997,1.6799999999999997,1.6799999999999997,1.6799999999999997,1.6799999999999997,1.6799999999999997,1.6799999999999997,1.6799999999999997,1.6799999999999997,1.6799999999999997,1.6799999999999997,1.6799999999999997,1.6799999999999997,1.6799999999999997,1.6799999999999997,1.6799999999999997,1.6799999999999997,1.6799999999999997,1.6799999999999997,1.6799999999999997,1.6799999999999997,1.6799999999999997,1.6799999999999997,1.6799999999999997,1.6799999999999997,1.6799999999999997,1.6799999999999997,1.6799999999999997,1.6799999999999997,1.6799999999999997,1.6799999999999997,1.6799999999999997,1.6799999999999997,1.6799999999999997,1.6799999999999997,1.6799999999999997,1.6799999999999997,1.6799999999999997,1.6799999999999997,1.6799999999999997,1.6799999999999997,1.6799999999999997,1.6799999999999997,1.6799999999999997,1.6799999999999997,1.6799999999999997,1.6799999999999997,1.6799999999999997,1.6799999999999997,1.6799999999999997,1.6799999999999997,1.6799999999999997,1.6799999999999997,1.6799999999999997,7.9811474609375,1.6799999999999997,1.6799999999999997,1.6799999999999997,1.6799999999999997,1.6799999999999997
218,1.7199999999999989,1.7199999999999989,1.7199999999999989,1.7199999999999989,1.7199999999999989,1.7199999999999989,1.7199999999999989,1.7199999999999989,1.7199999999999989,1.7199999999999989,1.7199999999999989,1.7199999999999989,1.7199999999999989,1.7199999999999989,1.7199999999999989,1.7199999999999989,1.7199999999999989,1.7199999999999989,1.7199999999999989,1.7199999999999989,1.7199999999999989,1.7199999999999989,1.7199999999999989,1.7199999999999989,1.7199999999999989,1.7199999999999989,1.7199999999999989,1.7199999999999989,1.7199999999999989,1.7199999999999989,1.7199999999999989,1.7199999999999989,1.7199999999999989,1.7199999999999989,1.7199999999999989,1.7199999999999989,1.7199999999999989,1.7199999999999989,1.7199999999999989,1.7199999999999989,1.7199999999999989,1.7199999999999989,1.7199999999999989,1.7199999999999989,1.7199999999999989,1.7199999999999989,1.7199999999999989,1.7199999999999989,1.7199999999999989,1.7199999999999989,1.7199999999999989,1.7199999999999989,1.7199999999999989,1.7199999999999989,1.7199999999999989,1.7199999999999989,1.7199999999999989,1.7199999999999989,1.7199999999999989,1.7199999999999989,1.7199999999999989,1.7199999999999989,1.7199999999999989,1.7199999999999989,1.7199999999999989,1.7199999999999989,1.7199999999999989,1.7199999999999989,1.7199999999999989,1.7199999999999989,1.7199999999999989,1.7199999999999989,1.7199999999999989,1.7199999999999989,1.7199999999999989,1.7199999999999989,1.7199999999999989,1.7199999999999989,1.7199999999999989,1.7199999999999989,1.7199999999999989,1.7199999999999989,1.7199999999999989,1.7199999999999989,1.7199999999999989,1.7199999999999989,1.7199999999999989,1.7199999999999989,1.7199999999999989,1.7199999999999989,1.7199999999999989,1.7199999999999989,1.7199999999999989,1.7199999999999989,1.7199999999999989,1.7199999999999989,1.7199999999999989,1.7199999999999989,1.7199999999999989,1.7199999999999989,1.7199999999999989,1.7199999999999989,1.7199999999999989,1.7199999999999989,1.7199999999999989,1.7199999999999989,1.7199999999999989,1.7199999999999989
219,1.7600000000000016,1.7600000000000016,1.7600000000000016,1.7600000000000016,1.7600000000000016,1.7600000000000016,1.7600000000000016,1.7600000000000016,1.7600000000000016,1.7600000000000016,1.7600000000000016,1.7600000000000016,1.7600000000000016,1.7600000000000016,1.7600000000000016,1.7600000000000016,1.7600000000000016,1.7600000000000016,1.7600000000000016,1.7600000000000016,1.7600000000000016,1.7600000000000016,1.7600000000000016,1.7600000000000016,1.7600000000000016,1.7600000000000016,1.7600000000000016,1.7600000000000016,1.7600000000000016,1.7600000000000016,1.7600000000000016,1.7600000000000016,1.7600000000000016,1.7600000000000016,1.7600000000000016,1.7600000000000016,1.7600000000000016,1.7600000000000016,1.7600000000000016,1.7600000000000016,1.7600000000000016,1.7600000000000016,1.7600000000000016,1.7600000000000016,1.7600000000000016,1.7600000000000016,1.7600000000000016,1.7600000000000016,1.7600000000000016,1.7600000000000016,1.7600000000000016,1.7600000000000016,1.7600000000000016,1.7600000000000016,1.7600000000000016,1.7600000000000016,1.7600000000000016,1.7600000000000016,1.7600000000000016,1.7600000000000016,1.7600000000000016,1.7600000000000016,1.7600000000000016,1.7600000000000016,1.7600000000000016,1.7600000000000016,1.7600000000000016,1.7600000000000016,1.7600000000000016,1.7600000000000016,1.7600000000000016,1.7600000000000016,1.7600000000000016,1.7600000000000016,1.7600000000000016,1.7600000000000016,1.7600000000000016,1.7600000000000016,1.7600000000000016,1.7600000000000016,1.7600000000000016,1.7600000000000016,1.7600000000000016,1.7600000000000016,1.7600000000000016,1.7600000000000016,1.7600000000000016,1.7600000000000016,1.7600000000000016,1.7600000000000016,1.7600000000000016,1.7600000000000016,1.7600000000000016,1.7600000000000016,1.7600000000000016,1.7600000000000016,1.7600000000000016,1.7600000000000016,1.7600000000000016,1.7600000000000016,1.7600000000000016,1.7600000000000016,1.7600000000000016,1.7600000000000016,1.7600000000000016,1.7600000000000016,1.7600000000000016,1.7600000000000016
220,1.8000000000000007,1.8000000000000007,1.8000000000000007,1.8000000000000007,1.8000000000000007,1.8000000000000007,1.8000000000000007,1.8000000000000007,1.8000000000000007,1.8000000000000007,1.8000000000000007,1.8000000000000007,1.8000000000000007,1.8000000000000007,1.8000000000000007,1.8000000000000007,1.8000000000000007,1.8000000000000007,1.8000000000000007,1.8000000000000007,1.8000000000000007,1.8000000000000007,1.8000000000000007,1.8000000000000007,1.8000000000000007,1.8000000000000007,1.8000000000000007,1.8000000000000007,1.8000000000000007,1.8000000000000007,1.8000000000000007,1.8000000000000007,1.8000000000000007,1.8000000000000007,1.8000000000000007,1.8000000000000007,1.8000000000000007,1.8000000000000007,1.8000000000000007,1.8000000000000007,1.8000000000000007,1.8000000000000007,1.8000000000000007,1.8000000000000007,1.8000000000000007,1.8000000000000007,1.8000000000000007,1.8000000000000007,1.8000000000000007,1.8000000000000007,1.8000000000000007,1.8000000000000007,1.8000000000000007,1.8000000000000007,1.8000000000000007,1.8000000000000007,1.8000000000000007,1.8000000000000007,1.8000000000000007,1.8000000000000007,1.8000000000000007,1.8000000000000007,1.8000000000000007,1.8000000000000007,1.8000000000000007,1.8000000000000007,1.8000000000000007,1.8000000000000007,1.8000000000000007,1.8000000000000007,1.8000000000000007,1.8000000000000007,1.8000000000000007,1.8000000000000007,1.8000000000000007,1.8000000000000007,1.8000000000000007,1.8000000000000007,1.8000000000000007,1.8000000000000007,1.8000000000000007,1.8000000000000007,1.8000000000000007,1.8000000000000007,1.8000000000000007,1.8000000000000007,1.8000000000000007,1.8000000000000007,1.8000000000000007,1.8000000000000007,1.8000000000000007,1.8000000000000007,1.8000000000000007,1.8000000000000007,1.8000000000000007,1.8000000000000007,1.8000000000000007,1.8000000000000007,1.8000000000000007,1.8000000000000007,1.8000000000000007,1.8000000000000007,1.8000000000000007,1.8000000000000007,1.8000000000000007,1.8000000000000007,1.8000000000000007,1.8000000000000007
221,1.8399999999999999,1.8399999999999999,1.8399999999999999,1.8399999999999999,1.8399999999999999,1.8399999999999999,1.8399999999999999,1.8399999999999999,1.8399999999999999,1.8399999999999999,1.8399999999999999,1.8399999999999999,1.8399999999999999,1.8399999999999999,1.8399999999999999,1.8399999999999999,1.8399999999999999,1.8399999999999999,1.8399999999999999,1.8399999999999999,1.8399999999999999,1.8399999999999999,1.8399999999999999,1.8399999999999999,1.8399999999999999,1.8399999999999999,1.8399999999999999,1.8399999999999999,1.8399999999999999,1.8399999999999999,1.8399999999999999,1.8399999999999999,1.8399999999999999,1.8399999999999999,1.8399999999999999,1.8399999999999999,1.8399999999999999,1.8399999999999999,1.8399999999999999,1.8399999999999999,1.8399999999999999,1.8399999999999999,1.8399999999999999,1.8399999999999999,1.8399999999999999,1.8399999999999999,1.8399999999999999,1.8399999999999999,1.8399999999999999,1.8399999999999999,1.8399999999999999,1.8399999999999999,1.8399999999999999,1.8399999999999999,1.8399999999999999,1.8399999999999999,1.8399999999999999,1.8399999999999999,1.8399999999999999,1.8399999999999999,1.8399999999999999,1.8399999999999999,1.8399999999999999,1.8399999999999999,1.8399999999999999,1.8399999999999999,1.8399999999999999,1.8399999999999999,1.8399999999999999,1.8399999999999999,1.8399999999999999,1.8399999999999999,1.8399999999999999,1.8399999999999999,1.8399999999999999,1.8399999999999999,1.8399999999999999,1.8399999999999999,1.8399999999999999,1.8399999999999999,1.8399999999999999,1.8399999999999999,1.8399999999999999,1.8399999999999999,1.8399999999999999,1.8399999999999999,1.8399999999999999,1.8399999999999999,1.8399999999999999,1.8399999999999999,1.8399999999999999,1.8399999999999999,1.8399999999999999,1.8399999999999999,1.8399999999999999,1.8399999999999999,1.8399999999999999,1.8399999999999999,1.8399999999999999,1.8399999999999999,1.8399999999999999,1.8399999999999999,1.8399999999999999,1.8399999999999999,1.8399999999999999,1.8399999999999999,1.8399999999999999,1.8399999999999999
222,1.879999999999999,1.879999999999999,1.879999999999999,1.879999999999999,1.879999999999999,1.879999999999999,1.879999999999999,1.879999999999999,1.879999999999999,1.879999999999999,1.879999999999999,1.879999999999999,1.879999999999999,1.879999999999999,1.879999999999999,1.879999999999999,1.879999999999999,1.879999999999999,1.879999999999999,1.879999999999999,1.879999999999999,1.879999999999999,1.879999999999999,1.879999999999999,1.879999999999999,1.879999999999999,1.879999999999999,1.879999999999999,1.879999999999999,1.879999999999999,1.879999999999999,1.879999999999999,1.879999999999999,1.879999999999999,1.879999999999999,1.879999999999999,1.879999999999999,1.879999999999999,1.879999999999999,1.879999999999999,1.879999999999999,1.879999999999999,1.879999999999999,1.879999999999999,1.879999999999999,1.879999999999999,1.879999999999999,1.879999999999999,1.879999999999999,1.879999999999999,1.879999999999999,1.879999999999999,1.879999999999999,1.879999999999999,1.879999999999999,1.879999999999999,1.879999999999999,1.879999999999999,1.879999999999999,1.879999999999999,1.879999999999999,1.879999999999999,1.879999999999999,1.879999999999999,1.879999999999999,1.879999999999999,1.879999999999999,1.879999999999999,1.879999999999999,1.879999999999999,1.879999999999999,1.879999999999999,1.879999999999999,1.879999999999999,1.879999999999999,1.879999999999999,1.879999999999999,1.879999999999999,1.879999999999999,1.879999999999999,1.879999999999999,1.879999999999999,1.879999999999999,1.879999999999999,1.879999999999999,1.879999999999999,1.879999999999999,1.879999999999999,1.879999999999999,1.879999999999999,1.879999999999999,1.879999999999999,1.879999999999999,1.879999999999999,1.879999999999999,1.879999999999999,1.879999999999999,1.879999999999999,1.879999999999999,1.879999999999999,1.879999999999999,1.879999999999999,1.879999999999999,1.879999999999999,1.879999999999999,1.879999999999999,1.879999999999999,1.879999999999999
223,1.9200000000000017,1.9200000000000017,1.9200000000000017,1.9200000000000017,1.9200000000000017,1.9200000000000017,1.9200000000000017,1.9200000000000017,1.9200000000000017,1.9200000000000017,1.9200000000000017,1.9200000000000017,1.9200000000000017,1.9200000000000017,1.9200000000000017,1.4856776428222673,1.9200000000000017,1.9200000000000017,1.9200000000000017,1.9200000000000017,1.9200000000000017,1.9200000000000017,1.9200000000000017,1.9200000000000017,1.9200000000000017,1.9200000000000017,1.9200000000000017,1.9200000000000017,1.9200000000000017,1.9200000000000017,1.9200000000000017,1.9200000000000017,1.9200000000000017,1.9200000000000017,1.9200000000000017,1.9200000000000017,1.9200000000000017,1.829645080566408,1.9200000000000017,1.9200000000000017,1.9200000000000017,1.9200000000000017,1.9200000000000017,1.9200000000000017,1.9200000000000017,1.8786734771728533,1.9200000000000017,1.9200000000000017,1.9200000000000017,1.9200000000000017,1.9200000000000017,1.9200000000000017,1.9200000000000017,1.9200000000000017,1.9200000000000017,1.9200000000000017,1.863904876708986,1.9200000000000017,1.9200000000000017,1.9200000000000017,1.9200000000000017,1.9200000000000017,1.9200000000000017,1.9200000000000017,1.9200000000000017,1.9200000000000017,1.9200000000000017,1.9200000000000017,1.9200000000000017,1.9200000000000017,1.9200000000000017,1.9200000000000017,1.9200000000000017,1.8436564636230486,1.9200000000000017,1.9200000000000017,1.9200000000000017,1.9200000000000017,1.9200000000000017,1.9200000000000017,1.9200000000000017,1.9200000000000017,1.9200000000000017,1.9200000000000017,1.9200000000000017,1.9200000000000017,1.9200000000000017,1.9200000000000017,1.9200000000000017,1.9200000000000017,1.9200000000000017,1.9200000000000017,1.9200000000000017,1.9200000000000017,1.9200000000000017,1.9200000000000017,1.9200000000000017,1.9200000000000017,1.9200000000000017,1.9200000000000017,1.9200000000000017,1.9200000000000017,0.9200000000000017,1.9200000000000017,1.9200000000000017,1.6503619384765642,1.9200000000000017,1.9200000000000017
224,1.2442426300048837,1.9600000000000009,0.9600000000000009,1.9600000000000009,1.7835588073730477,1.9600000000000009,1.9600000000000009,0.9600000000000009,1.9600000000000009,1.9600000000000009,1.9431237792968759,1.9600000000000009,0.9600000000000009,1.0254258728027352,1.9600000000000009,1.5256776428222665,0.9600000000000009,1.945420227050782,0.9600000000000009,0.9600000000000009,0.9600000000000009,1.9600000000000009,1.2632665252685555,0.9600000000000009,0.9600000000000009,0.9600000000000009,0.9600000000000009,0.9600000000000009,0.9600000000000009,1.447741470336915,0.9600000000000009,1.9600000000000009,1.1295060729980477,0.9600000000000009,1.075516662597657,0.9600000000000009,1.5256776428222665,1.869645080566407,0.9600000000000009,0.9600000000000009,0.9600000000000009,1.5256776428222665,0.9600000000000009,0.9600000000000009,1.9600000000000009,1.9186734771728524,0.9600000000000009,1.797165832519532,0.9600000000000009,0.9600000000000009,0.9600000000000009,0.9700135803222665,1.0798539733886727,1.9600000000000009,0.9600000000000009,0.9600000000000009,1.9039048767089852,1.6556329345703134,0.9600000000000009,0.9600000000000009,0.9600000000000009,0.9600000000000009,0.9600000000000009,0.9600000000000009,0.9600000000000009,0.9600000000000009,1.9600000000000009,0.9600000000000009,0.9600000000000009,0.9600000000000009,0.9600000000000009,0.9600000000000009,0.9600000000000009,1.8836564636230477,0.9600000000000009,0.9600000000000009,0.9600000000000009,0.9600000000000009,0.9600000000000009,0.9600000000000009,1.9600000000000009,0.9600000000000009,1.9600000000000009,0.9600000000000009,0.9600000000000009,0.9958047485351571,1.9600000000000009,0.9600000000000009,1.9600000000000009,1.9600000000000009,0.9600000000000009,0.9600000000000009,0.9600000000000009,1.583624801635743,1.4795007324218759,0.9600000000000009,1.9600000000000009,0.9600000000000009,0.9600000000000009,1.9600000000000009,1.483609161376954,0.9600000000000009,0.9600000000000009,0.9600000000000009,0.9600000000000009,0.9600000000000009,0.9600000000000009,0.9600000000000009
225,1.0,1.0,1.0,1.0,1.0,1.0,1.0,1.0,1.0,1.0,1.0,1.0,1.0,1.0,1.0,1.0,1.0,1.0,1.0,1.0,1.0,1.0,1.0,1.0,1.0,1.0,1.0,1.0,1.0,1.0,1.0,1.0,1.0,1.0,1.0,1.0,1.0,1.0,1.0,1.0,1.0,1.0,1.0,1.0,1.0,1.0,1.0,1.0,1.0,1.0,1.0,1.0,1.0,1.0,1.0,1.0,1.0,1.0,1.0,1.0,1.0,1.0,1.0,1.0,1.0,1.0,1.0,1.0,1.0,1.0,1.0,1.0,1.0,1.0,1.0,1.0,1.0,1.0,1.0,1.0,1.0,1.0,1.0,1.0,1.0,1.0,1.0,1.0,1.0,1.0,1.0,1.0,1.0,1.0,1.0,1.0,1.0,1.0,1.0,1.0,1.0,1.0,1.0,1.0,1.0,1.0,1.0,1.0
226,1.0599999999999987,1.0599999999999987,1.0599999999999987,1.0599999999999987,1.0599999999999987,1.0599999999999987,1.0599999999999987,1.0599999999999987,1.0599999999999987,1.0599999999999987,1.0599999999999987,1.0599999999999987,1.0599999999999987,1.0599999999999987,1.0599999999999987,1.0599999999999987,1.0599999999999987,1.0599999999999987,1.0599999999999987,1.0599999999999987,1.0599999999999987,1.0599999999999987,1.0599999999999987,1.0599999999999987,1.0599999999999987,1.0599999999999987,1.0599999999999987,1.0599999999999987,1.0599999999999987,1.0599999999999987,1.0599999999999987,1.0599999999999987,1.0599999999999987,1.0599999999999987,1.0599999999999987,1.0599999999999987,1.0599999999999987,1.0599999999999987,0.5225434875488268,1.0599999999999987,1.0599999999999987,1.0599999999999987,1.0599999999999987,1.0599999999999987,1.0599999999999987,1.0599999999999987,1.0599999999999987,1.0599999999999987,1.0599999999999987,1.0599999999999987,1.0599999999999987,1.0599999999999987,1.0599999999999987,1.0599999999999987,1.0599999999999987,1.0599999999999987,1.0599999999999987,1.0599999999999987,1.0599999999999987,1.0599999999999987,1.0599999999999987,1.0599999999999987,1.0599999999999987,1.0599999999999987,1.0599999999999987,1.0599999999999987,1.0599999999999987,1.0599999999999987,1.0599999999999987,1.0599999999999987,1.0599999999999987,1.0599999999999987,1.0599999999999987,1.0599999999999987,1.0599999999999987,1.0599999999999987,1.0599999999999987,1.0599999999999987,1.0599999999999987,1.0599999999999987,1.0599999999999987,1.0599999999999987,1.0599999999999987,1.0599999999999987,1.0599999999999987,1.0599999999999987,1.0599999999999987,1.0599999999999987,1.0599999999999987,1.0599999999999987,1.0599999999999987,1.0599999999999987,1.0599999999999987,1.0599999999999987,1.0599999999999987,1.0599999999999987,1.0599999999999987,1.0599999999999987,1.0599999999999987,1.0599999999999987,1.0599999999999987,1.0599999999999987,1.0599999999999987,1.0599999999999987,1.0599999999999987,1.0599999999999987,1.0599999999999987,1.0599999999999987
227,1.120000000000001,0.14976799011230568,1.120000000000001,1.120000000000001,1.120000000000001,1.120000000000001,1.120000000000001,1.120000000000001,0.120000000000001,1.120000000000001,1.120000000000001,1.072850341796876,1.120000000000001,0.4255915832519541,1.120000000000001,1.120000000000001,1.120000000000001,1.120000000000001,1.120000000000001,0.31893646240234474,1.120000000000001,1.0052272033691416,1.120000000000001,1.0863619995117197,1.120000000000001,1.120000000000001,0.120000000000001,0.893132324218751,1.120000000000001,1.120000000000001,1.120000000000001,1.120000000000001,1.120000000000001,1.120000000000001,1.120000000000001,1.120000000000001,0.31875144958496193,1.120000000000001,0.5825434875488291,1.120000000000001,0.5043555450439463,1.120000000000001,0.120000000000001,1.120000000000001,1.120000000000001,1.120000000000001,1.120000000000001,1.120000000000001,1.120000000000001,1.120000000000001,1.120000000000001,1.120000000000001,1.120000000000001,1.120000000000001,1.120000000000001,1.120000000000001,1.120000000000001,1.120000000000001,1.120000000000001,1.120000000000001,1.120000000000001,0.752568359375001,1.1074458312988291,1.120000000000001,1.120000000000001,1.120000000000001,1.120000000000001,0.6840697479248057,1.120000000000001,0.7390547943115244,1.120000000000001,1.120000000000001,1.120000000000001,1.120000000000001,0.38505279541015724,1.120000000000001,1.120000000000001,1.120000000000001,1.120000000000001,1.120000000000001,1.120000000000001,1.120000000000001,1.120000000000001,1.120000000000001,1.120000000000001,1.120000000000001,0.120000000000001,1.120000000000001,1.120000000000001,1.120000000000001,1.120000000000001,0.34304534912109474,0.38505279541015724,1.120000000000001,1.120000000000001,1.120000000000001,1.120000000000001,1.120000000000001,1.120000000000001,0.8255702209472666,0.9321509552001963,1.120000000000001,1.120000000000001,0.6254206848144541,0.9917727661132822,0.8661090087890635,0.786412353515626,1.120000000000001
228,0.17999999999999972,0.17999999999999972,0.17999999999999972,0.17999999999999972,0.17999999999999972,0.17999999999999972,0.3549210357666013,0.17999999999999972,0.17999999999999972,0.7922360229492185,0.17999999999999972,0.17999999999999972,0.17999999999999972,0.48559158325195284,0.17999999999999972,0.17999999999999972,0.17999999999999972,0.17999999999999972,0.17999999999999972,0.17999999999999972,0.17999999999999972,1.0652272033691403,0.17999999999999972,0.17999999999999972,0.17999999999999972,0.17999999999999972,0.17999999999999972,0.9531323242187497,0.17999999999999972,0.17999999999999972,0.17999999999999972,0.17999999999999972,0.17999999999999972,0.17999999999999972,1.1799999999999997,0.17999999999999972,0.37875144958496065,0.17999999999999972,0.17999999999999972,0.17999999999999972,0.564355545043945,0.17999999999999972,0.17999999999999972,0.17999999999999972,0.17999999999999972,0.17999999999999972,0.17999999999999972,0.17999999999999972,0.17999999999999972,0.17999999999999972,0.17999999999999972,0.17999999999999972,0.17999999999999972,0.17999999999999972,0.17999999999999972,0.17999999999999972,0.17999999999999972,0.17999999999999972,0.17999999999999972,0.17999999999999972,0.17999999999999972,0.17999999999999972,0.17999999999999972,0.17999999999999972,0.17999999999999972,0.17999999999999972,0.17999999999999972,0.17999999999999972,0.17999999999999972,0.17999999999999972,0.17999999999999972,1.1799999999999997,0.17999999999999972,1.1799999999999997,0.44505279541015597,0.17999999999999972,1.1799999999999997,0.17999999999999972,0.17999999999999972,0.17999999999999972,0.17999999999999972,0.17999999999999972,0.17999999999999972,0.17999999999999972,0.17999999999999972,0.17999999999999972,0.17999999999999972,0.17999999999999972,0.17999999999999972,0.17999999999999972,0.17999999999999972,0.40304534912109347,0.44505279541015597,0.17999999999999972,0.17999999999999972,0.17999999999999972,0.17999999999999972,0.17999999999999972,0.17999999999999972,0.17999999999999972,0.17999999999999972,0.17999999999999972,0.17999999999999972,0.6854206848144528,0.17999999999999972,0.17999999999999972,0.17999999999999972,0.17999999999999972
229,0.23999999999999844,0.23999999999999844,0.23999999999999844,0.23999999999999844,0.23999999999999844,0.23999999999999844,0.23999999999999844,0.23999999999999844,0.23999999999999844,0.23999999999999844,0.23999999999999844,0.23999999999999844,0.23999999999999844,0.23999999999999844,0.23999999999999844,0.23999999999999844,0.23999999999999844,0.23999999999999844,0.23999999999999844,0.23999999999999844,0.23999999999999844,0.23999999999999844,0.23999999999999844,0.23999999999999844,0.23999999999999844,0.23999999999999844,0.23999999999999844,0.23999999999999844,0.23999999999999844,0.23999999999999844,0.23999999999999844,0.23999999999999844,0.23999999999999844,0.23999999999999844,0.23999999999999844,0.23999999999999844,0.23999999999999844,0.23999999999999844,0.23999999999999844,0.23999999999999844,0.23999999999999844,0.23999999999999844,0.23999999999999844,0.23999999999999844,0.23999999999999844,0.23999999999999844,0.23999999999999844,0.23999999999999844,0.23999999999999844,0.23999999999999844,0.23999999999999844,0.23999999999999844,0.23999999999999844,0.23999999999999844,0.23999999999999844,0.23999999999999844,0.23999999999999844,0.23999999999999844,0.23999999999999844,0.23999999999999844,0.23999999999999844,0.23999999999999844,0.23999999999999844,0.23999999999999844,0.23999999999999844,0.23999999999999844,0.23999999999999844,0.23999999999999844,0.23999999999999844,0.23999999999999844,0.23999999999999844,0.23999999999999844,0.23999999999999844,0.23999999999999844,0.23999999999999844,0.23999999999999844,0.23999999999999844,0.23999999999999844,0.23999999999999844,0.23999999999999844,0.23999999999999844,0.23999999999999844,0.23999999999999844,0.23999999999999844,0.23999999999999844,0.23999999999999844,0.23999999999999844,0.23999999999999844,0.23999999999999844,0.23999999999999844,0.23999999999999844,0.23999999999999844,0.23999999999999844,0.23999999999999844,0.23999999999999844,0.23999999999999844,0.23999999999999844,0.23999999999999844,0.23999999999999844,0.23999999999999844,0.23999999999999844,0.23999999999999844,0.23999999999999844,0.23999999999999844,0.23999999999999844,0.23999999999999844,0.23999999999999844,0.23999999999999844
230,0.3000000000000007,0.3000000000000007,0.3000000000000007,0.3000000000000007,0.3000000000000007,0.3000000000000007,0.3000000000000007,0.3000000000000007,0.3000000000000007,0.3000000000000007,0.3000000000000007,0.3000000000000007,0.3000000000000007,0.3000000000000007,0.3000000000000007,0.3000000000000007,0.3000000000000007,0.3000000000000007,0.3000000000000007,0.3000000000000007,0.3000000000000007,0.3000000000000007,0.3000000000000007,0.3000000000000007,0.3000000000000007,0.3000000000000007,0.3000000000000007,0.3000000000000007,0.3000000000000007,0.3000000000000007,0.3000000000000007,0.3000000000000007,0.3000000000000007,0.3000000000000007,0.3000000000000007,0.3000000000000007,0.3000000000000007,0.3000000000000007,0.3000000000000007,0.3000000000000007,0.3000000000000007,0.3000000000000007,0.3000000000000007,0.3000000000000007,0.3000000000000007,0.3000000000000007,0.3000000000000007,0.3000000000000007,0.3000000000000007,0.3000000000000007,0.3000000000000007,0.3000000000000007,0.3000000000000007,0.3000000000000007,0.3000000000000007,0.3000000000000007,0.3000000000000007,0.3000000000000007,0.3000000000000007,0.3000000000000007,0.3000000000000007,0.3000000000000007,0.3000000000000007,0.3000000000000007,0.3000000000000007,0.3000000000000007,0.3000000000000007,0.3000000000000007,0.3000000000000007,0.3000000000000007,0.3000000000000007,0.3000000000000007,0.3000000000000007,0.3000000000000007,0.3000000000000007,0.3000000000000007,0.3000000000000007,0.3000000000000007,0.3000000000000007,0.3000000000000007,0.3000000000000007,0.3000000000000007,0.3000000000000007,0.3000000000000007,0.3000000000000007,0.3000000000000007,0.3000000000000007,0.3000000000000007,0.3000000000000007,0.3000000000000007,0.3000000000000007,0.3000000000000007,0.3000000000000007,0.3000000000000007,0.3000000000000007,0.3000000000000007,0.3000000000000007,0.3000000000000007,0.3000000000000007,0.3000000000000007,0.3000000000000007,0.3000000000000007,0.3000000000000007,0.3000000000000007,0.3000000000000007,0.3000000000000007,0.3000000000000007,0.3000000000000007
231,0.35999999999999943,0.35999999999999943,0.35999999999999943,0.35999999999999943,0.35999999999999943,0.35999999999999943,0.35999999999999943,0.35999999999999943,0.35999999999999943,0.35999999999999943,0.35999999999999943,0.35999999999999943,0.35999999999999943,0.35999999999999943,0.35999999999999943,0.35999999999999943,0.35999999999999943,0.35999999999999943,0.35999999999999943,0.35999999999999943,0.35999999999999943,0.35999999999999943,0.35999999999999943,0.35999999999999943,0.35999999999999943,0.35999999999999943,0.35999999999999943,0.35999999999999943,0.35999999999999943,0.35999999999999943,0.35999999999999943,0.35999999999999943,0.35999999999999943,0.35999999999999943,0.35999999999999943,0.35999999999999943,0.35999999999999943,0.35999999999999943,0.35999999999999943,0.35999999999999943,0.35999999999999943,0.35999999999999943,0.35999999999999943,0.35999999999999943,0.35999999999999943,0.35999999999999943,0.35999999999999943,0.35999999999999943,0.35999999999999943,0.35999999999999943,0.35999999999999943,0.35999999999999943,0.35999999999999943,0.35999999999999943,0.35999999999999943,0.35999999999999943,0.35999999999999943,0.35999999999999943,0.35999999999999943,0.35999999999999943,0.35999999999999943,0.35999999999999943,0.35999999999999943,0.35999999999999943,0.35999999999999943,0.35999999999999943,0.35999999999999943,0.35999999999999943,0.35999999999999943,0.35999999999999943,0.35999999999999943,0.35999999999999943,0.35999999999999943,0.35999999999999943,0.35999999999999943,0.35999999999999943,0.35999999999999943,0.35999999999999943,0.35999999999999943,0.35999999999999943,0.35999999999999943,0.35999999999999943,0.35999999999999943,0.35999999999999943,0.35999999999999943,0.35999999999999943,0.35999999999999943,0.35999999999999943,0.35999999999999943,0.35999999999999943,0.35999999999999943,0.35999999999999943,0.35999999999999943,0.35999999999999943,0.35999999999999943,0.35999999999999943,0.35999999999999943,0.35999999999999943,0.35999999999999943,0.35999999999999943,0.35999999999999943,0.35999999999999943,0.35999999999999943,0.35999999999999943,0.35999999999999943,0.35999999999999943,0.35999999999999943,0.35999999999999943
232,0.4200000000000017,0.4200000000000017,0.4200000000000017,0.4200000000000017,0.4200000000000017,0.4200000000000017,0.4200000000000017,0.4200000000000017,0.4200000000000017,0.4200000000000017,0.4200000000000017,0.4200000000000017,0.4200000000000017,0.4200000000000017,0.4200000000000017,0.4200000000000017,0.4200000000000017,0.4200000000000017,0.4200000000000017,0.4200000000000017,0.4200000000000017,0.4200000000000017,0.4200000000000017,0.4200000000000017,0.4200000000000017,0.4200000000000017,0.4200000000000017,0.4200000000000017,0.4200000000000017,0.4200000000000017,0.4200000000000017,0.4200000000000017,0.4200000000000017,0.4200000000000017,0.4200000000000017,0.4200000000000017,0.4200000000000017,0.4200000000000017,0.4200000000000017,0.4200000000000017,0.4200000000000017,0.4200000000000017,0.4200000000000017,0.4200000000000017,0.4200000000000017,0.4200000000000017,0.4200000000000017,0.4200000000000017,0.4200000000000017,0.4200000000000017,0.4200000000000017,0.4200000000000017,0.4200000000000017,0.4200000000000017,0.4200000000000017,0.4200000000000017,0.4200000000000017,0.4200000000000017,0.4200000000000017,0.4200000000000017,0.4200000000000017,0.4200000000000017,0.4200000000000017,0.4200000000000017,0.4200000000000017,0.4200000000000017,0.4200000000000017,0.4200000000000017,0.4200000000000017,0.4200000000000017,0.4200000000000017,0.4200000000000017,0.4200000000000017,0.4200000000000017,0.4200000000000017,0.4200000000000017,0.4200000000000017,0.4200000000000017,0.4200000000000017,0.4200000000000017,0.4200000000000017,0.4200000000000017,0.4200000000000017,0.4200000000000017,0.4200000000000017,0.4200000000000017,0.4200000000000017,0.4200000000000017,0.4200000000000017,0.4200000000000017,0.4200000000000017,0.4200000000000017,0.4200000000000017,0.4200000000000017,0.4200000000000017,0.4200000000000017,0.4200000000000017,0.4200000000000017,0.4200000000000017,0.4200000000000017,0.4200000000000017,0.4200000000000017,0.4200000000000017,0.4200000000000017,0.4200000000000017,0.4200000000000017,0.4200000000000017,0.4200000000000017
233,0.4800000000000004,0.4800000000000004,0.4800000000000004,0.4800000000000004,0.4800000000000004,0.4800000000000004,0.4800000000000004,0.4800000000000004,0.4800000000000004,0.4800000000000004,0.4800000000000004,0.4800000000000004,0.4800000000000004,0.4800000000000004,0.4800000000000004,0.4800000000000004,0.4800000000000004,0.4800000000000004,0.4800000000000004,0.4800000000000004,0.4800000000000004,0.4800000000000004,0.4800000000000004,0.4800000000000004,0.4800000000000004,0.4800000000000004,0.4800000000000004,0.4800000000000004,0.4800000000000004,0.4800000000000004,0.4800000000000004,0.4800000000000004,0.4800000000000004,0.4800000000000004,0.4800000000000004,0.4800000000000004,0.4800000000000004,0.4800000000000004,0.4800000000000004,0.4800000000000004,0.4800000000000004,0.4800000000000004,0.4800000000000004,0.4800000000000004,0.4800000000000004,0.4800000000000004,0.4800000000000004,0.4800000000000004,0.4800000000000004,0.4800000000000004,0.4800000000000004,0.4800000000000004,0.4800000000000004,0.4800000000000004,0.4800000000000004,0.4800000000000004,0.4800000000000004,0.4800000000000004,0.4800000000000004,0.4800000000000004,0.4800000000000004,0.4800000000000004,0.4800000000000004,0.4800000000000004,0.4800000000000004,0.4800000000000004,0.4800000000000004,0.4800000000000004,0.4800000000000004,0.4800000000000004,0.4800000000000004,0.4800000000000004,0.4800000000000004,0.4800000000000004,0.4800000000000004,0.4800000000000004,0.4800000000000004,0.4800000000000004,0.4800000000000004,0.4800000000000004,0.4800000000000004,0.4800000000000004,0.4800000000000004,0.4800000000000004,0.4800000000000004,0.4800000000000004,0.4800000000000004,0.4800000000000004,0.4800000000000004,0.4800000000000004,0.4800000000000004,0.4800000000000004,0.4800000000000004,0.4800000000000004,0.4800000000000004,0.4800000000000004,0.4800000000000004,0.4800000000000004,0.4800000000000004,0.4800000000000004,0.4800000000000004,0.4800000000000004,0.4800000000000004,0.4800000000000004,0.4800000000000004,0.4800000000000004,0.4800000000000004,0.4800000000000004
234,0.5399999999999991,0.5399999999999991,0.5399999999999991,0.5399999999999991,0.5399999999999991,0.5399999999999991,0.5399999999999991,0.5399999999999991,0.5399999999999991,0.5399999999999991,0.5399999999999991,0.5399999999999991,0.5399999999999991,0.5399999999999991,0.5399999999999991,0.5399999999999991,0.5399999999999991,0.5399999999999991,0.5399999999999991,0.5399999999999991,0.5399999999999991,0.5399999999999991,0.5399999999999991,0.5399999999999991,0.5399999999999991,0.5399999999999991,0.5399999999999991,0.5399999999999991,0.5399999999999991,0.5399999999999991,0.5399999999999991,0.5399999999999991,0.5399999999999991,0.5399999999999991,0.5399999999999991,0.5399999999999991,0.5399999999999991,0.5399999999999991,0.5399999999999991,0.5399999999999991,0.5399999999999991,0.5399999999999991,0.5399999999999991,0.5399999999999991,0.5399999999999991,0.5399999999999991,0.5399999999999991,0.5399999999999991,0.5399999999999991,0.5399999999999991,0.5399999999999991,0.5399999999999991,0.5399999999999991,0.5399999999999991,0.5399999999999991,0.5399999999999991,0.5399999999999991,0.5399999999999991,0.5399999999999991,0.5399999999999991,0.5399999999999991,0.5399999999999991,0.5399999999999991,0.5399999999999991,0.5399999999999991,0.5399999999999991,0.5399999999999991,0.5399999999999991,0.5399999999999991,0.5399999999999991,0.5399999999999991,0.5399999999999991,0.5399999999999991,0.5399999999999991,0.5399999999999991,0.5399999999999991,0.5399999999999991,0.5399999999999991,0.5399999999999991,0.5399999999999991,0.5399999999999991,0.5399999999999991,0.5399999999999991,0.5399999999999991,0.5399999999999991,0.5399999999999991,0.5399999999999991,0.5399999999999991,0.5399999999999991,0.5399999999999991,0.5399999999999991,0.5399999999999991,0.5399999999999991,0.5399999999999991,0.5399999999999991,0.5399999999999991,0.5399999999999991,0.5399999999999991,0.5399999999999991,0.5399999999999991,0.5399999999999991,0.5399999999999991,0.5399999999999991,0.5399999999999991,0.5399999999999991,0.5399999999999991,0.5399999999999991,0.5399999999999991
235,0.6000000000000014,0.6000000000000014,0.6000000000000014,0.6000000000000014,0.6000000000000014,0.6000000000000014,0.6000000000000014,0.6000000000000014,0.6000000000000014,0.6000000000000014,0.6000000000000014,0.6000000000000014,0.6000000000000014,0.6000000000000014,0.6000000000000014,0.6000000000000014,0.6000000000000014,0.6000000000000014,0.6000000000000014,0.6000000000000014,0.6000000000000014,0.6000000000000014,0.6000000000000014,0.6000000000000014,0.6000000000000014,0.6000000000000014,0.6000000000000014,0.6000000000000014,0.6000000000000014,0.6000000000000014,0.6000000000000014,0.6000000000000014,0.6000000000000014,0.6000000000000014,0.6000000000000014,0.6000000000000014,0.6000000000000014,0.6000000000000014,0.6000000000000014,0.6000000000000014,0.6000000000000014,0.6000000000000014,0.6000000000000014,0.6000000000000014,0.6000000000000014,0.6000000000000014,0.6000000000000014,0.6000000000000014,0.6000000000000014,0.6000000000000014,0.6000000000000014,0.6000000000000014,0.6000000000000014,0.6000000000000014,0.6000000000000014,0.6000000000000014,0.6000000000000014,0.6000000000000014,0.6000000000000014,0.6000000000000014,0.6000000000000014,0.6000000000000014,0.6000000000000014,0.6000000000000014,0.6000000000000014,0.6000000000000014,0.6000000000000014,0.6000000000000014,0.6000000000000014,0.6000000000000014,0.6000000000000014,0.6000000000000014,0.6000000000000014,0.6000000000000014,0.6000000000000014,0.6000000000000014,0.6000000000000014,0.6000000000000014,0.6000000000000014,0.6000000000000014,0.6000000000000014,0.6000000000000014,0.6000000000000014,0.6000000000000014,0.6000000000000014,0.6000000000000014,0.6000000000000014,0.6000000000000014,0.6000000000000014,0.6000000000000014,0.6000000000000014,0.6000000000000014,0.6000000000000014,0.6000000000000014,0.6000000000000014,0.6000000000000014,0.6000000000000014,0.6000000000000014,0.6000000000000014,0.6000000000000014,0.6000000000000014,0.6000000000000014,0.6000000000000014,0.6000000000000014,0.6000000000000014,0.6000000000000014,0.6000000000000014,0.6000000000000014
236,0.6600000000000001,0.6600000000000001,0.6600000000000001,0.6600000000000001,0.6600000000000001,0.6600000000000001,0.6600000000000001,0.6600000000000001,0.6600000000000001,0.6600000000000001,0.6600000000000001,0.6600000000000001,0.6600000000000001,0.6600000000000001,0.6600000000000001,0.6600000000000001,0.6600000000000001,0.6600000000000001,0.6600000000000001,0.6600000000000001,0.6600000000000001,0.6600000000000001,0.6600000000000001,0.6600000000000001,0.6600000000000001,0.6600000000000001,0.6600000000000001,0.6600000000000001,0.6600000000000001,0.6600000000000001,0.6600000000000001,0.6600000000000001,0.6600000000000001,0.6600000000000001,0.6600000000000001,0.6600000000000001,0.6600000000000001,0.6600000000000001,0.6600000000000001,0.6600000000000001,0.6600000000000001,0.6600000000000001,0.6600000000000001,0.6600000000000001,0.6600000000000001,0.6600000000000001,0.6600000000000001,0.6600000000000001,0.6600000000000001,0.6600000000000001,0.6600000000000001,0.6600000000000001,0.6600000000000001,0.6600000000000001,0.6600000000000001,0.6600000000000001,0.6600000000000001,0.6600000000000001,0.6600000000000001,0.6600000000000001,0.6600000000000001,0.6600000000000001,0.6600000000000001,0.6600000000000001,0.6600000000000001,0.6600000000000001,0.6600000000000001,0.6600000000000001,0.6600000000000001,0.6600000000000001,0.6600000000000001,0.6600000000000001,0.6600000000000001,0.6600000000000001,0.6600000000000001,0.6600000000000001,0.6600000000000001,0.6600000000000001,0.6600000000000001,0.6600000000000001,0.6600000000000001,0.6600000000000001,0.6600000000000001,0.6600000000000001,0.6600000000000001,0.6600000000000001,0.6600000000000001,0.6600000000000001,0.6600000000000001,0.6600000000000001,0.6600000000000001,0.6600000000000001,0.6600000000000001,0.6600000000000001,0.6600000000000001,0.6600000000000001,0.6600000000000001,0.6600000000000001,0.6600000000000001,0.6600000000000001,0.6600000000000001,0.6600000000000001,0.6600000000000001,0.6600000000000001,0.6600000000000001,0.6600000000000001,0.6600000000000001,0.6600000000000001
237,0.7199999999999989,0.7199999999999989,0.7199999999999989,0.7199999999999989,0.7199999999999989,0.7199999999999989,0.7199999999999989,0.7199999999999989,0.7199999999999989,0.7199999999999989,0.7199999999999989,0.7199999999999989,0.7199999999999989,0.7199999999999989,0.7199999999999989,0.7199999999999989,0.7199999999999989,0.7199999999999989,0.7199999999999989,0.7199999999999989,0.7199999999999989,0.7199999999999989,0.7199999999999989,0.7199999999999989,0.7199999999999989,0.7199999999999989,0.7199999999999989,0.7199999999999989,0.7199999999999989,0.7199999999999989,0.7199999999999989,0.7199999999999989,0.7199999999999989,0.7199999999999989,0.7199999999999989,0.7199999999999989,0.7199999999999989,0.7199999999999989,0.7199999999999989,0.7199999999999989,0.7199999999999989,0.7199999999999989,0.7199999999999989,0.7199999999999989,0.7199999999999989,0.7199999999999989,0.7199999999999989,0.7199999999999989,0.7199999999999989,0.7199999999999989,0.7199999999999989,0.7199999999999989,0.7199999999999989,0.7199999999999989,0.7199999999999989,0.7199999999999989,0.7199999999999989,0.7199999999999989,0.7199999999999989,0.7199999999999989,0.7199999999999989,0.7199999999999989,0.7199999999999989,0.7199999999999989,0.7199999999999989,0.7199999999999989,0.7199999999999989,0.7199999999999989,0.7199999999999989,0.7199999999999989,0.7199999999999989,0.7199999999999989,0.7199999999999989,0.7199999999999989,0.7199999999999989,0.7199999999999989,0.7199999999999989,0.7199999999999989,0.7199999999999989,0.7199999999999989,0.7199999999999989,0.7199999999999989,0.7199999999999989,0.7199999999999989,0.7199999999999989,0.7199999999999989,0.7199999999999989,0.7199999999999989,0.7199999999999989,0.7199999999999989,0.7199999999999989,0.7199999999999989,0.7199999999999989,0.7199999999999989,0.7199999999999989,0.7199999999999989,0.7199999999999989,0.7199999999999989,0.7199999999999989,0.7199999999999989,0.7199999999999989,0.7199999999999989,0.7199999999999989,0.7199999999999989,0.7199999999999989,0.7199999999999989,0.7199999999999989,0.7199999999999989
238,0.7800000000000011,0.7800000000000011,0.7800000000000011,0.7800000000000011,0.7800000000000011,0.7800000000000011,0.7800000000000011,0.7800000000000011,0.7800000000000011,0.7800000000000011,0.7800000000000011,0.7800000000000011,0.7800000000000011,0.7800000000000011,0.7800000000000011,0.7800000000000011,0.7800000000000011,0.7800000000000011,0.7800000000000011,0.7800000000000011,0.7800000000000011,0.7800000000000011,0.7800000000000011,0.7800000000000011,0.7800000000000011,0.7800000000000011,0.7800000000000011,0.7800000000000011,0.7800000000000011,0.7800000000000011,0.7800000000000011,0.7800000000000011,0.7800000000000011,0.7800000000000011,0.7800000000000011,0.7800000000000011,0.7800000000000011,0.7800000000000011,0.7800000000000011,0.7800000000000011,0.7800000000000011,0.7800000000000011,0.7800000000000011,0.7800000000000011,0.7800000000000011,0.7800000000000011,0.7800000000000011,0.7800000000000011,0.7800000000000011,0.7800000000000011,0.7800000000000011,0.7800000000000011,0.7800000000000011,0.7800000000000011,0.7800000000000011,0.7800000000000011,0.7800000000000011,0.7800000000000011,0.7800000000000011,0.7800000000000011,0.7800000000000011,0.7800000000000011,0.7800000000000011,0.7800000000000011,0.7800000000000011,0.7800000000000011,0.7800000000000011,0.7800000000000011,0.7800000000000011,0.7800000000000011,0.7800000000000011,0.7800000000000011,0.7800000000000011,0.7800000000000011,0.7800000000000011,0.7800000000000011,0.7800000000000011,0.7800000000000011,0.7800000000000011,0.7800000000000011,0.7800000000000011,0.7800000000000011,0.7800000000000011,0.7800000000000011,0.7800000000000011,0.7800000000000011,0.7800000000000011,0.7800000000000011,0.7800000000000011,0.7800000000000011,0.7800000000000011,0.7800000000000011,0.7800000000000011,0.7800000000000011,0.7800000000000011,0.7800000000000011,0.7800000000000011,0.7800000000000011,0.7800000000000011,0.7800000000000011,0.7800000000000011,0.7800000000000011,0.7800000000000011,0.7800000000000011,0.7800000000000011,0.7800000000000011,0.7800000000000011,0.7800000000000011
239,0.8399999999999999,0.8399999999999999,0.8399999999999999,0.8399999999999999,0.8399999999999999,0.8399999999999999,0.8399999999999999,0.8399999999999999,0.8399999999999999,0.8399999999999999,0.8399999999999999,0.8399999999999999,0.8399999999999999,0.8399999999999999,0.8399999999999999,0.8399999999999999,0.8399999999999999,0.8399999999999999,0.8399999999999999,0.8399999999999999,0.8399999999999999,0.8399999999999999,0.8399999999999999,0.8399999999999999,0.8399999999999999,0.8399999999999999,0.8399999999999999,0.8399999999999999,0.8399999999999999,0.8399999999999999,0.8399999999999999,0.8399999999999999,0.8399999999999999,0.8399999999999999,0.8399999999999999,0.8399999999999999,0.8399999999999999,0.8399999999999999,0.8399999999999999,0.8399999999999999,0.8399999999999999,0.8399999999999999,0.8399999999999999,0.8399999999999999,0.8399999999999999,0.8399999999999999,0.8399999999999999,0.8399999999999999,0.8399999999999999,0.8399999999999999,0.8399999999999999,0.8399999999999999,0.8399999999999999,0.8399999999999999,0.8399999999999999,0.8399999999999999,0.8399999999999999,0.8399999999999999,0.8399999999999999,0.8399999999999999,0.8399999999999999,0.8399999999999999,0.8399999999999999,0.8399999999999999,0.8399999999999999,0.8399999999999999,0.8399999999999999,0.8399999999999999,0.8399999999999999,0.8399999999999999,0.8399999999999999,0.8399999999999999,0.8399999999999999,0.8399999999999999,0.8399999999999999,0.8399999999999999,0.8399999999999999,0.8399999999999999,0.8399999999999999,0.8399999999999999,0.8399999999999999,0.8399999999999999,0.8399999999999999,0.8399999999999999,0.8399999999999999,0.8399999999999999,0.8399999999999999,0.8399999999999999,0.8399999999999999,0.8399999999999999,0.8399999999999999,0.8399999999999999,0.8399999999999999,0.8399999999999999,0.8399999999999999,0.8399999999999999,0.8399999999999999,0.8399999999999999,0.8399999999999999,0.8399999999999999,0.8399999999999999,0.8399999999999999,0.8399999999999999,0.8399999999999999,0.8399999999999999,0.8399999999999999,0.8399999999999999,0.8399999999999999
240,0.8999999999999986,0.8999999999999986,0.8999999999999986,0.8999999999999986,0.8999999999999986,0.8999999999999986,0.8999999999999986,0.8999999999999986,0.8999999999999986,0.8999999999999986,0.8999999999999986,0.8999999999999986,0.8999999999999986,0.8999999999999986,0.8999999999999986,0.8999999999999986,0.8999999999999986,0.8999999999999986,0.8999999999999986,0.8999999999999986,0.8999999999999986,0.8999999999999986,0.8999999999999986,0.8999999999999986,0.8999999999999986,0.8999999999999986,0.8999999999999986,0.8999999999999986,0.8999999999999986,0.8999999999999986,0.8999999999999986,0.8999999999999986,0.8999999999999986,0.8999999999999986,0.8999999999999986,0.8999999999999986,0.8999999999999986,0.8999999999999986,0.8999999999999986,0.8999999999999986,0.8999999999999986,0.8999999999999986,0.8999999999999986,0.8999999999999986,0.8999999999999986,0.8999999999999986,0.8999999999999986,0.8999999999999986,0.8999999999999986,0.8999999999999986,0.8999999999999986,0.8999999999999986,0.8999999999999986,0.8999999999999986,0.8999999999999986,0.8999999999999986,0.8999999999999986,0.8999999999999986,0.8999999999999986,0.8999999999999986,0.8999999999999986,0.8999999999999986,0.8999999999999986,0.8999999999999986,0.8999999999999986,0.8999999999999986,0.8999999999999986,0.8999999999999986,0.8999999999999986,0.8999999999999986,0.8999999999999986,0.8999999999999986,0.8999999999999986,0.8999999999999986,0.8999999999999986,0.8999999999999986,0.8999999999999986,0.8999999999999986,0.8999999999999986,0.8999999999999986,0.8999999999999986,0.8999999999999986,0.8999999999999986,0.8999999999999986,0.8999999999999986,0.8999999999999986,0.8999999999999986,0.8999999999999986,0.8999999999999986,0.8999999999999986,0.8999999999999986,0.8999999999999986,0.8999999999999986,0.8999999999999986,0.8999999999999986,0.8999999999999986,0.8999999999999986,0.8999999999999986,0.8999999999999986,0.8999999999999986,0.8999999999999986,0.8999999999999986,0.8999999999999986,0.8999999999999986,0.8999999999999986,0.8999999999999986,0.8999999999999986,0.8999999999999986
241,0.9600000000000009,0.9600000000000009,0.9600000000000009,0.9600000000000009,0.9600000000000009,0.9600000000000009,0.9600000000000009,0.9600000000000009,0.9600000000000009,0.9600000000000009,0.9600000000000009,0.9600000000000009,0.9600000000000009,0.9600000000000009,0.9600000000000009,0.9600000000000009,0.9600000000000009,0.9600000000000009,0.9600000000000009,0.9600000000000009,0.9600000000000009,0.9600000000000009,0.9600000000000009,0.9600000000000009,0.9600000000000009,0.9600000000000009,0.9600000000000009,0.9600000000000009,0.9600000000000009,0.9600000000000009,0.9600000000000009,0.9600000000000009,0.9600000000000009,0.9600000000000009,0.9600000000000009,0.9600000000000009,0.9600000000000009,0.9600000000000009,0.9600000000000009,0.9600000000000009,0.9600000000000009,0.9600000000000009,0.9600000000000009,0.9600000000000009,0.9600000000000009,0.9600000000000009,0.9600000000000009,0.9600000000000009,0.9600000000000009,0.9600000000000009,0.9600000000000009,0.9600000000000009,0.9600000000000009,0.9600000000000009,0.9600000000000009,0.9600000000000009,0.9600000000000009,0.9600000000000009,0.9600000000000009,0.9600000000000009,0.9600000000000009,0.9600000000000009,0.9600000000000009,0.9600000000000009,0.9600000000000009,0.9600000000000009,0.9600000000000009,0.9600000000000009,0.9600000000000009,0.9600000000000009,0.9600000000000009,0.9600000000000009,0.9600000000000009,0.9600000000000009,0.9600000000000009,0.9600000000000009,0.9600000000000009,0.9600000000000009,0.9600000000000009,0.9600000000000009,0.9600000000000009,0.9600000000000009,0.9600000000000009,0.9600000000000009,0.9600000000000009,0.9600000000000009,0.9600000000000009,0.9600000000000009,0.9600000000000009,0.9600000000000009,0.9600000000000009,0.9600000000000009,0.9600000000000009,0.9600000000000009,0.9600000000000009,0.9600000000000009,0.9600000000000009,0.9600000000000009,0.9600000000000009,0.9600000000000009,0.9600000000000009,0.9600000000000009,0.9600000000000009,0.9600000000000009,0.9600000000000009,0.9600000000000009,0.9600000000000009,0.9600000000000009
242,1.0199999999999996,1.0199999999999996,1.0199999999999996,1.0199999999999996,1.0199999999999996,1.0199999999999996,1.0199999999999996,1.0199999999999996,1.0199999999999996,1.0199999999999996,1.0199999999999996,1.0199999999999996,1.0199999999999996,1.0199999999999996,1.0199999999999996,1.0199999999999996,1.0199999999999996,1.0199999999999996,1.0199999999999996,1.0199999999999996,1.0199999999999996,1.0199999999999996,1.0199999999999996,1.0199999999999996,1.0199999999999996,1.0199999999999996,1.0199999999999996,1.0199999999999996,1.0199999999999996,1.0199999999999996,1.0199999999999996,1.0199999999999996,1.0199999999999996,1.0199999999999996,1.0199999999999996,1.0199999999999996,1.0199999999999996,1.0199999999999996,1.0199999999999996,1.0199999999999996,1.0199999999999996,1.0199999999999996,1.0199999999999996,1.0199999999999996,1.0199999999999996,1.0199999999999996,1.0199999999999996,1.0199999999999996,1.0199999999999996,1.0199999999999996,1.0199999999999996,1.0199999999999996,1.0199999999999996,1.0199999999999996,1.0199999999999996,1.0199999999999996,1.0199999999999996,1.0199999999999996,1.0199999999999996,1.0199999999999996,1.0199999999999996,1.0199999999999996,1.0199999999999996,1.0199999999999996,1.0199999999999996,1.0199999999999996,1.0199999999999996,1.0199999999999996,1.0199999999999996,1.0199999999999996,1.0199999999999996,1.0199999999999996,1.0199999999999996,1.0199999999999996,1.0199999999999996,1.0199999999999996,1.0199999999999996,1.0199999999999996,1.0199999999999996,1.0199999999999996,1.0199999999999996,1.0199999999999996,1.0199999999999996,1.0199999999999996,1.0199999999999996,1.0199999999999996,1.0199999999999996,1.0199999999999996,1.0199999999999996,1.0199999999999996,1.0199999999999996,1.0199999999999996,1.0199999999999996,1.0199999999999996,1.0199999999999996,1.0199999999999996,1.0199999999999996,1.0199999999999996,1.0199999999999996,1.0199999999999996,1.0199999999999996,1.0199999999999996,1.0199999999999996,1.0199999999999996,1.0199999999999996,1.0199999999999996,1.0199999999999996,1.0199999999999996
243,1.0799999999999983,1.0799999999999983,1.0799999999999983,1.0799999999999983,1.0799999999999983,1.0799999999999983,1.0799999999999983,1.0799999999999983,1.0799999999999983,1.0799999999999983,1.0799999999999983,1.0799999999999983,1.0799999999999983,1.0799999999999983,1.0799999999999983,1.0799999999999983,1.0799999999999983,1.0799999999999983,1.0799999999999983,1.0799999999999983,1.0799999999999983,1.0799999999999983,1.0799999999999983,1.0799999999999983,1.0799999999999983,1.0799999999999983,1.0799999999999983,1.0799999999999983,1.0799999999999983,1.0799999999999983,1.0799999999999983,1.0799999999999983,1.0799999999999983,1.0799999999999983,1.0799999999999983,1.0799999999999983,1.0799999999999983,1.0799999999999983,1.0799999999999983,1.0799999999999983,1.0799999999999983,1.0799999999999983,1.0799999999999983,1.0799999999999983,1.0799999999999983,1.0799999999999983,1.0799999999999983,1.0799999999999983,1.0799999999999983,1.0799999999999983,1.0799999999999983,1.0799999999999983,1.0799999999999983,1.0799999999999983,1.0799999999999983,1.0799999999999983,1.0799999999999983,1.0799999999999983,1.0799999999999983,1.0799999999999983,1.0799999999999983,1.0799999999999983,1.0799999999999983,1.0799999999999983,1.0799999999999983,1.0799999999999983,1.0799999999999983,1.0799999999999983,1.0799999999999983,1.0799999999999983,1.0799999999999983,1.0799999999999983,1.0799999999999983,1.0799999999999983,1.0799999999999983,1.0799999999999983,1.0799999999999983,1.0799999999999983,1.0799999999999983,1.0799999999999983,1.0799999999999983,1.0799999999999983,1.0799999999999983,1.0799999999999983,1.0799999999999983,1.0799999999999983,1.0799999999999983,1.0799999999999983,1.0799999999999983,1.0799999999999983,1.0799999999999983,1.0799999999999983,1.0799999999999983,1.0799999999999983,1.0799999999999983,1.0799999999999983,1.0799999999999983,1.0799999999999983,1.0799999999999983,1.0799999999999983,1.0799999999999983,1.0799999999999983,1.0799999999999983,1.0799999999999983,1.0799999999999983,1.0799999999999983,1.0799999999999983,1.0799999999999983
244,1.1400000000000006,1.1400000000000006,1.1400000000000006,1.1400000000000006,1.1400000000000006,1.1400000000000006,1.1400000000000006,1.1400000000000006,1.1400000000000006,1.1400000000000006,1.1400000000000006,1.1400000000000006,1.1400000000000006,1.1400000000000006,1.1400000000000006,1.1400000000000006,1.1400000000000006,1.1400000000000006,1.1400000000000006,1.1400000000000006,1.1400000000000006,1.1400000000000006,1.1400000000000006,1.1400000000000006,1.1400000000000006,1.1400000000000006,1.1400000000000006,1.1400000000000006,1.1400000000000006,1.1400000000000006,1.1400000000000006,1.1400000000000006,1.1400000000000006,1.1400000000000006,1.1400000000000006,1.1400000000000006,1.1400000000000006,1.1400000000000006,1.1400000000000006,1.1400000000000006,1.1400000000000006,1.1400000000000006,1.1400000000000006,1.1400000000000006,1.1400000000000006,1.1400000000000006,1.1400000000000006,1.1400000000000006,1.1400000000000006,1.1400000000000006,1.1400000000000006,1.1400000000000006,1.1400000000000006,1.1400000000000006,1.1400000000000006,1.1400000000000006,1.1400000000000006,1.1400000000000006,1.1400000000000006,1.1400000000000006,1.1400000000000006,1.1400000000000006,1.1400000000000006,1.1400000000000006,1.1400000000000006,1.1400000000000006,1.1400000000000006,1.1400000000000006,1.1400000000000006,1.1400000000000006,1.1400000000000006,1.1400000000000006,1.1400000000000006,1.1400000000000006,1.1400000000000006,1.1400000000000006,1.1400000000000006,1.1400000000000006,1.1400000000000006,1.1400000000000006,1.1400000000000006,1.1400000000000006,1.1400000000000006,1.1400000000000006,1.1400000000000006,1.1400000000000006,1.1400000000000006,1.1400000000000006,1.1400000000000006,1.1400000000000006,1.1400000000000006,1.1400000000000006,1.1400000000000006,1.1400000000000006,1.1400000000000006,1.1400000000000006,1.1400000000000006,1.1400000000000006,1.1400000000000006,1.1400000000000006,1.1400000000000006,1.1400000000000006,1.1400000000000006,1.1400000000000006,1.1400000000000006,1.1400000000000006,1.1400000000000006,1.1400000000000006
245,1.1999999999999993,1.1999999999999993,1.1999999999999993,1.1999999999999993,1.1999999999999993,1.1999999999999993,1.1999999999999993,1.1999999999999993,1.1999999999999993,1.1999999999999993,1.1999999999999993,1.1999999999999993,1.1999999999999993,1.1999999999999993,1.1999999999999993,1.1999999999999993,1.1999999999999993,1.1999999999999993,1.1999999999999993,1.1999999999999993,1.1999999999999993,1.1999999999999993,1.1999999999999993,1.1999999999999993,1.1999999999999993,1.1999999999999993,1.1999999999999993,1.1999999999999993,1.1999999999999993,1.1999999999999993,1.1999999999999993,1.1999999999999993,1.1999999999999993,1.1999999999999993,1.1999999999999993,1.1999999999999993,1.1999999999999993,1.1999999999999993,1.1999999999999993,1.1999999999999993,1.1999999999999993,1.1999999999999993,1.1999999999999993,1.1999999999999993,1.1999999999999993,1.1999999999999993,1.1999999999999993,1.1999999999999993,1.1999999999999993,1.1999999999999993,1.1999999999999993,1.1999999999999993,1.1999999999999993,1.1999999999999993,1.1999999999999993,1.1999999999999993,1.1999999999999993,1.1999999999999993,1.1999999999999993,1.1999999999999993,1.1999999999999993,1.1999999999999993,1.1999999999999993,1.1999999999999993,1.1999999999999993,1.1999999999999993,1.1999999999999993,1.1999999999999993,1.1999999999999993,1.1999999999999993,1.1999999999999993,1.1999999999999993,1.1999999999999993,1.1999999999999993,1.1999999999999993,1.1999999999999993,1.1999999999999993,1.1999999999999993,1.1999999999999993,1.1999999999999993,1.1999999999999993,1.1999999999999993,1.1999999999999993,1.1999999999999993,1.1999999999999993,1.1999999999999993,1.1999999999999993,1.1999999999999993,1.1999999999999993,1.1999999999999993,1.1999999999999993,1.1999999999999993,1.1999999999999993,1.1999999999999993,1.1999999999999993,1.1999999999999993,1.1999999999999993,1.1999999999999993,1.1999999999999993,1.1999999999999993,1.1999999999999993,1.1999999999999993,1.1999999999999993,1.1999999999999993,1.1999999999999993,1.1999999999999993,1.1999999999999993,1.1999999999999993
246,1.2600000000000016,1.2600000000000016,1.2600000000000016,1.2600000000000016,1.2600000000000016,1.2600000000000016,1.2600000000000016,1.2600000000000016,1.2600000000000016,1.2600000000000016,1.2600000000000016,1.2600000000000016,1.2600000000000016,1.2600000000000016,1.2600000000000016,1.2600000000000016,1.2600000000000016,1.2600000000000016,1.2600000000000016,1.2600000000000016,1.2600000000000016,1.2600000000000016,1.2600000000000016,1.2600000000000016,1.2600000000000016,1.2600000000000016,1.2600000000000016,1.2600000000000016,1.2600000000000016,1.2600000000000016,1.2600000000000016,1.2600000000000016,1.2600000000000016,1.2600000000000016,1.2600000000000016,1.2600000000000016,1.2600000000000016,1.2600000000000016,1.2600000000000016,1.2600000000000016,1.2600000000000016,1.2600000000000016,1.2600000000000016,1.2600000000000016,1.2600000000000016,1.2600000000000016,1.2600000000000016,1.2600000000000016,1.2600000000000016,1.2600000000000016,1.2600000000000016,1.2600000000000016,1.2600000000000016,1.2600000000000016,1.2600000000000016,1.2600000000000016,1.2600000000000016,1.2600000000000016,1.2600000000000016,1.2600000000000016,1.2600000000000016,1.2600000000000016,1.2600000000000016,1.2600000000000016,1.2600000000000016,1.2600000000000016,1.2600000000000016,1.2600000000000016,1.2600000000000016,1.2600000000000016,1.2600000000000016,1.2600000000000016,1.2600000000000016,1.2600000000000016,1.2600000000000016,1.2600000000000016,1.2600000000000016,1.2600000000000016,1.2600000000000016,1.2600000000000016,1.2600000000000016,1.2600000000000016,1.2600000000000016,1.2600000000000016,1.2600000000000016,1.2600000000000016,1.2600000000000016,1.2600000000000016,1.2600000000000016,1.2600000000000016,1.2600000000000016,1.2600000000000016,1.2600000000000016,1.2600000000000016,1.2600000000000016,1.2600000000000016,1.2600000000000016,1.2600000000000016,1.2600000000000016,1.2600000000000016,1.2600000000000016,1.2600000000000016,1.2600000000000016,1.2600000000000016,1.2600000000000016,1.2600000000000016,1.2600000000000016,1.2600000000000016
247,1.3200000000000003,1.3200000000000003,1.3200000000000003,1.3200000000000003,1.3200000000000003,1.3200000000000003,1.3200000000000003,1.3200000000000003,1.3200000000000003,1.3200000000000003,1.3200000000000003,1.3200000000000003,1.3200000000000003,1.3200000000000003,1.3200000000000003,1.3200000000000003,1.3200000000000003,1.3200000000000003,1.3200000000000003,1.3200000000000003,1.3200000000000003,1.3200000000000003,1.3200000000000003,1.3200000000000003,1.3200000000000003,1.3200000000000003,1.3200000000000003,1.3200000000000003,1.3200000000000003,1.3200000000000003,1.3200000000000003,1.3200000000000003,1.3200000000000003,1.3200000000000003,1.3200000000000003,1.3200000000000003,1.3200000000000003,1.3200000000000003,1.3200000000000003,1.3200000000000003,1.3200000000000003,1.3200000000000003,1.3200000000000003,1.3200000000000003,1.3200000000000003,1.3200000000000003,1.3200000000000003,1.3200000000000003,1.3200000000000003,1.3200000000000003,1.3200000000000003,1.3200000000000003,1.3200000000000003,1.3200000000000003,1.3200000000000003,1.3200000000000003,1.3200000000000003,1.3200000000000003,1.3200000000000003,1.3200000000000003,1.3200000000000003,1.3200000000000003,1.3200000000000003,1.3200000000000003,1.3200000000000003,1.3200000000000003,1.3200000000000003,1.3200000000000003,1.3200000000000003,1.3200000000000003,1.3200000000000003,1.3200000000000003,1.3200000000000003,1.3200000000000003,1.3200000000000003,1.3200000000000003,1.3200000000000003,1.3200000000000003,1.3200000000000003,1.3200000000000003,1.3200000000000003,1.3200000000000003,1.3200000000000003,1.3200000000000003,1.3200000000000003,1.3200000000000003,1.3200000000000003,1.3200000000000003,1.3200000000000003,1.3200000000000003,1.3200000000000003,1.3200000000000003,1.3200000000000003,1.3200000000000003,1.3200000000000003,1.3200000000000003,1.3200000000000003,1.3200000000000003,1.3200000000000003,1.3200000000000003,1.3200000000000003,1.3200000000000003,1.3200000000000003,1.3200000000000003,1.3200000000000003,1.3200000000000003,1.3200000000000003,1.3200000000000003
248,1.379999999999999,1.379999999999999,1.379999999999999,1.379999999999999,1.379999999999999,1.379999999999999,1.379999999999999,1.379999999999999,1.379999999999999,1.379999999999999,1.379999999999999,1.379999999999999,1.379999999999999,1.379999999999999,1.379999999999999,1.379999999999999,1.379999999999999,1.379999999999999,1.379999999999999,1.379999999999999,1.379999999999999,1.379999999999999,1.379999999999999,1.379999999999999,1.379999999999999,1.379999999999999,1.379999999999999,1.379999999999999,1.379999999999999,1.379999999999999,1.379999999999999,1.379999999999999,1.379999999999999,1.379999999999999,1.379999999999999,1.379999999999999,1.379999999999999,1.379999999999999,1.379999999999999,1.379999999999999,1.379999999999999,1.379999999999999,1.379999999999999,1.379999999999999,1.379999999999999,1.379999999999999,1.379999999999999,1.379999999999999,1.379999999999999,1.379999999999999,1.379999999999999,1.379999999999999,1.379999999999999,1.379999999999999,1.379999999999999,1.379999999999999,1.379999999999999,1.379999999999999,1.379999999999999,1.379999999999999,1.379999999999999,1.379999999999999,1.379999999999999,1.379999999999999,1.379999999999999,1.379999999999999,1.379999999999999,1.379999999999999,1.379999999999999,1.379999999999999,1.379999999999999,1.379999999999999,1.379999999999999,1.379999999999999,1.379999999999999,1.379999999999999,1.379999999999999,1.379999999999999,1.379999999999999,1.379999999999999,1.379999999999999,1.379999999999999,1.379999999999999,1.379999999999999,1.379999999999999,1.379999999999999,1.379999999999999,1.379999999999999,1.379999999999999,1.379999999999999,1.379999999999999,1.379999999999999,1.379999999999999,1.379999999999999,1.379999999999999,1.379999999999999,1.379999999999999,1.379999999999999,1.379999999999999,1.379999999999999,1.379999999999999,1.379999999999999,1.379999999999999,1.379999999999999,1.379999999999999,1.379999999999999,1.379999999999999,1.379999999999999
249,1.4400000000000013,1.4400000000000013,1.4400000000000013,1.4400000000000013,1.4400000000000013,1.4400000000000013,1.4400000000000013,1.4400000000000013,1.4400000000000013,1.4400000000000013,1.4400000000000013,1.4400000000000013,1.4400000000000013,1.4400000000000013,1.4400000000000013,1.4400000000000013,1.4400000000000013,1.4400000000000013,1.4400000000000013,1.4400000000000013,1.4400000000000013,1.4400000000000013,1.4400000000000013,1.4400000000000013,1.4400000000000013,1.4400000000000013,1.4400000000000013,1.4400000000000013,1.4400000000000013,1.4400000000000013,1.4400000000000013,1.4400000000000013,1.4400000000000013,1.4400000000000013,1.4400000000000013,1.4400000000000013,1.4400000000000013,1.4400000000000013,1.4400000000000013,1.4400000000000013,1.4400000000000013,1.4400000000000013,1.4400000000000013,1.4400000000000013,1.4400000000000013,1.4400000000000013,1.4400000000000013,1.4400000000000013,1.4400000000000013,1.4400000000000013,1.4400000000000013,1.4400000000000013,1.4400000000000013,1.4400000000000013,1.4400000000000013,1.4400000000000013,1.4400000000000013,1.4400000000000013,1.4400000000000013,1.4400000000000013,1.4400000000000013,1.4400000000000013,1.4400000000000013,1.4400000000000013,1.4400000000000013,1.4400000000000013,1.4400000000000013,1.4400000000000013,1.4400000000000013,1.4400000000000013,1.4400000000000013,1.4400000000000013,1.4400000000000013,1.4400000000000013,1.4400000000000013,1.4400000000000013,1.4400000000000013,1.4400000000000013,1.4400000000000013,1.4400000000000013,1.4400000000000013,1.4400000000000013,1.4400000000000013,1.4400000000000013,1.4400000000000013,1.4400000000000013,1.4400000000000013,1.4400000000000013,1.4400000000000013,1.4400000000000013,1.4400000000000013,1.4400000000000013,1.4400000000000013,1.4400000000000013,1.4400000000000013,1.4400000000000013,1.4400000000000013,1.4400000000000013,1.4400000000000013,1.4400000000000013,1.4400000000000013,1.4400000000000013,1.4400000000000013,1.4400000000000013,1.4400000000000013,1.4400000000000013,1.4400000000000013,1.4400000000000013
250,1.5,1.5,1.5,1.5,1.5,1.5,1.5,1.5,1.5,1.5,1.5,1.5,1.5,1.5,1.5,1.5,1.5,1.5,1.5,1.5,1.5,1.5,1.5,1.5,1.5,1.5,1.5,1.5,1.5,1.5,1.5,1.5,1.5,1.5,1.5,1.5,1.5,1.5,1.5,1.5,1.5,1.5,1.5,1.5,1.5,1.5,1.5,1.5,1.5,1.5,1.5,1.5,1.5,1.5,1.5,1.5,1.5,1.5,1.5,1.5,1.5,1.5,1.5,1.5,1.5,1.5,1.5,1.5,1.5,1.5,1.5,1.5,1.5,1.5,1.5,1.5,1.5,1.5,1.5,1.5,1.5,1.5,1.5,1.5,1.5,1.5,1.5,1.5,1.5,1.5,1.5,1.5,1.5,1.5,1.5,1.5,1.5,1.5,1.5,1.5,1.5,1.5,1.5,1.5,1.5,1.5,1.5,1.5
251,1.5599999999999987,1.5599999999999987,1.5599999999999987,1.5599999999999987,1.5599999999999987,1.5599999999999987,1.5599999999999987,1.5599999999999987,1.5599999999999987,1.5599999999999987,1.5599999999999987,1.5599999999999987,1.5599999999999987,1.5599999999999987,1.5599999999999987,1.5599999999999987,1.5599999999999987,1.5599999999999987,1.5599999999999987,1.5599999999999987,1.5599999999999987,1.5599999999999987,1.5599999999999987,1.5599999999999987,1.5599999999999987,1.5599999999999987,1.5599999999999987,1.5599999999999987,1.5599999999999987,1.5599999999999987,1.5599999999999987,1.5599999999999987,1.5599999999999987,1.5599999999999987,1.5599999999999987,1.5599999999999987,1.5599999999999987,1.5599999999999987,1.5599999999999987,1.5599999999999987,1.5599999999999987,1.5599999999999987,1.5599999999999987,1.5599999999999987,1.5599999999999987,1.5599999999999987,1.5599999999999987,1.5599999999999987,1.5599999999999987,1.5599999999999987,1.5599999999999987,1.5599999999999987,1.5599999999999987,1.5599999999999987,1.5599999999999987,1.5599999999999987,1.5599999999999987,1.5599999999999987,1.5599999999999987,1.5599999999999987,1.5599999999999987,1.5599999999999987,1.5599999999999987,1.5599999999999987,1.5599999999999987,1.5599999999999987,1.5599999999999987,1.5599999999999987,1.5599999999999987,1.5599999999999987,1.5599999999999987,1.5599999999999987,1.5599999999999987,1.5599999999999987,1.5599999999999987,1.5599999999999987,1.5599999999999987,1.5599999999999987,1.5599999999999987,1.5599999999999987,1.5599999999999987,1.5599999999999987,1.5599999999999987,1.5599999999999987,1.5599999999999987,1.5599999999999987,1.5599999999999987,1.5599999999999987,1.5599999999999987,1.5599999999999987,1.5599999999999987,1.5599999999999987,1.5599999999999987,1.5599999999999987,1.5599999999999987,1.5599999999999987,1.5599999999999987,1.5599999999999987,1.5599999999999987,1.5599999999999987,1.5599999999999987,1.5599999999999987,1.5599999999999987,1.5599999999999987,1.5599999999999987,1.5599999999999987,1.5599999999999987,1.5599999999999987
252,1.620000000000001,1.620000000000001,1.620000000000001,1.620000000000001,1.620000000000001,1.620000000000001,1.620000000000001,1.620000000000001,1.620000000000001,1.620000000000001,1.620000000000001,1.620000000000001,1.620000000000001,1.620000000000001,1.620000000000001,,1.620000000000001,1.620000000000001,1.620000000000001,1.620000000000001,1.620000000000001,1.620000000000001,1.620000000000001,1.620000000000001,1.620000000000001,1.620000000000001,1.620000000000001,,1.620000000000001,1.620000000000001,1.620000000000001,1.620000000000001,1.620000000000001,1.620000000000001,1.620000000000001,1.620000000000001,1.620000000000001,1.620000000000001,1.620000000000001,1.620000000000001,1.620000000000001,1.620000000000001,1.620000000000001,1.620000000000001,1.620000000000001,1.620000000000001,1.620000000000001,1.620000000000001,1.620000000000001,1.620000000000001,1.620000000000001,1.620000000000001,1.620000000000001,1.620000000000001,1.620000000000001,1.620000000000001,1.620000000000001,1.620000000000001,1.620000000000001,1.620000000000001,1.620000000000001,1.620000000000001,1.620000000000001,1.620000000000001,1.620000000000001,,1.620000000000001,1.620000000000001,1.620000000000001,,1.620000000000001,,1.620000000000001,1.620000000000001,1.620000000000001,1.620000000000001,1.620000000000001,1.620000000000001,,1.620000000000001,1.620000000000001,1.620000000000001,1.620000000000001,1.620000000000001,1.620000000000001,1.620000000000001,1.620000000000001,1.620000000000001,1.620000000000001,1.620000000000001,1.620000000000001,1.620000000000001,1.620000000000001,1.620000000000001,1.620000000000001,1.620000000000001,1.620000000000001,1.620000000000001,1.620000000000001,1.620000000000001,1.620000000000001,1.620000000000001,1.620000000000001,1.620000000000001,1.620000000000001,1.620000000000001,1.620000000000001,1.620000000000001
253,1.6799999999999997,1.6799999999999997,1.6799999999999997,1.6799999999999997,1.6799999999999997,1.6799999999999997,1.6799999999999997,1.6799999999999997,1.6799999999999997,1.6799999999999997,1.6799999999999997,1.6799999999999997,1.6799999999999997,1.6799999999999997,1.6799999999999997,,1.6799999999999997,1.6799999999999997,1.6799999999999997,1.6799999999999997,1.6799999999999997,1.6799999999999997,1.6799999999999997,1.6799999999999997,1.6799999999999997,1.6799999999999997,1.6799999999999997,,1.6799999999999997,1.6799999999999997,1.6799999999999997,1.6799999999999997,1.6799999999999997,1.6799999999999997,1.6799999999999997,1.6799999999999997,1.6799999999999997,1.6799999999999997,1.6799999999999997,1.6799999999999997,1.6799999999999997,1.6799999999999997,1.6799999999999997,1.6799999999999997,1.6799999999999997,1.6799999999999997,1.6799999999999997,1.6799999999999997,1.6799999999999997,1.6799999999999997,1.6799999999999997,1.6799999999999997,1.6799999999999997,1.6799999999999997,1.6799999999999997,1.6799999999999997,1.6799999999999997,1.6799999999999997,1.6799999999999997,1.6799999999999997,1.6799999999999997,1.6799999999999997,1.6799999999999997,1.6799999999999997,1.6799999999999997,,1.6799999999999997,1.6799999999999997,1.6799999999999997,,1.6799999999999997,,1.6799999999999997,1.6799999999999997,1.6799999999999997,1.6799999999999997,1.6799999999999997,1.6799999999999997,,1.6799999999999997,1.6799999999999997,1.6799999999999997,1.6799999999999997,1.6799999999999997,1.6799999999999997,1.6799999999999997,1.6799999999999997,1.6799999999999997,1.6799999999999997,1.6799999999999997,1.6799999999999997,1.6799999999999997,1.6799999999999997,1.6799999999999997,1.6799999999999997,1.6799999999999997,1.6799999999999997,1.6799999999999997,1.6799999999999997,1.6799999999999997,1.6799999999999997,1.6799999999999997,1.6799999999999997,1.6799999999999997,1.6799999999999997,1.6799999999999997,1.6799999999999997,1.6799999999999997
254,1.7399999999999984,1.7399999999999984,1.7399999999999984,1.7399999999999984,1.7399999999999984,1.7399999999999984,1.7399999999999984,1.7399999999999984,1.7399999999999984,1.7399999999999984,1.7399999999999984,1.7399999999999984,1.7399999999999984,1.7399999999999984,1.7399999999999984,,1.7399999999999984,1.7399999999999984,1.7399999999999984,1.7399999999999984,1.7399999999999984,1.7399999999999984,1.7399999999999984,1.7399999999999984,1.7399999999999984,1.7399999999999984,1.7399999999999984,,1.7399999999999984,1.7399999999999984,1.7399999999999984,1.7399999999999984,1.7399999999999984,1.7399999999999984,1.7399999999999984,1.7399999999999984,1.7399999999999984,1.7399999999999984,1.7399999999999984,1.7399999999999984,1.7399999999999984,1.7399999999999984,1.7399999999999984,1.7399999999999984,1.7399999999999984,1.7399999999999984,1.7399999999999984,1.7399999999999984,1.7399999999999984,1.7399999999999984,1.7399999999999984,1.7399999999999984,1.7399999999999984,1.7399999999999984,1.7399999999999984,1.7399999999999984,1.7399999999999984,1.7399999999999984,1.7399999999999984,1.7399999999999984,1.7399999999999984,1.7399999999999984,1.7399999999999984,1.7399999999999984,1.7399999999999984,,1.7399999999999984,1.7399999999999984,1.7399999999999984,,1.7399999999999984,,1.7399999999999984,1.7399999999999984,1.7399999999999984,1.7399999999999984,1.7399999999999984,1.7399999999999984,1.7399999999999984,1.7399999999999984,1.7399999999999984,1.7399999999999984,1.7399999999999984,1.7399999999999984,1.7399999999999984,1.7399999999999984,1.7399999999999984,1.7399999999999984,1.7399999999999984,1.7399999999999984,1.7399999999999984,1.7399999999999984,1.7399999999999984,1.7399999999999984,1.7399999999999984,1.7399999999999984,1.7399999999999984,1.7399999999999984,1.7399999999999984,1.7399999999999984,1.7399999999999984,1.7399999999999984,1.7399999999999984,1.7399999999999984,1.7399999999999984,1.7399999999999984,1.7399999999999984,1.7399999999999984
255,1.8000000000000007,1.8000000000000007,1.8000000000000007,1.8000000000000007,1.8000000000000007,1.8000000000000007,1.8000000000000007,1.8000000000000007,1.8000000000000007,1.8000000000000007,1.8000000000000007,1.8000000000000007,1.8000000000000007,1.8000000000000007,1.8000000000000007,,1.8000000000000007,1.8000000000000007,1.8000000000000007,1.8000000000000007,1.8000000000000007,1.8000000000000007,1.8000000000000007,1.8000000000000007,1.8000000000000007,1.8000000000000007,1.8000000000000007,,1.8000000000000007,1.8000000000000007,1.8000000000000007,1.8000000000000007,1.8000000000000007,1.8000000000000007,1.8000000000000007,1.8000000000000007,1.8000000000000007,1.8000000000000007,1.8000000000000007,1.8000000000000007,1.8000000000000007,1.8000000000000007,1.8000000000000007,1.8000000000000007,1.8000000000000007,1.8000000000000007,1.8000000000000007,1.8000000000000007,1.8000000000000007,1.8000000000000007,1.8000000000000007,1.8000000000000007,1.8000000000000007,1.8000000000000007,1.8000000000000007,1.8000000000000007,1.8000000000000007,1.8000000000000007,1.8000000000000007,1.8000000000000007,1.8000000000000007,1.8000000000000007,1.8000000000000007,1.8000000000000007,1.8000000000000007,,1.8000000000000007,1.8000000000000007,1.8000000000000007,1.8000000000000007,1.8000000000000007,,1.8000000000000007,1.8000000000000007,1.8000000000000007,1.8000000000000007,1.8000000000000007,1.8000000000000007,1.8000000000000007,1.8000000000000007,1.8000000000000007,1.8000000000000007,1.8000000000000007,1.8000000000000007,1.8000000000000007,1.8000000000000007,1.8000000000000007,1.8000000000000007,1.8000000000000007,1.8000000000000007,1.8000000000000007,1.8000000000000007,1.8000000000000007,1.8000000000000007,1.8000000000000007,1.8000000000000007,1.8000000000000007,1.8000000000000007,1.8000000000000007,1.8000000000000007,1.8000000000000007,1.8000000000000007,1.8000000000000007,1.8000000000000007,1.8000000000000007,1.8000000000000007,1.8000000000000007,1.8000000000000007
256,1.8599999999999994,1.8599999999999994,1.8599999999999994,1.8599999999999994,1.8599999999999994,1.8599999999999994,1.8599999999999994,1.8599999999999994,1.8599999999999994,1.8599999999999994,1.8599999999999994,1.8599999999999994,1.8599999999999994,1.8599999999999994,1.8599999999999994,,1.8599999999999994,1.8599999999999994,1.8599999999999994,1.8599999999999994,1.8599999999999994,1.8599999999999994,1.8599999999999994,1.8599999999999994,1.8599999999999994,1.8599999999999994,1.8599999999999994,,1.8599999999999994,1.8599999999999994,1.8599999999999994,1.8599999999999994,1.8599999999999994,1.8599999999999994,1.8599999999999994,1.8599999999999994,1.8599999999999994,1.8599999999999994,1.8599999999999994,1.8599999999999994,1.8599999999999994,1.8599999999999994,1.8599999999999994,1.8599999999999994,1.8599999999999994,1.8599999999999994,1.8599999999999994,1.8599999999999994,1.8599999999999994,1.8599999999999994,1.8599999999999994,1.8599999999999994,1.8599999999999994,1.8599999999999994,1.8599999999999994,1.8599999999999994,1.8599999999999994,1.8599999999999994,1.8599999999999994,1.8599999999999994,1.8599999999999994,1.8599999999999994,1.8599999999999994,1.8599999999999994,1.8599999999999994,,,1.8599999999999994,1.8599999999999994,1.8599999999999994,1.8599999999999994,1.8599999999999994,1.8599999999999994,1.8599999999999994,1.8599999999999994,1.8599999999999994,1.8599999999999994,1.8599999999999994,1.8599999999999994,1.8599999999999994,1.8599999999999994,1.8599999999999994,1.8599999999999994,1.8599999999999994,1.8599999999999994,1.8599999999999994,1.8599999999999994,1.8599999999999994,1.8599999999999994,1.8599999999999994,1.8599999999999994,1.8599999999999994,1.8599999999999994,,1.8599999999999994,1.8599999999999994,1.8599999999999994,1.8599999999999994,1.8599999999999994,1.8599999999999994,1.8599999999999994,1.8599999999999994,1.8599999999999994,1.8599999999999994,1.8599999999999994,1.8599999999999994,1.8599999999999994,1.8599999999999994
257,1.9200000000000017,1.9200000000000017,1.9200000000000017,1.9200000000000017,1.9200000000000017,1.9200000000000017,1.9200000000000017,1.9200000000000017,1.9200000000000017,1.9200000000000017,1.9200000000000017,1.9200000000000017,1.9200000000000017,1.9200000000000017,1.9200000000000017,,1.9200000000000017,1.9200000000000017,1.9200000000000017,1.9200000000000017,1.9200000000000017,1.9200000000000017,1.9200000000000017,1.9200000000000017,1.9200000000000017,1.9200000000000017,1.9200000000000017,,1.9200000000000017,1.9200000000000017,1.9200000000000017,1.9200000000000017,1.9200000000000017,1.9200000000000017,1.9200000000000017,1.9200000000000017,1.9200000000000017,1.9200000000000017,1.9200000000000017,1.9200000000000017,1.9200000000000017,1.9200000000000017,1.9200000000000017,1.9200000000000017,1.9200000000000017,1.9200000000000017,1.9200000000000017,1.9200000000000017,1.9200000000000017,1.9200000000000017,1.9200000000000017,1.9200000000000017,1.9200000000000017,1.9200000000000017,1.9200000000000017,1.9200000000000017,1.9200000000000017,1.9200000000000017,1.9200000000000017,1.9200000000000017,1.9200000000000017,1.9200000000000017,1.9200000000000017,1.9200000000000017,1.9200000000000017,,,1.9200000000000017,1.9200000000000017,1.9200000000000017,,1.9200000000000017,1.9200000000000017,1.9200000000000017,1.9200000000000017,1.9200000000000017,1.9200000000000017,1.9200000000000017,1.9200000000000017,1.9200000000000017,1.9200000000000017,1.9200000000000017,1.9200000000000017,1.9200000000000017,1.9200000000000017,1.9200000000000017,1.9200000000000017,1.9200000000000017,1.9200000000000017,1.9200000000000017,1.9200000000000017,1.9200000000000017,1.9200000000000017,,1.9200000000000017,1.9200000000000017,1.9200000000000017,1.9200000000000017,1.9200000000000017,1.9200000000000017,1.9200000000000017,1.9200000000000017,1.9200000000000017,1.9200000000000017,1.9200000000000017,1.9200000000000017,1.9200000000000017,1.9200000000000017
258,1.9800000000000004,1.9800000000000004,1.9800000000000004,1.9800000000000004,1.9800000000000004,1.9800000000000004,1.9800000000000004,1.9800000000000004,1.9800000000000004,1.9800000000000004,1.9800000000000004,1.9800000000000004,1.9800000000000004,1.9800000000000004,1.9800000000000004,,1.9800000000000004,1.9800000000000004,1.9800000000000004,1.9800000000000004,1.9800000000000004,1.9800000000000004,1.9800000000000004,1.9800000000000004,1.9800000000000004,1.9800000000000004,1.9800000000000004,,1.9800000000000004,1.9800000000000004,1.9800000000000004,1.9800000000000004,1.9800000000000004,1.9800000000000004,1.9800000000000004,1.9800000000000004,1.9800000000000004,1.9800000000000004,1.9800000000000004,1.9800000000000004,1.9800000000000004,1.9800000000000004,1.9800000000000004,1.9800000000000004,1.9800000000000004,1.9800000000000004,1.9800000000000004,1.9800000000000004,1.9800000000000004,1.9800000000000004,1.9800000000000004,1.9800000000000004,1.9800000000000004,1.9800000000000004,1.9800000000000004,1.9800000000000004,1.9800000000000004,1.9800000000000004,1.9800000000000004,1.9800000000000004,1.9800000000000004,1.9800000000000004,1.9800000000000004,1.9800000000000004,1.9800000000000004,,,1.9800000000000004,1.9800000000000004,1.9800000000000004,,1.9800000000000004,1.9800000000000004,1.9800000000000004,1.9800000000000004,1.9800000000000004,1.9800000000000004,1.9800000000000004,1.9800000000000004,1.9800000000000004,1.9800000000000004,1.9800000000000004,1.9800000000000004,1.9800000000000004,1.9800000000000004,1.9800000000000004,1.9800000000000004,1.9800000000000004,1.9800000000000004,1.9800000000000004,1.9800000000000004,1.9800000000000004,1.9800000000000004,,1.9800000000000004,,1.9800000000000004,1.9800000000000004,1.9800000000000004,1.9800000000000004,1.9800000000000004,1.9800000000000004,1.9800000000000004,1.9800000000000004,1.9800000000000004,1.9800000000000004,1.9800000000000004,1.9800000000000004
259,2.039999999999999,2.039999999999999,2.039999999999999,2.039999999999999,2.039999999999999,2.039999999999999,2.039999999999999,2.039999999999999,2.039999999999999,2.039999999999999,2.039999999999999,2.039999999999999,2.039999999999999,2.039999999999999,2.039999999999999,,2.039999999999999,2.039999999999999,2.039999999999999,2.039999999999999,2.039999999999999,2.039999999999999,2.039999999999999,2.039999999999999,2.039999999999999,2.039999999999999,2.039999999999999,,2.039999999999999,2.039999999999999,2.039999999999999,2.039999999999999,2.039999999999999,2.039999999999999,2.039999999999999,2.039999999999999,2.039999999999999,2.039999999999999,2.039999999999999,2.039999999999999,2.039999999999999,2.039999999999999,2.039999999999999,2.039999999999999,2.039999999999999,2.039999999999999,2.039999999999999,2.039999999999999,2.039999999999999,2.039999999999999,2.039999999999999,2.039999999999999,2.039999999999999,2.039999999999999,2.039999999999999,2.039999999999999,2.039999999999999,2.039999999999999,2.039999999999999,2.039999999999999,2.039999999999999,2.039999999999999,2.039999999999999,2.039999999999999,2.039999999999999,,,2.039999999999999,2.039999999999999,2.039999999999999,,2.039999999999999,2.039999999999999,2.039999999999999,2.039999999999999,2.039999999999999,2.039999999999999,2.039999999999999,2.039999999999999,2.039999999999999,2.039999999999999,2.039999999999999,2.039999999999999,2.039999999999999,2.039999999999999,2.039999999999999,2.039999999999999,2.039999999999999,2.039999999999999,2.039999999999999,2.039999999999999,2.039999999999999,2.039999999999999,,2.039999999999999,,2.039999999999999,2.039999999999999,2.039999999999999,2.039999999999999,2.039999999999999,2.039999999999999,2.039999999999999,2.039999999999999,2.039999999999999,2.039999999999999,2.039999999999999,2.039999999999999
260,2.1000000000000014,2.1000000000000014,2.1000000000000014,2.1000000000000014,2.1000000000000014,2.1000000000000014,2.1000000000000014,2.1000000000000014,2.1000000000000014,2.1000000000000014,2.1000000000000014,2.1000000000000014,2.1000000000000014,2.1000000000000014,2.1000000000000014,,2.1000000000000014,2.1000000000000014,2.1000000000000014,2.1000000000000014,2.1000000000000014,2.1000000000000014,2.1000000000000014,2.1000000000000014,2.1000000000000014,2.1000000000000014,2.1000000000000014,,2.1000000000000014,2.1000000000000014,2.1000000000000014,2.1000000000000014,2.1000000000000014,2.1000000000000014,2.1000000000000014,2.1000000000000014,2.1000000000000014,2.1000000000000014,2.1000000000000014,2.1000000000000014,2.1000000000000014,2.1000000000000014,2.1000000000000014,2.1000000000000014,2.1000000000000014,2.1000000000000014,2.1000000000000014,2.1000000000000014,2.1000000000000014,2.1000000000000014,2.1000000000000014,2.1000000000000014,2.1000000000000014,2.1000000000000014,2.1000000000000014,2.1000000000000014,2.1000000000000014,2.1000000000000014,2.1000000000000014,2.1000000000000014,2.1000000000000014,2.1000000000000014,2.1000000000000014,2.1000000000000014,2.1000000000000014,,2.1000000000000014,2.1000000000000014,2.1000000000000014,2.1000000000000014,,2.1000000000000014,2.1000000000000014,2.1000000000000014,2.1000000000000014,2.1000000000000014,2.1000000000000014,2.1000000000000014,2.1000000000000014,2.1000000000000014,2.1000000000000014,2.1000000000000014,2.1000000000000014,2.1000000000000014,2.1000000000000014,2.1000000000000014,2.1000000000000014,2.1000000000000014,2.1000000000000014,2.1000000000000014,2.1000000000000014,2.1000000000000014,2.1000000000000014,,2.1000000000000014,2.1000000000000014,2.1000000000000014,2.1000000000000014,2.1000000000000014,2.1000000000000014,2.1000000000000014,2.1000000000000014,2.1000000000000014,2.1000000000000014,2.1000000000000014,2.1000000000000014,2.1000000000000014,2.1000000000000014
261,2.16,2.16,2.16,2.16,2.16,2.16,2.16,2.16,2.16,2.16,2.16,2.16,2.16,2.16,2.16,,2.16,2.16,2.16,2.16,2.16,2.16,2.16,2.16,2.16,2.16,2.16,,2.16,2.16,2.16,2.16,2.16,2.16,2.16,2.16,2.16,2.16,2.16,2.16,2.16,2.16,2.16,2.16,2.16,2.16,2.16,2.16,2.16,2.16,2.16,2.16,2.16,2.16,2.16,2.16,2.16,2.16,2.16,2.16,2.16,2.16,2.16,2.16,2.16,,2.16,2.16,2.16,2.16,,2.16,2.16,,2.16,2.16,2.16,2.16,2.16,2.16,2.16,2.16,2.16,2.16,2.16,2.16,2.16,2.16,2.16,2.16,2.16,2.16,2.16,,2.16,2.16,2.16,2.16,2.16,2.16,2.16,2.16,2.16,2.16,2.16,2.16,2.16,2.16
262,2.219999999999999,2.219999999999999,2.219999999999999,2.219999999999999,2.219999999999999,2.219999999999999,2.219999999999999,2.219999999999999,2.219999999999999,2.219999999999999,2.219999999999999,2.219999999999999,2.219999999999999,2.219999999999999,2.219999999999999,,2.219999999999999,2.219999999999999,2.219999999999999,2.219999999999999,2.219999999999999,2.219999999999999,2.219999999999999,2.219999999999999,2.219999999999999,2.219999999999999,2.219999999999999,,2.219999999999999,2.219999999999999,2.219999999999999,2.219999999999999,2.219999999999999,2.219999999999999,2.219999999999999,2.219999999999999,2.219999999999999,2.219999999999999,2.219999999999999,2.219999999999999,2.219999999999999,2.219999999999999,2.219999999999999,2.219999999999999,2.219999999999999,2.219999999999999,2.219999999999999,2.219999999999999,2.219999999999999,2.219999999999999,2.219999999999999,2.219999999999999,2.219999999999999,2.219999999999999,2.219999999999999,2.219999999999999,2.219999999999999,2.219999999999999,2.219999999999999,2.219999999999999,2.219999999999999,2.219999999999999,2.219999999999999,2.219999999999999,2.219999999999999,2.219999999999999,2.219999999999999,2.219999999999999,2.219999999999999,2.219999999999999,2.219999999999999,2.219999999999999,2.219999999999999,,2.219999999999999,2.219999999999999,2.219999999999999,2.219999999999999,2.219999999999999,2.219999999999999,2.219999999999999,2.219999999999999,2.219999999999999,2.219999999999999,2.219999999999999,2.219999999999999,2.219999999999999,2.219999999999999,2.219999999999999,2.219999999999999,2.219999999999999,2.219999999999999,2.219999999999999,,2.219999999999999,2.219999999999999,2.219999999999999,2.219999999999999,2.219999999999999,2.219999999999999,2.219999999999999,2.219999999999999,2.219999999999999,2.219999999999999,2.219999999999999,2.219999999999999,2.219999999999999,2.219999999999999
263,2.280000000000001,2.280000000000001,2.280000000000001,2.280000000000001,2.280000000000001,2.280000000000001,2.280000000000001,2.280000000000001,2.280000000000001,2.280000000000001,2.280000000000001,2.280000000000001,2.280000000000001,2.280000000000001,2.280000000000001,,2.280000000000001,2.280000000000001,2.280000000000001,2.280000000000001,2.280000000000001,2.280000000000001,2.280000000000001,2.280000000000001,2.280000000000001,2.280000000000001,2.280000000000001,,2.280000000000001,2.280000000000001,2.280000000000001,2.280000000000001,2.280000000000001,2.280000000000001,2.280000000000001,2.280000000000001,2.280000000000001,2.280000000000001,2.280000000000001,2.280000000000001,2.280000000000001,2.280000000000001,2.280000000000001,2.280000000000001,2.280000000000001,2.280000000000001,2.280000000000001,2.280000000000001,2.280000000000001,2.280000000000001,2.280000000000001,2.280000000000001,2.280000000000001,2.280000000000001,2.280000000000001,2.280000000000001,2.280000000000001,2.280000000000001,2.280000000000001,2.280000000000001,2.280000000000001,2.280000000000001,2.280000000000001,2.280000000000001,2.280000000000001,2.280000000000001,2.280000000000001,2.280000000000001,2.280000000000001,2.280000000000001,2.280000000000001,2.280000000000001,2.280000000000001,,2.280000000000001,2.280000000000001,2.280000000000001,2.280000000000001,2.280000000000001,2.280000000000001,2.280000000000001,2.280000000000001,2.280000000000001,2.280000000000001,2.280000000000001,2.280000000000001,2.280000000000001,2.280000000000001,2.280000000000001,2.280000000000001,2.280000000000001,2.280000000000001,2.280000000000001,,2.280000000000001,2.280000000000001,2.280000000000001,2.280000000000001,2.280000000000001,2.280000000000001,2.280000000000001,2.280000000000001,2.280000000000001,2.280000000000001,2.280000000000001,2.280000000000001,2.280000000000001,2.280000000000001
264,2.34,2.34,2.34,2.34,2.34,2.34,2.34,2.34,2.34,2.34,2.34,2.34,2.34,2.34,2.34,2.34,2.34,2.34,2.34,2.34,2.34,2.34,2.34,2.34,2.34,2.34,2.34,2.34,2.34,2.34,2.34,2.34,2.34,2.34,2.34,2.34,2.34,2.34,2.34,2.34,2.34,2.34,2.34,2.34,2.34,2.34,2.34,2.34,2.34,2.34,2.34,2.34,2.34,2.34,2.34,2.34,2.34,2.34,2.34,2.34,2.34,2.34,2.34,2.34,2.34,2.34,2.34,2.34,2.34,2.34,2.34,2.34,2.34,,2.34,2.34,2.34,2.34,2.34,2.34,2.34,2.34,2.34,2.34,2.34,2.34,2.34,2.34,2.34,2.34,2.34,2.34,2.34,,2.34,2.34,2.34,2.34,2.34,2.34,2.34,2.34,2.34,2.34,2.34,2.34,2.34,2.34
265,2.3999999999999986,2.3999999999999986,2.3999999999999986,2.3999999999999986,2.3999999999999986,2.3999999999999986,2.3999999999999986,2.3999999999999986,2.3999999999999986,2.3999999999999986,2.3999999999999986,2.3999999999999986,2.3999999999999986,2.3999999999999986,2.3999999999999986,2.3999999999999986,2.3999999999999986,2.3999999999999986,2.3999999999999986,2.3999999999999986,2.3999999999999986,2.3999999999999986,2.3999999999999986,2.3999999999999986,2.3999999999999986,2.3999999999999986,2.3999999999999986,2.3999999999999986,2.3999999999999986,2.3999999999999986,2.3999999999999986,2.3999999999999986,2.3999999999999986,2.3999999999999986,2.3999999999999986,2.3999999999999986,2.3999999999999986,2.3999999999999986,2.3999999999999986,2.3999999999999986,2.3999999999999986,2.3999999999999986,2.3999999999999986,2.3999999999999986,2.3999999999999986,2.3999999999999986,2.3999999999999986,2.3999999999999986,2.3999999999999986,2.3999999999999986,2.3999999999999986,2.3999999999999986,2.3999999999999986,2.3999999999999986,2.3999999999999986,2.3999999999999986,2.3999999999999986,2.3999999999999986,2.3999999999999986,2.3999999999999986,2.3999999999999986,2.3999999999999986,2.3999999999999986,2.3999999999999986,2.3999999999999986,2.3999999999999986,2.3999999999999986,2.3999999999999986,2.3999999999999986,2.3999999999999986,2.3999999999999986,2.3999999999999986,2.3999999999999986,,2.3999999999999986,2.3999999999999986,2.3999999999999986,2.3999999999999986,2.3999999999999986,2.3999999999999986,2.3999999999999986,2.3999999999999986,2.3999999999999986,2.3999999999999986,2.3999999999999986,2.3999999999999986,2.3999999999999986,2.3999999999999986,2.3999999999999986,2.3999999999999986,2.3999999999999986,2.3999999999999986,2.3999999999999986,,2.3999999999999986,2.3999999999999986,2.3999999999999986,2.3999999999999986,2.3999999999999986,2.3999999999999986,2.3999999999999986,2.3999999999999986,2.3999999999999986,2.3999999999999986,2.3999999999999986,2.3999999999999986,2.3999999999999986,2.3999999999999986
266,2.460000000000001,2.460000000000001,2.460000000000001,2.460000000000001,2.460000000000001,2.460000000000001,2.460000000000001,2.460000000000001,2.460000000000001,2.460000000000001,2.460000000000001,2.460000000000001,2.460000000000001,2.460000000000001,2.460000000000001,2.460000000000001,2.460000000000001,2.460000000000001,2.460000000000001,2.460000000000001,2.460000000000001,2.460000000000001,2.460000000000001,2.460000000000001,2.460000000000001,2.460000000000001,2.460000000000001,2.460000000000001,2.460000000000001,2.460000000000001,2.460000000000001,2.460000000000001,2.460000000000001,2.460000000000001,2.460000000000001,2.460000000000001,2.460000000000001,2.460000000000001,2.460000000000001,2.460000000000001,2.460000000000001,2.460000000000001,2.460000000000001,2.460000000000001,2.460000000000001,2.460000000000001,2.460000000000001,2.460000000000001,2.460000000000001,2.460000000000001,2.460000000000001,2.460000000000001,2.460000000000001,2.460000000000001,2.460000000000001,2.460000000000001,2.460000000000001,2.460000000000001,2.460000000000001,2.460000000000001,2.460000000000001,2.460000000000001,2.460000000000001,2.460000000000001,2.460000000000001,2.460000000000001,2.460000000000001,2.460000000000001,2.460000000000001,2.460000000000001,2.460000000000001,2.460000000000001,2.460000000000001,,2.460000000000001,2.460000000000001,2.460000000000001,2.460000000000001,2.460000000000001,2.460000000000001,2.460000000000001,2.460000000000001,2.460000000000001,2.460000000000001,2.460000000000001,2.460000000000001,2.460000000000001,2.460000000000001,2.460000000000001,2.460000000000001,2.460000000000001,2.460000000000001,2.460000000000001,,2.460000000000001,2.460000000000001,2.460000000000001,2.460000000000001,2.460000000000001,2.460000000000001,2.460000000000001,2.460000000000001,2.460000000000001,2.460000000000001,2.460000000000001,2.460000000000001,2.460000000000001,2.460000000000001
267,2.5199999999999996,2.5199999999999996,2.5199999999999996,2.5199999999999996,2.5199999999999996,2.5199999999999996,2.5199999999999996,2.5199999999999996,2.5199999999999996,2.5199999999999996,2.5199999999999996,2.5199999999999996,2.5199999999999996,2.5199999999999996,2.5199999999999996,2.5199999999999996,2.5199999999999996,2.5199999999999996,2.5199999999999996,2.5199999999999996,2.5199999999999996,2.5199999999999996,2.5199999999999996,2.5199999999999996,2.5199999999999996,2.5199999999999996,2.5199999999999996,2.5199999999999996,2.5199999999999996,2.5199999999999996,2.5199999999999996,2.5199999999999996,2.5199999999999996,2.5199999999999996,2.5199999999999996,2.5199999999999996,2.5199999999999996,2.5199999999999996,2.5199999999999996,2.5199999999999996,2.5199999999999996,2.5199999999999996,2.5199999999999996,2.5199999999999996,2.5199999999999996,2.5199999999999996,2.5199999999999996,2.5199999999999996,2.5199999999999996,2.5199999999999996,2.5199999999999996,2.5199999999999996,2.5199999999999996,2.5199999999999996,2.5199999999999996,2.5199999999999996,2.5199999999999996,2.5199999999999996,2.5199999999999996,2.5199999999999996,2.5199999999999996,2.5199999999999996,2.5199999999999996,2.5199999999999996,2.5199999999999996,2.5199999999999996,2.5199999999999996,2.5199999999999996,2.5199999999999996,2.5199999999999996,2.5199999999999996,2.5199999999999996,2.5199999999999996,,2.5199999999999996,2.5199999999999996,2.5199999999999996,2.5199999999999996,2.5199999999999996,2.5199999999999996,2.5199999999999996,2.5199999999999996,2.5199999999999996,2.5199999999999996,2.5199999999999996,2.5199999999999996,2.5199999999999996,2.5199999999999996,2.5199999999999996,2.5199999999999996,2.5199999999999996,2.5199999999999996,2.5199999999999996,,2.5199999999999996,2.5199999999999996,2.5199999999999996,2.5199999999999996,2.5199999999999996,2.5199999999999996,2.5199999999999996,2.5199999999999996,2.5199999999999996,2.5199999999999996,2.5199999999999996,2.5199999999999996,2.5199999999999996,2.5199999999999996
268,2.5799999999999983,2.5799999999999983,2.5799999999999983,2.5799999999999983,2.5799999999999983,2.5799999999999983,2.5799999999999983,2.5799999999999983,2.5799999999999983,2.5799999999999983,2.5799999999999983,2.5799999999999983,2.5799999999999983,2.5799999999999983,2.5799999999999983,2.5799999999999983,2.5799999999999983,2.5799999999999983,2.5799999999999983,2.5799999999999983,2.5799999999999983,2.5799999999999983,2.5799999999999983,2.5799999999999983,2.5799999999999983,2.5799999999999983,2.5799999999999983,2.5799999999999983,2.5799999999999983,2.5799999999999983,2.5799999999999983,2.5799999999999983,2.5799999999999983,2.5799999999999983,2.5799999999999983,2.5799999999999983,2.5799999999999983,2.5799999999999983,2.5799999999999983,2.5799999999999983,2.5799999999999983,2.5799999999999983,2.5799999999999983,2.5799999999999983,2.5799999999999983,2.5799999999999983,2.5799999999999983,2.5799999999999983,2.5799999999999983,2.5799999999999983,2.5799999999999983,2.5799999999999983,2.5799999999999983,2.5799999999999983,2.5799999999999983,2.5799999999999983,2.5799999999999983,2.5799999999999983,2.5799999999999983,2.5799999999999983,2.5799999999999983,2.5799999999999983,2.5799999999999983,2.5799999999999983,2.5799999999999983,2.5799999999999983,2.5799999999999983,2.5799999999999983,2.5799999999999983,2.5799999999999983,2.5799999999999983,2.5799999999999983,2.5799999999999983,,2.5799999999999983,2.5799999999999983,2.5799999999999983,2.5799999999999983,2.5799999999999983,2.5799999999999983,2.5799999999999983,2.5799999999999983,2.5799999999999983,2.5799999999999983,2.5799999999999983,2.5799999999999983,2.5799999999999983,2.5799999999999983,2.5799999999999983,2.5799999999999983,2.5799999999999983,2.5799999999999983,2.5799999999999983,,2.5799999999999983,2.5799999999999983,2.5799999999999983,2.5799999999999983,2.5799999999999983,2.5799999999999983,2.5799999999999983,2.5799999999999983,2.5799999999999983,2.5799999999999983,2.5799999999999983,2.5799999999999983,2.5799999999999983,2.5799999999999983
269,2.6400000000000006,2.6400000000000006,2.6400000000000006,2.6400000000000006,2.6400000000000006,2.6400000000000006,2.6400000000000006,2.6400000000000006,2.6400000000000006,2.6400000000000006,2.6400000000000006,2.6400000000000006,2.6400000000000006,2.6400000000000006,2.6400000000000006,2.6400000000000006,2.6400000000000006,2.6400000000000006,2.6400000000000006,2.6400000000000006,2.6400000000000006,2.6400000000000006,2.6400000000000006,2.6400000000000006,2.6400000000000006,2.6400000000000006,2.6400000000000006,2.6400000000000006,2.6400000000000006,2.6400000000000006,2.6400000000000006,2.6400000000000006,2.6400000000000006,2.6400000000000006,2.6400000000000006,2.6400000000000006,2.6400000000000006,2.6400000000000006,2.6400000000000006,2.6400000000000006,2.6400000000000006,2.6400000000000006,2.6400000000000006,2.6400000000000006,2.6400000000000006,2.6400000000000006,2.6400000000000006,2.6400000000000006,2.6400000000000006,2.6400000000000006,2.6400000000000006,2.6400000000000006,2.6400000000000006,2.6400000000000006,2.6400000000000006,2.6400000000000006,2.6400000000000006,2.6400000000000006,2.6400000000000006,2.6400000000000006,2.6400000000000006,2.6400000000000006,2.6400000000000006,2.6400000000000006,2.6400000000000006,2.6400000000000006,2.6400000000000006,2.6400000000000006,2.6400000000000006,2.6400000000000006,2.6400000000000006,2.6400000000000006,2.6400000000000006,2.6400000000000006,2.6400000000000006,2.6400000000000006,2.6400000000000006,2.6400000000000006,2.6400000000000006,2.6400000000000006,2.6400000000000006,2.6400000000000006,2.6400000000000006,2.6400000000000006,2.6400000000000006,2.6400000000000006,2.6400000000000006,2.6400000000000006,2.6400000000000006,2.6400000000000006,2.6400000000000006,2.6400000000000006,2.6400000000000006,2.6400000000000006,2.6400000000000006,2.6400000000000006,2.6400000000000006,2.6400000000000006,2.6400000000000006,2.6400000000000006,2.6400000000000006,2.6400000000000006,2.6400000000000006,2.6400000000000006,2.6400000000000006,2.6400000000000006,2.6400000000000006,2.6400000000000006
270,2.6999999999999993,2.6999999999999993,2.6999999999999993,2.6999999999999993,2.6999999999999993,2.6999999999999993,2.6999999999999993,2.6999999999999993,2.6999999999999993,2.6999999999999993,2.6999999999999993,2.6999999999999993,2.6999999999999993,2.6999999999999993,2.6999999999999993,2.6999999999999993,2.6999999999999993,2.6999999999999993,2.6999999999999993,2.6999999999999993,2.6999999999999993,2.6999999999999993,2.6999999999999993,2.6999999999999993,2.6999999999999993,2.6999999999999993,2.6999999999999993,2.6999999999999993,2.6999999999999993,2.6999999999999993,2.6999999999999993,2.6999999999999993,2.6999999999999993,2.6999999999999993,2.6999999999999993,2.6999999999999993,2.6999999999999993,2.6999999999999993,2.6999999999999993,2.6999999999999993,2.6999999999999993,2.6999999999999993,2.6999999999999993,2.6999999999999993,2.6999999999999993,2.6999999999999993,2.6999999999999993,2.6999999999999993,2.6999999999999993,2.6999999999999993,2.6999999999999993,2.6999999999999993,2.6999999999999993,2.6999999999999993,2.6999999999999993,2.6999999999999993,2.6999999999999993,2.6999999999999993,2.6999999999999993,2.6999999999999993,2.6999999999999993,2.6999999999999993,2.6999999999999993,2.6999999999999993,2.6999999999999993,2.6999999999999993,2.6999999999999993,2.6999999999999993,2.6999999999999993,2.6999999999999993,2.6999999999999993,2.6999999999999993,2.6999999999999993,2.6999999999999993,2.6999999999999993,2.6999999999999993,2.6999999999999993,2.6999999999999993,2.6999999999999993,2.6999999999999993,2.6999999999999993,2.6999999999999993,2.6999999999999993,2.6999999999999993,2.6999999999999993,2.6999999999999993,2.6999999999999993,2.6999999999999993,2.6999999999999993,2.6999999999999993,2.6999999999999993,2.6999999999999993,2.6999999999999993,2.6999999999999993,2.6999999999999993,2.6999999999999993,2.6999999999999993,2.6999999999999993,2.6999999999999993,2.6999999999999993,2.6999999999999993,2.6999999999999993,2.6999999999999993,2.6999999999999993,2.6999999999999993,2.6999999999999993,2.6999999999999993,2.6999999999999993
271,2.759999999999998,2.759999999999998,2.759999999999998,2.759999999999998,2.759999999999998,2.759999999999998,2.759999999999998,2.759999999999998,2.759999999999998,2.759999999999998,2.759999999999998,2.759999999999998,2.759999999999998,2.759999999999998,2.759999999999998,2.759999999999998,2.759999999999998,2.759999999999998,2.759999999999998,2.759999999999998,2.759999999999998,2.759999999999998,2.759999999999998,2.759999999999998,2.759999999999998,2.759999999999998,2.759999999999998,2.759999999999998,2.759999999999998,2.759999999999998,2.759999999999998,2.759999999999998,2.759999999999998,2.759999999999998,2.759999999999998,2.759999999999998,2.759999999999998,2.759999999999998,2.759999999999998,2.759999999999998,2.759999999999998,2.759999999999998,2.759999999999998,2.759999999999998,2.759999999999998,2.759999999999998,2.759999999999998,2.759999999999998,2.759999999999998,2.759999999999998,2.759999999999998,2.759999999999998,2.759999999999998,2.759999999999998,2.759999999999998,2.759999999999998,2.759999999999998,2.759999999999998,2.759999999999998,2.759999999999998,2.759999999999998,2.759999999999998,2.759999999999998,2.759999999999998,2.759999999999998,2.759999999999998,2.759999999999998,2.759999999999998,2.759999999999998,2.759999999999998,2.759999999999998,2.759999999999998,2.759999999999998,2.759999999999998,2.759999999999998,2.759999999999998,2.759999999999998,2.759999999999998,2.759999999999998,2.759999999999998,2.759999999999998,2.759999999999998,2.759999999999998,2.759999999999998,2.759999999999998,2.759999999999998,2.759999999999998,2.759999999999998,2.759999999999998,2.759999999999998,2.759999999999998,2.759999999999998,2.759999999999998,2.759999999999998,2.759999999999998,2.759999999999998,2.759999999999998,2.759999999999998,2.759999999999998,2.759999999999998,2.759999999999998,2.759999999999998,2.759999999999998,2.759999999999998,2.759999999999998,2.759999999999998,2.759999999999998,2.759999999999998
272,2.8200000000000003,2.8200000000000003,2.8200000000000003,2.8200000000000003,2.8200000000000003,2.8200000000000003,2.8200000000000003,2.8200000000000003,2.8200000000000003,2.8200000000000003,2.8200000000000003,2.8200000000000003,2.8200000000000003,2.8200000000000003,2.8200000000000003,2.8200000000000003,2.8200000000000003,2.8200000000000003,2.8200000000000003,2.8200000000000003,2.8200000000000003,2.8200000000000003,2.8200000000000003,2.8200000000000003,2.8200000000000003,2.8200000000000003,2.8200000000000003,2.8200000000000003,2.8200000000000003,2.8200000000000003,2.8200000000000003,2.8200000000000003,2.8200000000000003,2.8200000000000003,2.8200000000000003,2.8200000000000003,2.8200000000000003,2.8200000000000003,2.8200000000000003,2.8200000000000003,2.8200000000000003,2.8200000000000003,2.8200000000000003,2.8200000000000003,2.8200000000000003,2.8200000000000003,2.8200000000000003,2.8200000000000003,2.8200000000000003,2.8200000000000003,2.8200000000000003,2.8200000000000003,2.8200000000000003,2.8200000000000003,2.8200000000000003,2.8200000000000003,2.8200000000000003,2.8200000000000003,2.8200000000000003,2.8200000000000003,2.8200000000000003,2.8200000000000003,2.8200000000000003,2.8200000000000003,2.8200000000000003,2.8200000000000003,2.8200000000000003,2.8200000000000003,2.8200000000000003,2.8200000000000003,2.8200000000000003,2.8200000000000003,2.8200000000000003,2.8200000000000003,2.8200000000000003,2.8200000000000003,2.8200000000000003,2.8200000000000003,2.8200000000000003,2.8200000000000003,2.8200000000000003,2.8200000000000003,2.8200000000000003,2.8200000000000003,2.8200000000000003,2.8200000000000003,2.8200000000000003,2.8200000000000003,2.8200000000000003,2.8200000000000003,2.8200000000000003,2.8200000000000003,2.8200000000000003,2.8200000000000003,2.8200000000000003,2.8200000000000003,2.8200000000000003,2.8200000000000003,2.8200000000000003,2.8200000000000003,2.8200000000000003,2.8200000000000003,2.8200000000000003,2.8200000000000003,2.8200000000000003,2.8200000000000003,2.8200000000000003,2.8200000000000003
273,2.879999999999999,2.879999999999999,2.879999999999999,2.879999999999999,2.879999999999999,2.879999999999999,2.879999999999999,2.879999999999999,2.879999999999999,2.879999999999999,2.879999999999999,2.879999999999999,2.879999999999999,2.879999999999999,2.879999999999999,2.879999999999999,2.879999999999999,2.879999999999999,2.879999999999999,2.879999999999999,2.879999999999999,2.879999999999999,2.879999999999999,2.879999999999999,2.879999999999999,2.879999999999999,2.879999999999999,2.879999999999999,2.879999999999999,2.879999999999999,2.879999999999999,2.879999999999999,2.879999999999999,2.879999999999999,2.879999999999999,2.879999999999999,2.879999999999999,2.879999999999999,2.879999999999999,2.879999999999999,2.879999999999999,2.879999999999999,2.879999999999999,2.879999999999999,2.879999999999999,2.879999999999999,2.879999999999999,2.879999999999999,2.879999999999999,2.879999999999999,2.879999999999999,2.879999999999999,2.879999999999999,2.879999999999999,2.879999999999999,2.879999999999999,2.879999999999999,2.879999999999999,2.879999999999999,2.879999999999999,2.879999999999999,2.879999999999999,2.879999999999999,2.879999999999999,2.879999999999999,2.879999999999999,2.879999999999999,2.879999999999999,2.879999999999999,2.879999999999999,2.879999999999999,2.879999999999999,2.879999999999999,2.879999999999999,2.879999999999999,2.879999999999999,2.879999999999999,2.879999999999999,2.879999999999999,2.879999999999999,2.879999999999999,2.879999999999999,2.879999999999999,2.879999999999999,2.879999999999999,2.879999999999999,2.879999999999999,2.879999999999999,2.879999999999999,2.879999999999999,2.879999999999999,2.879999999999999,2.879999999999999,2.879999999999999,2.879999999999999,2.879999999999999,2.879999999999999,2.879999999999999,2.879999999999999,2.879999999999999,2.879999999999999,2.879999999999999,2.879999999999999,2.879999999999999,2.879999999999999,2.879999999999999,2.879999999999999,2.879999999999999
274,2.9400000000000013,2.9400000000000013,2.9400000000000013,2.9400000000000013,2.9400000000000013,2.9400000000000013,2.9400000000000013,2.9400000000000013,2.9400000000000013,2.9400000000000013,2.9400000000000013,2.9400000000000013,2.9400000000000013,2.9400000000000013,2.9400000000000013,2.9400000000000013,2.9400000000000013,2.9400000000000013,2.9400000000000013,2.9400000000000013,2.9400000000000013,2.9400000000000013,2.9400000000000013,2.9400000000000013,2.9400000000000013,2.9400000000000013,2.9400000000000013,2.9400000000000013,2.9400000000000013,2.9400000000000013,2.9400000000000013,2.9400000000000013,2.9400000000000013,2.9400000000000013,2.9400000000000013,2.9400000000000013,2.9400000000000013,2.9400000000000013,2.9400000000000013,2.9400000000000013,2.9400000000000013,2.9400000000000013,2.9400000000000013,2.9400000000000013,2.9400000000000013,2.9400000000000013,2.9400000000000013,2.9400000000000013,2.9400000000000013,2.9400000000000013,2.9400000000000013,2.9400000000000013,2.9400000000000013,2.9400000000000013,2.9400000000000013,2.9400000000000013,2.9400000000000013,2.9400000000000013,2.9400000000000013,2.9400000000000013,2.9400000000000013,2.9400000000000013,2.9400000000000013,2.9400000000000013,2.9400000000000013,2.9400000000000013,2.9400000000000013,2.9400000000000013,2.9400000000000013,2.9400000000000013,2.9400000000000013,2.9400000000000013,2.9400000000000013,2.9400000000000013,2.9400000000000013,2.9400000000000013,2.9400000000000013,2.9400000000000013,2.9400000000000013,2.9400000000000013,2.9400000000000013,2.9400000000000013,2.9400000000000013,2.9400000000000013,2.9400000000000013,2.9400000000000013,2.9400000000000013,2.9400000000000013,2.9400000000000013,2.9400000000000013,2.9400000000000013,2.9400000000000013,2.9400000000000013,2.9400000000000013,2.9400000000000013,2.9400000000000013,2.9400000000000013,2.9400000000000013,2.9400000000000013,2.9400000000000013,2.9400000000000013,2.9400000000000013,2.9400000000000013,2.9400000000000013,2.9400000000000013,2.9400000000000013,2.9400000000000013,2.9400000000000013
275,3.0,3.0,3.0,3.0,3.0,3.0,3.0,3.0,3.0,3.0,3.0,3.0,3.0,3.0,3.0,3.0,3.0,3.0,3.0,3.0,3.0,3.0,3.0,3.0,3.0,3.0,3.0,3.0,3.0,3.0,3.0,3.0,3.0,3.0,3.0,3.0,3.0,3.0,3.0,3.0,3.0,3.0,3.0,3.0,3.0,3.0,3.0,3.0,3.0,3.0,3.0,3.0,3.0,3.0,3.0,3.0,3.0,3.0,3.0,3.0,3.0,3.0,3.0,3.0,3.0,3.0,3.0,3.0,3.0,3.0,3.0,3.0,3.0,3.0,3.0,3.0,3.0,3.0,3.0,3.0,3.0,3.0,3.0,3.0,3.0,3.0,3.0,3.0,3.0,3.0,3.0,3.0,3.0,3.0,3.0,3.0,3.0,3.0,3.0,3.0,3.0,3.0,3.0,3.0,3.0,3.0,3.0,3.0
276,3.0,3.0,3.0,3.0,3.0,3.0,3.0,3.0,3.0,3.0,3.0,3.0,3.0,3.0,3.0,3.0,3.0,3.0,3.0,3.0,3.0,3.0,3.0,3.0,3.0,3.0,3.0,3.0,3.0,3.0,3.0,3.0,3.0,3.0,3.0,3.0,3.0,3.0,3.0,3.0,3.0,3.0,3.0,3.0,3.0,3.0,3.0,3.0,3.0,3.0,3.0,3.0,3.0,3.0,3.0,3.0,3.0,3.0,3.0,3.0,3.0,3.0,3.0,3.0,3.0,3.0,3.0,3.0,3.0,3.0,3.0,3.0,3.0,3.0,3.0,3.0,3.0,3.0,3.0,3.0,3.0,3.0,3.0,3.0,3.0,3.0,3.0,3.0,3.0,3.0,3.0,3.0,3.0,3.0,3.0,3.0,3.0,3.0,3.0,3.0,3.0,3.0,3.0,3.0,3.0,3.0,3.0,3.0
277,3.0,3.0,3.0,3.0,3.0,3.0,3.0,3.0,3.0,3.0,3.0,3.0,3.0,3.0,3.0,3.0,3.0,3.0,3.0,3.0,3.0,3.0,3.0,3.0,3.0,3.0,3.0,3.0,3.0,3.0,3.0,3.0,3.0,3.0,3.0,3.0,3.0,3.0,3.0,3.0,3.0,3.0,3.0,3.0,3.0,3.0,3.0,3.0,3.0,3.0,3.0,3.0,3.0,3.0,3.0,3.0,3.0,3.0,3.0,3.0,3.0,3.0,3.0,3.0,3.0,3.0,3.0,3.0,3.0,3.0,3.0,3.0,3.0,3.0,3.0,3.0,3.0,3.0,3.0,3.0,3.0,3.0,3.0,3.0,3.0,3.0,3.0,3.0,3.0,3.0,3.0,3.0,3.0,3.0,3.0,3.0,3.0,3.0,3.0,3.0,3.0,3.0,3.0,3.0,3.0,3.0,3.0,3.0
278,3.0,3.0,3.0,3.0,3.0,3.0,3.0,3.0,3.0,3.0,3.0,3.0,3.0,3.0,3.0,3.0,3.0,3.0,3.0,3.0,3.0,3.0,3.0,3.0,3.0,3.0,3.0,3.0,3.0,3.0,3.0,3.0,3.0,3.0,3.0,3.0,3.0,3.0,3.0,3.0,3.0,3.0,3.0,3.0,3.0,3.0,3.0,3.0,3.0,3.0,3.0,3.0,3.0,3.0,3.0,3.0,3.0,3.0,3.0,3.0,3.0,3.0,3.0,3.0,3.0,3.0,3.0,3.0,3.0,3.0,3.0,3.0,3.0,3.0,3.0,3.0,3.0,3.0,3.0,3.0,3.0,3.0,3.0,3.0,3.0,3.0,3.0,3.0,3.0,3.0,3.0,3.0,3.0,3.0,3.0,3.0,3.0,3.0,3.0,3.0,3.0,3.0,3.0,3.0,3.0,3.0,3.0,3.0
279,3.0,3.0,3.0,3.0,3.0,3.0,3.0,3.0,3.0,3.0,3.0,3.0,3.0,3.0,3.0,3.0,3.0,3.0,3.0,3.0,3.0,3.0,3.0,3.0,3.0,3.0,3.0,3.0,3.0,3.0,3.0,3.0,3.0,3.0,3.0,3.0,3.0,3.0,3.0,3.0,3.0,3.0,3.0,3.0,3.0,3.0,3.0,3.0,3.0,3.0,3.0,3.0,3.0,3.0,3.0,3.0,3.0,3.0,3.0,3.0,3.0,3.0,3.0,3.0,3.0,3.0,3.0,3.0,3.0,3.0,3.0,3.0,3.0,3.0,3.0,3.0,3.0,3.0,3.0,3.0,3.0,3.0,3.0,3.0,3.0,3.0,3.0,3.0,3.0,3.0,3.0,3.0,3.0,3.0,3.0,3.0,3.0,3.0,3.0,3.0,3.0,3.0,3.0,3.0,3.0,3.0,3.0,3.0
280,3.0,3.0,3.0,3.0,3.0,3.0,3.0,3.0,3.0,3.0,3.0,3.0,3.0,3.0,3.0,3.0,3.0,3.0,3.0,3.0,3.0,3.0,3.0,3.0,3.0,3.0,3.0,3.0,3.0,3.0,3.0,3.0,3.0,3.0,3.0,3.0,3.0,3.0,3.0,3.0,3.0,3.0,3.0,3.0,3.0,3.0,3.0,3.0,3.0,3.0,3.0,3.0,3.0,3.0,3.0,3.0,3.0,3.0,3.0,3.0,3.0,3.0,3.0,3.0,3.0,3.0,3.0,3.0,3.0,3.0,3.0,3.0,3.0,3.0,3.0,3.0,3.0,3.0,3.0,3.0,3.0,3.0,3.0,3.0,3.0,3.0,3.0,3.0,3.0,3.0,3.0,3.0,3.0,3.0,3.0,3.0,3.0,3.0,3.0,3.0,3.0,3.0,3.0,3.0,3.0,3.0,3.0,3.0
281,3.0,3.0,3.0,2.0,3.0,3.0,2.533245086669922,3.0,3.0,3.0,3.0,3.0,3.0,3.0,3.0,3.0,2.0,3.0,2.243396759033203,3.0,3.0,3.0,3.0,3.0,2.1339664459228516,2.785665512084961,2.0,3.0,3.0,3.0,3.0,2.0,3.0,3.0,3.0,2.383729934692383,3.0,3.0,2.0,3.0,3.0,3.0,3.0,3.0,3.0,3.0,3.0,2.0,3.0,2.0983200073242188,3.0,3.0,2.76947021484375,2.105854034423828,3.0,3.0,3.0,3.0,3.0,3.0,3.0,3.0,3.0,2.280101776123047,2.0,2.3785018920898438,3.0,3.0,2.0,2.0,3.0,3.0,3.0,2.0,2.0,2.1950931549072266,3.0,3.0,2.3879051208496094,3.0,3.0,3.0,2.102130889892578,2.245962142944336,3.0,3.0,2.1491928100585938,2.0964813232421875,2.0,2.0,2.0,3.0,3.0,2.8924503326416016,2.0,2.0,3.0,3.0,3.0,3.0,2.0,3.0,2.4215240478515625,3.0,2.0,3.0,3.0,3.0
282,2.0,2.0,2.0,2.0,2.0,2.0,2.0,0.0853424072265625,2.0,2.0,2.0,2.0,2.0,2.0,2.0,2.0,2.0,2.0,2.243396759033203,2.0,3.6209030151367188,2.0,2.0,2.0,2.0,2.0,2.0,2.0,2.0,2.0,2.0,1.6805496215820312,2.0,2.0,2.0,2.0,2.0361328125,2.0,2.0,2.0,2.0,2.0,2.0,2.0,2.0,2.0,2.0,2.0,2.0,2.0,2.0,0.0,2.0,2.0,2.0,2.0,2.0,2.0,0.8585224151611328,2.0,2.0,3.0,2.0,2.0,0.0,2.0,2.0,2.0,0.0,2.0,2.0,0.0490264892578125,2.0,2.0,2.0,2.0,2.0,0.9318618774414062,2.0,2.0,2.0,2.2868900299072266,2.0,2.0,2.0,2.0,2.0,2.0,1.9498176574707031,0.0,2.0,2.0,2.0,2.0,2.0,2.0,2.0,2.0,2.0,2.0,0.0,2.0,2.0,2.0,2.0,2.0,2.0,2.0
283,0.0,0.8284244537353516,0.0,2.0,0.10025787353515625,2.0,0.0,0.0853424072265625,0.0,2.0,0.0,0.0,0.0,0.0,0.11101913452148438,0.0,0.0,0.0,2.0,0.0,5.381984710693359,0.0,2.0,0.465545654296875,0.0,0.0,0.0,0.0,0.0,0.0,0.0,1.6805496215820312,0.0,0.0,0.0,0.6845855712890625,2.0,2.0,0.0,0.0,0.0,0.0,0.0,0.0,0.0,0.0,0.0,0.0,2.0,0.0,0.0,0.0,0.0,0.7179088592529297,0.0,0.0,0.0,0.0,0.0,0.0,2.0,6.652500152587891,2.0,2.0,0.0,0.0,0.0,0.0,0.0,0.0,2.0,0.0490264892578125,2.0,0.0,0.0,0.0,0.0,0.9318618774414062,0.0,0.0,2.0,2.0,2.0,0.0,0.0,0.06321334838867188,0.0,0.0,0.0,0.0,0.0,0.0,0.6287021636962891,0.0,2.0,2.0,2.0,0.0,0.0,2.0,0.0,0.0,1.695577621459961,2.0,0.0,0.01052093505859375,1.9627094268798828,0.0
284,0.0,0.0,0.0,0.0,0.0,0.0,0.0,0.0,0.0,0.0,0.0,0.0,0.0,0.0,0.0,0.0,0.0,0.0,0.0,0.0,5.621068954467773,0.0,1.7668895721435547,0.0,0.0,0.0,0.0,0.0,0.0,0.0,0.0,0.04395484924316406,0.0,0.0,0.0,0.0,0.9793033599853516,2.0,0.0,0.0,0.0,0.0,0.0,0.0,0.0,0.0,0.0,0.0,0.0,0.0,0.0,0.0,0.0,0.0,0.0,0.0,0.0,0.0,0.0,0.0,0.0,7.452201843261719,0.0,0.0,0.0,0.0,0.0,0.0,0.0,0.0,0.0,0.0,0.0,0.0,0.0,0.0,0.0,0.0,0.0,0.0,0.46540260314941406,0.7001361846923828,0.0,0.0,0.0,0.0,0.0,0.0,0.0,0.0,0.0,0.0,0.0,0.0,0.0,0.0,0.18126869201660156,0.0,0.0,0.0,0.0,0.0,0.0,0.0,0.0,0.0,1.9627094268798828,0.0
285,0.0,0.0,0.0,0.0,0.0,0.0,0.0,0.0,0.0,0.0,0.0,0.0,0.0,0.0,0.0,0.0,0.0,0.0,0.0,0.0,0.0,0.0,0.0,0.0,0.0,0.0,0.0,0.0,0.0,0.0,0.0,0.04395484924316406,0.0,0.0,0.0,0.0,0.0,0.0,0.0,0.0,0.0,0.0,0.0,0.0,0.0,0.0,0.0,0.0,0.0,0.0,0.0,0.0,0.0,0.0,0.0,0.0,0.0,0.0,0.0,0.0,0.0,0.0,0.0,0.0,0.0,0.0,0.0,0.0,0.0,0.0,0.0,0.0,0.0,0.0,0.0,0.0,0.0,0.0,0.0,0.0,0.0,0.0,0.0,0.0,0.0,0.0,0.0,0.0,0.0,0.0,0.0,0.0,0.0,0.0,0.0,0.0,0.0,0.0,0.0,0.0,0.0,0.0,0.0,0.0,0.0,0.0,0.1912555694580078,0.0
286,0.0,0.0,0.0,0.0,0.0,0.0,0.0,0.0,0.0,0.0,0.0,0.0,0.0,0.0,0.0,0.0,0.0,0.0,0.0,0.0,0.0,0.0,0.0,0.0,0.0,0.0,0.0,0.0,0.0,0.0,0.0,0.0,0.0,0.0,0.0,0.0,0.0,0.0,0.0,0.0,0.0,0.0,0.0,0.0,0.0,0.0,0.0,0.0,0.0,0.0,0.0,0.0,0.0,0.0,0.0,0.0,0.0,0.0,0.0,0.0,0.0,0.0,0.0,0.0,0.0,0.0,0.0,0.0,0.0,0.0,0.0,0.0,0.0,0.0,0.0,0.0,0.0,0.0,0.0,0.0,0.0,0.0,0.0,0.0,0.0,0.0,0.0,0.0,0.0,0.0,0.0,0.0,0.0,0.0,0.0,0.0,0.0,0.0,0.0,0.0,0.0,0.0,0.0,0.0,0.0,0.0,0.0,0.0
287,0.0,0.0,0.0,0.0,0.0,0.0,0.0,0.0,0.0,0.0,0.0,0.0,0.0,0.0,0.0,0.0,0.0,0.0,0.0,0.0,0.0,0.0,0.0,0.0,0.0,0.0,0.0,0.0,0.0,0.0,0.0,0.0,0.0,0.0,0.0,0.0,0.0,0.0,0.0,0.0,0.0,0.0,0.0,0.0,0.0,0.0,0.0,0.0,0.0,0.0,0.0,0.0,0.0,0.0,0.0,0.0,0.0,0.0,0.0,0.0,0.0,0.0,0.0,0.0,0.0,0.0,0.0,0.0,0.0,0.0,0.0,0.0,0.0,0.0,0.0,0.0,0.0,0.0,0.0,0.0,0.0,0.0,0.0,0.0,0.0,0.0,0.0,0.0,0.0,0.0,0.0,0.0,0.0,0.0,0.0,0.0,0.0,0.0,0.0,0.0,0.0,0.0,0.0,0.0,0.0,0.0,0.0,0.0
288,0.0,0.0,0.0,0.0,0.0,0.0,0.0,0.0,0.0,0.0,0.0,0.0,0.0,0.0,0.0,0.0,0.0,0.0,0.0,0.0,0.0,0.0,0.0,0.0,0.0,0.0,0.0,0.0,0.0,0.0,0.0,0.0,0.0,0.0,0.0,0.0,0.0,0.0,0.0,0.0,0.0,0.0,0.0,0.0,0.0,0.0,0.0,0.0,0.0,0.0,0.0,0.0,0.0,0.0,0.0,0.0,0.0,0.0,0.0,0.0,0.0,0.0,0.0,0.0,0.0,0.0,0.0,0.0,0.0,0.0,0.0,0.0,0.0,0.0,0.0,0.0,0.0,0.0,0.0,0.0,0.0,0.0,0.0,0.0,0.0,0.0,0.0,0.0,0.0,0.0,0.0,0.0,0.0,0.0,0.0,0.0,0.0,0.0,0.0,0.0,0.0,0.0,0.0,0.0,0.0,0.0,0.0,0.0
289,0.0,0.0,0.0,0.0,0.0,0.0,0.0,0.0,0.0,0.0,0.0,0.0,0.0,0.0,0.0,0.0,0.0,0.0,0.0,0.0,0.0,0.0,0.0,0.0,0.0,0.0,0.0,0.0,0.0,0.0,0.0,0.0,0.0,0.0,0.0,0.0,0.0,0.0,0.0,0.0,0.0,0.0,0.0,0.0,0.0,0.0,0.0,0.0,0.0,0.0,0.0,0.0,0.0,0.0,0.0,0.0,0.0,0.0,0.0,0.0,0.0,0.0,0.0,0.0,0.0,0.0,0.0,0.0,0.0,0.0,0.0,0.0,0.0,0.0,0.0,0.0,0.0,0.0,0.0,0.0,0.0,0.0,0.0,0.0,0.0,0.0,0.0,0.0,0.0,0.0,0.0,0.0,0.0,0.0,0.0,0.0,0.0,0.0,0.0,0.0,0.0,0.0,0.0,0.0,0.0,0.0,0.0,0.0
290,0.0,0.0,0.0,0.0,0.0,0.0,0.0,0.0,0.0,0.0,0.0,0.0,0.0,0.0,0.0,0.0,0.0,0.0,0.0,0.0,0.0,0.0,0.0,0.0,0.0,0.0,0.0,0.0,0.0,0.0,0.0,0.0,0.0,0.0,0.0,0.0,0.0,0.0,0.0,0.0,0.0,0.0,0.0,0.0,0.0,0.0,0.0,0.0,0.0,0.0,0.0,0.0,0.0,0.0,0.0,0.0,0.0,0.0,0.0,0.0,0.0,0.0,0.0,0.0,0.0,0.0,0.0,0.0,0.0,0.0,0.0,0.0,0.0,0.0,0.0,0.0,0.0,0.0,0.0,0.0,0.0,0.0,0.0,0.0,0.0,0.0,0.0,0.0,0.0,0.0,0.0,0.0,0.0,0.0,0.0,0.0,0.0,0.0,0.0,0.0,0.0,0.0,0.0,0.0,0.0,0.0,0.0,0.0
291,0.0,0.0,0.0,0.0,0.0,0.0,0.0,0.0,,0.0,,0.0,0.0,0.0,0.0,0.0,0.0,0.0,0.0,0.0,0.0,0.0,0.0,0.0,0.0,0.0,0.0,0.0,0.0,0.0,0.0,0.0,0.0,0.0,0.0,0.0,0.0,0.0,0.0,0.0,0.0,0.0,0.0,0.0,0.0,0.0,0.0,0.0,0.0,0.0,0.0,0.0,0.0,0.0,0.0,0.0,0.0,0.0,0.0,0.0,0.0,0.0,0.0,0.0,0.0,0.0,0.0,,0.0,0.0,0.0,0.0,0.0,0.0,0.0,0.0,0.0,0.0,0.0,0.0,0.0,0.0,0.0,0.0,0.0,0.0,0.0,0.0,0.0,0.0,0.0,0.0,0.0,0.0,0.0,0.0,,0.0,0.0,0.0,0.0,0.0,0.0,0.0,0.0,0.0,0.0,0.0
292,0.0,0.0,0.0,0.0,0.0,0.0,0.0,0.0,,0.0,,0.0,0.0,,0.0,0.0,0.0,0.0,0.0,0.0,0.0,0.0,0.0,,0.0,0.0,,0.0,0.0,0.0,0.0,,0.0,0.0,0.0,0.0,0.0,0.0,0.0,0.0,0.0,0.0,0.0,0.0,0.0,0.0,0.0,0.0,0.0,0.0,0.0,0.0,0.0,0.0,0.0,0.0,0.0,0.0,0.0,0.0,0.0,0.0,0.0,0.0,0.0,,0.0,,0.0,0.0,0.0,0.0,0.0,0.0,0.0,0.0,0.0,0.0,0.0,0.0,0.0,0.0,0.0,0.0,0.0,0.0,,0.0,0.0,0.0,0.0,0.0,,,0.0,0.0,,0.0,,0.0,0.0,0.0,0.0,0.0,0.0,0.0,,0.0
293,0.0,0.0,0.0,0.0,0.0,0.0,0.0,0.0,,0.0,,,0.0,,0.0,0.0,0.0,0.0,0.0,0.0,0.0,0.0,,,0.0,0.0,,,0.0,0.0,,,,0.0,0.0,0.0,0.0,0.0,0.0,0.0,0.0,0.0,,0.0,0.0,0.0,,,0.0,0.0,0.0,,0.0,0.0,0.0,0.0,0.0,,0.0,0.0,0.0,0.0,0.0,0.0,0.0,,0.0,,,0.0,0.0,0.0,0.0,0.0,0.0,0.0,,0.0,0.0,0.0,0.0,0.0,0.0,0.0,0.0,0.0,,0.0,0.0,0.0,0.0,0.0,,,0.0,0.0,,0.0,,0.0,0.0,0.0,,0.0,,,,0.0
294,0.0,0.0,0.0,,0.0,0.0,,0.0,,0.0,,,0.0,,,0.0,0.0,0.0,0.0,0.0,0.0,0.0,,,0.0,0.0,,,,,,,,0.0,0.0,0.0,0.0,0.0,,0.0,0.0,0.0,,0.0,0.0,,,,0.0,0.0,0.0,,0.0,0.0,0.0,0.0,0.0,,0.0,0.0,0.0,0.0,0.0,0.0,0.0,,0.0,,,0.0,0.0,0.0,0.0,0.0,0.0,0.0,,0.0,0.0,0.0,0.0,0.0,0.0,0.0,,,,0.0,,0.0,0.0,,,,0.0,0.0,,0.0,,0.0,0.0,0.0,,0.0,,0.0,,
295,0.0,0.0,0.0,0.0,0.0,0.0,,0.0,,0.0,,0.0,0.0,,,0.0,,0.0,,0.0,,,,,0.0,0.0,,0.0,,,,,,0.0,0.0,0.0,0.0,0.0,,0.0,0.0,0.0,,0.0,,,,,0.0,0.0,0.0,,0.0,,0.0,0.0,0.0,,0.0,0.0,0.0,0.0,0.0,,0.0,,0.0,,,,0.0,0.0,0.0,0.0,0.0,0.0,,0.0,0.0,0.0,0.0,0.0,0.0,0.0,,,,,,0.0,0.0,,,,0.0,0.0,,0.0,,0.0,,0.0,,0.0,0.0,0.0,,0.0
296,0.0,0.0,0.0,0.0,0.0,0.0,,,,0.0,,0.0,,,,,,,,0.0,,0.0,,,0.0,0.0,,,,,,,,0.0,0.0,0.0,0.0,0.0,,0.0,,0.0,,0.0,,,,,,0.0,0.0,,0.0,,,0.0,0.0,,0.0,0.0,0.0,0.0,0.0,,0.0,,0.0,,,,0.0,0.0,0.0,0.0,0.0,0.0,,0.0,,0.0,0.0,0.0,,0.0,,,,,,0.0,0.0,,,,0.0,0.0,,0.0,,,,0.0,,0.0,0.0,0.0,,0.0
297,0.0,0.0,0.0,0.0,0.0,0.0,,0.0,,0.0,,0.0,,,,,,0.0,0.0,0.0,,0.0,,,,0.0,,,,,0.0,,,0.0,0.0,,0.0,0.0,,0.0,,,,0.0,,,0.0,,,,0.0,,0.0,,0.0,0.0,,,,0.0,0.0,0.0,0.0,0.0,0.0,,0.0,,,,0.0,0.0,0.0,0.0,0.0,0.0,0.0,0.0,0.0,0.0,0.0,0.0,,0.0,,,,,,0.0,,,,,0.0,0.0,,0.0,,,,0.0,,0.0,0.0,0.0,,0.0
298,0.0,0.0,0.0,0.0,0.0,0.0,0.0,0.0,,0.0,0.0,0.0,0.0,,0.0,0.0,0.0,0.0,0.0,0.0,0.0,0.0,0.0,0.0,0.0,0.0,,0.0,0.0,0.0,0.0,0.0,0.0,0.0,0.0,0.0,0.0,0.0,,0.0,,0.0,0.0,0.0,0.0,0.0,0.0,0.0,0.0,0.0,0.0,0.0,0.0,0.0,0.0,0.0,0.0,0.0,0.0,0.0,0.0,0.0,0.0,0.0,0.0,0.0,0.0,0.0,0.0,0.0,0.0,0.0,0.0,0.0,0.0,0.0,0.0,0.0,0.0,0.0,0.0,0.0,0.0,0.0,0.0,0.0,,0.0,0.0,0.0,0.0,0.0,0.0,0.0,0.0,0.0,0.0,0.0,0.0,0.0,0.0,0.0,,0.0,0.0,0.0,0.0,0.0
299,0.0,0.0,0.0,,0.0,0.0,0.0,,,0.0,0.0,0.0,,,0.0,0.0,0.0,0.0,,0.0,0.0,0.0,,,,,0.0,,0.0,0.0,,0.0,,,0.0,0.0,0.0,,0.0,0.0,0.0,0.0,,0.0,0.0,,0.0,0.0,0.0,0.0,0.0,,0.0,,,,,0.0,0.0,,0.0,0.0,0.0,0.0,0.0,0.0,0.0,0.0,0.0,0.0,0.0,0.0,0.0,0.0,0.0,0.0,0.0,0.0,0.0,0.0,0.0,0.0,0.0,,,0.0,0.0,0.0,,0.0,0.0,0.0,,0.0,0.0,0.0,,,0.0,0.0,0.0,0.0,,0.0,0.0,0.0,,0.0
300,0.0,0.0,0.0,0.0,0.0,0.0,0.0,0.0,0.0,0.0,0.0,0.0,0.0,0.0,0.0,0.0,0.0,0.0,0.0,0.0,0.0,0.0,0.0,0.0,0.0,0.0,0.0,0.0,0.0,0.0,0.0,0.0,0.0,0.0,0.0,0.0,0.0,0.0,0.0,0.0,0.0,0.0,0.0,0.0,0.0,0.0,0.0,0.0,0.0,0.0,0.0,0.0,0.0,0.0,0.0,0.0,0.0,0.0,0.0,0.0,0.0,0.0,0.0,0.0,0.0,0.0,0.0,0.0,0.0,0.0,0.0,0.0,0.0,0.0,0.0,0.0,0.0,0.0,0.0,0.0,0.0,0.0,0.0,0.0,,0.0,0.0,0.0,0.0,0.0,0.0,0.0,0.0,0.0,0.0,0.0,0.0,0.0,0.0,0.0,0.0,0.0,0.0,0.0,0.0,0.0,0.0,0.0
301,0.0,0.0,0.0,0.0,0.0,0.0,0.0,0.0,0.0,0.0,0.0,0.0,0.0,0.0,0.0,0.0,0.0,0.0,0.0,0.0,0.0,0.0,0.0,0.0,0.0,0.0,0.0,0.0,0.0,0.0,0.0,0.0,0.0,0.0,0.0,0.0,0.0,0.0,0.0,0.0,0.0,0.0,0.0,0.0,0.0,0.0,0.0,0.0,0.0,0.0,0.0,0.0,0.0,0.0,0.0,0.0,0.0,0.0,0.0,0.0,0.0,0.0,0.0,0.0,0.0,0.0,0.0,0.0,0.0,0.0,0.0,0.0,0.0,0.0,0.0,0.0,0.0,0.0,0.0,0.0,0.0,0.0,0.0,0.0,0.0,0.0,0.0,0.0,0.0,0.0,0.0,0.0,0.0,0.0,0.0,0.0,0.0,0.0,0.0,0.0,0.0,0.0,0.0,0.0,0.0,0.0,0.0,0.0
302,0.0,0.0,0.0,0.0,0.0,0.0,0.0,0.0,0.0,0.0,0.0,0.0,0.0,10.023967742919922,0.0,0.0,0.0,0.0,0.0,0.0,0.0,0.0,0.0,0.0,0.0,0.0,0.0,0.0,0.0,0.0,0.0,0.0,0.0,0.0,0.0,0.0,0.0,0.0,0.0,0.0,0.0,0.0,0.0,0.0,0.0,0.0,0.0,0.0,0.0,0.0,0.0,0.0,0.0,0.0,0.0,0.0,0.0,0.0,0.0,0.0,0.0,0.0,0.0,0.0,0.0,0.0,0.0,0.0,0.0,0.0,0.0,0.0,0.0,0.0,0.0,0.0,0.0,0.0,0.0,0.0,0.0,0.0,0.0,0.0,,0.0,0.0,0.0,0.0,0.0,0.0,0.0,0.0,0.0,0.0,0.0,0.0,0.0,0.0,0.0,0.0,0.0,0.0,0.0,0.0,0.0,0.0,0.0
303,0.0,0.0,0.0,0.0,0.0,0.0,0.0,0.0,0.0,0.0,0.0,0.0,0.0,10.023967742919922,0.0,0.0,0.0,0.0,0.0,0.0,0.0,0.0,0.0,0.0,,0.0,0.0,0.0,0.0,0.0,0.0,0.0,0.0,0.0,0.0,0.0,0.0,0.0,,0.0,0.0,0.0,0.0,0.0,0.0,0.0,0.0,0.0,0.0,0.0,0.0,0.0,0.0,0.0,0.0,0.0,0.0,0.0,,0.0,0.0,0.0,0.0,0.0,0.0,0.0,0.0,0.0,0.0,0.0,0.0,0.0,0.0,0.0,0.0,0.0,0.0,0.0,0.0,0.0,0.0,0.0,0.0,0.0,,,0.0,0.0,,0.0,0.0,0.0,0.0,0.0,0.0,0.0,0.0,0.0,0.0,0.0,0.0,0.0,,0.0,0.0,0.0,0.0,0.0
304,0.0,0.0,0.0,0.0,0.0,0.0,0.0,0.0,0.0,0.0,0.0,0.0,0.0,,0.0,0.0,0.0,0.0,0.0,0.0,0.0,0.0,0.0,0.0,0.0,0.0,0.0,0.0,0.0,0.0,0.0,0.0,0.0,0.0,0.0,0.0,0.0,0.0,0.0,0.0,0.0,0.0,0.0,0.0,0.0,0.0,0.0,0.0,0.0,0.0,0.0,0.0,0.0,0.0,0.0,0.0,0.0,0.0,,0.0,0.0,0.0,0.0,0.0,0.0,0.0,0.0,0.0,0.0,0.0,0.0,0.0,0.0,0.0,0.0,0.0,0.0,0.0,0.0,0.0,0.0,0.0,0.0,0.0,0.0,,0.0,0.0,0.0,0.0,0.0,0.0,0.0,0.0,0.0,0.0,0.0,0.0,0.0,0.0,0.0,0.0,,0.0,0.0,0.0,0.0,0.0
305,0.0,0.0,0.0,0.0,0.0,0.0,0.0,0.0,0.0,0.0,0.0,0.0,0.0,,0.0,0.0,0.0,0.0,0.0,0.0,0.0,0.0,0.0,0.0,0.0,0.0,0.0,0.0,0.0,0.0,0.0,0.0,0.0,0.0,0.0,0.0,0.0,0.0,0.0,0.0,0.0,0.0,0.0,0.0,0.0,0.0,0.0,0.0,0.0,0.0,0.0,0.0,0.0,0.0,0.0,0.0,0.0,0.0,0.0,0.0,0.0,0.0,0.0,0.0,0.0,0.0,0.0,0.0,0.0,0.0,0.0,0.0,0.0,0.0,0.0,0.0,0.0,0.0,0.0,0.0,0.0,0.0,0.0,0.0,0.0,0.0,0.0,0.0,0.0,0.0,0.0,0.0,0.0,0.0,0.0,0.0,0.0,0.0,0.0,0.0,0.0,0.0,0.0,0.0,0.0,0.0,0.0,0.0
306,0.0,0.0,0.0,0.0,0.0,0.0,0.0,0.0,0.0,0.0,0.0,0.0,0.0,0.5495891571044922,0.0,0.0,0.0,0.0,0.0,0.0,0.0,0.0,0.0,0.0,0.9522113800048828,0.0,0.0,0.0,0.0,0.0,0.0,0.0,0.0,0.0,0.0,0.0,0.0,0.0,0.0,0.0,0.0,0.0,0.0,0.0,0.0,0.0,0.0,0.0,0.0,0.0,0.0,0.0,,0.0,0.0,0.0,0.0,0.0,0.0,0.0,0.0,0.0,0.0,0.0,0.0,0.0,0.0,0.0,0.0,0.0,0.0,0.0,0.0,0.0,0.0,0.0,0.0,0.0,0.0,0.0,0.0,0.0,0.0,0.0,0.0,0.7560520172119141,0.0,0.0,0.0,0.0,0.0,0.0,0.0,0.0,0.0,0.0,0.0,0.0,0.4211273193359375,0.0,0.0,0.0059642791748046875,0.49861907958984375,0.0,0.0,0.0,0.0,0.0
307,1.8506660461425781,0.0,0.0,0.0,0.0,0.0,0.0,0.0,,0.0,0.0,0.0,0.0,0.6232700347900391,0.0,,0.0,0.0,0.0,0.0,0.0,0.0,0.0,0.0,,0.0,0.0,0.0,0.0,0.0,0.0,0.0,0.0,0.0,0.0,0.0,0.0,0.0,0.0,0.0,0.0,0.0,0.0,0.0,0.5756664276123047,8.178773880004883,0.0,0.13899993896484375,0.0,0.0,0.0,0.0,,2.6732406616210938,0.0,0.0,0.0,0.0,,0.0,0.0,0.0,0.0,0.0,,0.0,0.0,0.0,0.1460113525390625,0.0,,0.0,0.0,0.0,0.0,0.0,0.0,0.0,0.0,0.0,0.0,0.0,7.402790069580078,0.0,0.0,0.7560520172119141,0.0,0.0,0.33866119384765625,,0.0,0.0,0.0,0.0,0.0,0.0,0.0,0.0,0.4211273193359375,0.0,0.6168861389160156,,,0.0,0.0,0.0,0.0,0.0
308,,0.0,,9.110414505004883,,0.0,0.0,0.0,,0.0,0.0,0.0,,,0.0,,0.0,,1.4258098602294922,10.375694274902344,0.0,0.0,0.0,8.061561584472656,,0.0964813232421875,0.0,0.0,0.0,,0.0,0.0,0.0,0.0,0.0,10.554527282714844,0.0,,0.0,0.0,0.0,0.0,0.0,,,,0.0,,0.0,0.0,0.0,0.0,,,,0.0,,0.0,,,0.0,0.0,0.0,0.0,,,0.0,0.0,,0.0,,,0.11986160278320312,,0.0,0.0,10.375694274902344,12.000328063964844,0.0,0.0,0.0,12.225196838378906,,7.089643478393555,12.496715545654297,0.6885643005371094,0.0,0.0,,,0.0,2.9522018432617188,8.061561584472656,10.826065063476562,0.0,0.0,0.0,1.5103034973144531,0.14943504333496094,0.0,,,,0.0,0.0,0.0,0.0,0.0
309,,,,,,0.0,,0.0,,,0.0,0.0,,,12.795402526855469,,10.306068420410156,,,,0.0,0.0,0.0,8.061561584472656,,,,0.0,,,,0.29550933837890625,0.0,,0.0,,0.09703254699707031,,,0.0,4.186790466308594,0.0,,,,,0.0,,,0.8051528930664062,,0.0,,,,,,,,,,,,,,,,,,0.0,,,,,0.0,,,,0.0,0.04851531982421875,,,,9.54566764831543,,,,,,,0.0,,,,2.3773975372314453,12.817878723144531,0.0,,,4.176996231079102,,,,,0.0,0.0,2.1592769622802734,0.0
310,,,,,,,,,,,1.5623416900634766,,,,,,,,,,6.9192962646484375,3.7022972106933594,11.472831726074219,,,,,0.0,,,,,0.0,,9.386014938354492,,,,,,,2.5422096252441406,,,,,9.99757194519043,,,7.636892318725586,,,,,,,,,,,,,,,,,,,,8.176507949829102,,,,,,,,,,,,,,,,,,,,,,,,,,,,,,,,,,,,7.622213363647461,,11.515602111816406
311,,,,,,,,,,,0.0,,,,,,,,,,,,,,,,,4.9459686279296875,,,,,0.0,,,,,,,,,,,,,,,,,,,,,,,,,,,,,,,,,,,,,,,,,,,,,,,,,,,,,,,,,,,,,,,,,,,,,,,,,,,
312,,,,,,,,,,,0.12747955322265625,,,,,,,,,,,,,,,,,,,,,,0.0,,,,,,,,,,,,,,,,,,,,,,,,,,,,,,,,,,,,,,,,,,,,,,,,,,,,,,,,,,,,,,,,,,,,,,,,,,,
313,,,,,,,,,,,0.0,,,,,,,,,,,,,,,,,,,,,,0.0,,,,,,,,,,,,,,,,,,,,,,,,,,,,,,,,,,,,,,,,,,,,,,,,,,,,,,,,,,,,,,,,,,,,,,,,,,,
314,,,,,,,,,,,0.0,,,,,,,,,,,,,,,,,,,,,,0.0,,,,,,,,,,,,,,,,,0.0,,,,,,,,,,,,,,,,,,,,,,,,,,,,,,,,,,,,,,,,,,,,,,,,,,,,,,,,,,
315,,,,,,,,,,,0.0,,,,,,,,,,,,,,,,,,,,,,0.0,,0.0,,,,,0.0,,,,,,,,,,0.0,,,,0.0,,,,,,,,,,,,,,,,,,,,,,,,,0.0,,,,,,,0.0,,,,,,,,,,,0.0,,1.6522789001464844,,,,,,,0.0,,
316,,,,,,,,,0.0,,0.0,,,,,,,,,,,,,,0.0,,,0.0,,,,,0.0,,0.0,,,,,0.0,,,,,0.0,,0.0,,,0.0,,0.0,,0.0,,,,,,,,,,,,,,,,0.0,,,,,,,0.0,,0.0,,,,,,,0.0,0.0,,,,,,,0.0,,,0.0,,0.0,,0.0,,0.0,,,0.0,,0.0
317,,,,0.0,,0.0,0.0,0.0,0.0,,0.0,,0.0,0.0,,,,,0.0,0.0,0.0,0.0,,0.0,0.0,0.0,0.0,0.0,,,0.0,,0.0,0.0,0.0,0.0,,,0.0,0.0,0.0,0.0,0.0,,0.0,,0.0,0.0,0.0,0.0,,0.0,,0.0,,,,0.0,,,0.0,0.0,,,,,,,,0.0,0.0,0.0,,,,,0.0,,0.0,0.0,0.0,,,,0.0,0.0,0.0,0.0,0.0,,,0.0,0.0,0.0,,,0.0,,0.0,,0.0,,0.0,0.0,0.0,0.0,,0.0
318,0.0,0.0,0.0,0.0,0.0,0.0,0.0,0.0,0.0,0.0,0.0,0.0,0.0,0.0,0.0,0.0,0.0,0.0,0.0,0.0,0.0,0.0,0.0,0.0,0.0,0.0,0.0,0.0,0.0,0.0,0.0,0.0,0.0,0.0,0.0,0.0,0.0,0.0,0.0,0.0,0.0,0.0,0.0,0.0,0.0,0.0,0.0,0.0,0.0,0.0,0.0,0.0,0.0,0.0,0.0,0.0,0.0,0.0,0.0,0.0,0.0,0.0,0.0,0.0,0.0,0.0,0.0,0.0,0.0,0.0,0.0,0.0,0.0,0.0,0.0,0.0,0.0,0.0,0.0,0.0,0.0,0.0,0.0,0.0,0.0,0.0,0.0,0.0,0.0,0.0,0.0,0.0,0.0,0.0,0.0,0.0,0.0,0.0,0.0,0.0,0.0,0.0,0.0,0.0,0.0,0.0,0.0,0.0
319,0.0,0.0,0.0,0.0,0.0,0.0,0.0,0.0,0.0,0.0,0.0,0.0,0.0,0.0,0.0,0.0,0.0,0.0,0.0,0.0,0.0,0.0,0.0,0.0,0.0,0.0,0.0,0.0,0.0,0.0,0.0,0.0,0.0,0.0,0.8114700317382812,0.0,0.0,0.0,0.0,,0.0,0.0,0.0,0.0,0.0,0.0,0.0,0.0,0.0,,0.0,0.0,0.0,0.0,0.0,0.0,0.0,0.0,0.0,0.0,0.0,0.0,0.0,0.0,0.0,0.0,0.0,0.0,0.0,0.0,0.0,0.0,0.0,0.0,0.0,0.0,0.0,0.0,0.0,0.0,0.0,0.0,0.0,0.0,0.0,0.0,0.0,0.0,0.0,0.0,0.0,0.0,0.0,0.0,0.0,0.0,0.0,0.0,0.0,0.0,0.0,0.0,0.0,0.0,0.0,0.0,0.0,0.0
320,0.0,0.0,0.0,0.0,0.0,0.0,0.0,0.0,0.0,0.0,,0.0,0.0,0.0,0.0,0.0,0.0,0.0,0.0,0.0,0.0,0.0,0.0,0.0,0.0,0.0,0.0,,0.0,0.0,0.0,0.0,,0.0,,0.0,0.0,0.0,0.0,,0.0,0.0,0.0,0.0,0.0,0.0,,0.0,0.0,,0.0,0.0,0.0,0.0,0.0,0.0,0.0,0.0,0.0,0.0,0.0,0.0,0.0,0.0,0.0,0.0,0.0,0.0,0.0,0.0,0.0,0.0,0.0,0.0,0.0,0.0,0.0,0.0,0.7634658813476562,0.0,0.0,0.0,0.0,0.0,0.0,,0.0,0.0,0.0,0.0,0.0,0.0,0.0,0.0,0.0,0.0,0.0,0.0,,0.0,0.0,0.0,0.0,0.0,0.0,0.0,0.0,0.0
321,0.0,0.0,0.0,2.3499832153320312,0.0,0.0,0.0,0.0,,0.0,,0.0,0.0,,,0.01421356201171875,,,0.0,0.0,,,0.0,0.0,,,,,0.0,,0.0,0.0,,0.0,,,0.0,,0.0,,,0.0,0.0,0.0,0.0,0.0,,0.0,,,0.0,0.0,0.0,0.0,0.0,0.47985267639160156,0.009370803833007812,,0.7449359893798828,0.0,0.3672218322753906,0.0,0.0,0.0,0.0,0.0,0.0,0.5393924713134766,0.0,0.066986083984375,0.0,,0.0,0.0,0.0,0.0,,0.0,,0.0,0.0,0.0,0.3482513427734375,0.0,,,,1.6391925811767578,0.0,0.0,,0.0,0.0,,0.0,,0.0,0.8393135070800781,,0.0,1.7917709350585938,0.2138214111328125,0.0,,0.0,,,
322,,0.36281776428222656,0.0,,,0.0,,,,,,,,,,,,,,3.480649948120117,,,,0.0,,,,,,,,,,,,,,,,,,,0.0,,,,,,,,,,0.0,,,,,,,,,,,,,,,0.5393924713134766,,,,,,,,,,,,,0.35761451721191406,,,,,,,1.6391925811767578,,,,,,,0.0,,,,,,,,,,,,,
323,,,,,,,,,,,,,,,,,,,,,,,,,,,,,,,,,,,,,,,,,,,,,,,,,,,,,,,,,,,,,,,,,,,,,,,,,,,,,,,,,,,,,,,,1.6391925811767578,,,,,,,,,,,,,,,,,,,,
324,,,,,,,,,,,,,,,,,,,,,,,,,,,,,,,,,,,,,,,,,,,,,,,,,,,,,,,,,,,,,,,,,,,,,,,,,,,,,,,,,,,,,,,,,,,,,,,,,,,,,,,,,,,,
325,,,,,,,,,,,,,,,,,,,,,,,,,,,,,,,,,,,,,,,,,,,,,,,,,,,,,,,,,,,,,,,,,,,,,,,,,,,,,,,,,,,,,,,,,,,,,,,,,,,,,,,,,,,,
326,,,,,,,,,,,,,,,,,,,,,,,,,,,,,,,,,,,,,,,,,,,,,,,,,,,,,,,,,,,,,,,,,,,,,,,,,,,,,,,,,,,,,,,,,,,,,,,,,,,,,,,,,,,,
327,,,,,,,,,,,,,,,,,,,,,,,,,,,,,,,,,,,,,,,,,,,,,,,,,,,,,,,,,,,,,,,,,,,,,,,,,,,,,,,,,,,,,,,,,,,,,,,,,,,,,,,,,,,,
328,,,,,,,,,,,,,,,,,,,,,,,,,,,,,,,,,,,,,,,,,,,,,,,,,,,,,,,,,,,,,,,,,,,,,,,,,,,,,,,,,,,,,,,,,,,,,,,,,,,,,,,,,,,,
329,,,,,,,,,,,,,,,,,,,,,,,,,,,,,,,,,,,,,,,,,,,,,,,,,,,,,,,,,,,,,,,,,,,,,,,,,,,,,,,,,,,,,,,,,,,,,,,,,,,,,,,,,,,,
330,,,,,,,,,,,,,,,,,,,,,,,,,,,,,,,,,,,,,,,,,,,,,,,,,,,,,,,,,,,,,,,,,,,,,,,,,,,,,,,,,,,,,,,,,,,,,,,,,,,,,,,,,,,,
331,,,,,,,,,,,,,,,,,,,,,,,,,,,,,,,,,,,,,,,,,,,,,,,,,,,,,,,,,,,,,,,,,,,,,,,,,,,,,,,,,,,,,,,,,,,,,,,,,,,,,,,,,,,,
332,,,,,,,,,,,,,,,,,,,,,,,,,,,,,,,,,,,,,,,,,,,,,,,,,,,,,,,,,,,,,,,,,,,,,,,,,,,,,,,,,,,,,,,,,,,,,,,,,,,,,,,,,,,,
333,,,,,,,,,,,,,,,,,,,,,,,,,,,,,,,,,,,,,,,,,,,,,,,,,,,,,,,,,,,,,,,,,,,,,,,,,,,,,,,,,,,,,,,,,,,,,,,,,,,,,,,,,,,,
334,,,,,,,,,,,,,,,,,,,,,,,,,,,,,,,,,,,,,,,,,,,,,,,,,,,,,,,,,,,,,,,,,,,,,,,,,,,,,,,,,,,,,,,,,,,,,,,,,,,,,,,,,,,,
335,,,,,,,,,,,,,,,,,,,,,,,,,,,,,,,,,,,,,,,,,,,,,,,,,,,,,,,,,,,,,,,,,,,,,,,,,,,,,,,,,,,,,,,,,,,,,,,,,,,,,,,,,,,,
336,,,,,,,,,,,,,,,,,,,,,,,,,,,,,,,,,,,,,,,,,,,,,,,,,,,,,,,,,,,,,,,,,,,,,,,,,,,,,,,,,,,,,,,,,,,,,,,,,,,,,,,,,,,,
337,,,,,,,,,,,,,,,,,,,,,,,,,,,,,,,,,,,,,,,,,,,,,,,,,,,,,,,,,,,,,,,,,,,,,,,,,,,,,,,,,,,,,,,,,,,,,,,,,,,,,,,,,,,,
338,,,,,,,,,,,,,,,,,,,,,,,,,,,,,,,,,,,,,,,,,,,,,,,,,,,,,,,,,,,,,,,,,,,,,,,,,,,,,,,,,,,,,,,,,,,,,,,,,,,,,,,,,,,,
339,,,,,,,,,,,,,,,,,,,,,,,,,,,,,,,,,,,,,,,,,,,,,,,,,,,,,,,,,,,,,,,,,,,,,,,,,,,,,,,,,,,,,,,,,,,,,,,,,,,,,,,,,,,,
340,,,,,,,,,,,,,,,,,,,,,,,,,,,,,,,,,,,,,,,,,,,,,,,,,,,,,,,,,,,,,,,,,,,,,,,,,,,,,,,,,,,,,,,,,,,,,,,,,,,,,,,,,,,,
341,,,,,,,,,,,,,,,,,,,,,,,,,,,,,,,,,,,,,,,,,,,,,,,,,,,,,,,,,,,,,,,,,,,,,,,,,,,,,,,,,,,,,,,,,,,,,,,,,,,,,,,,,,,,
342,,,,,,,,,,,,,,,,,,,,,,,,,,,,,,,,,,,,,,,,,,,,,,,,,,,,,,,,,,,,,,,,,,,,,,,,,,,,,,,,,,,,,,,,,,,,,,,,,,,,,,,,,,,,
343,,,,,,,,,,,,,,,,,,,,,,,,,,,,,,,,,,,,,,,,,,,,,,,,,,,,,,,,,,,,,,,,,,,,,,,,,,,,,,,,,,,,,,,,,,,,,,,,,,,,,,,,,,,,
344,,,,,,,,,,,,,,,,,,,,,,,,,,,,,,,,,,,,,,,,,,,,,,,,,,,,,,,,,,,,,,,,,,,,,,,,,,,,,,,,,,,,,,,,,,,,,,,,,,,,,,,,,,,,
345,,,,,,,,,,,,,,,,,,,,,,,,,,,,,,,,,,,,,,,,,,,,,,,,,,,,,,,,,,,,,,,,,,,,,,,,,,,,,,,,,,,,,,,,,,,,,,,,,,,,,,,,,,,,
346,,,,,,,,,,,,,,,,,,,,,,,,,,,,,,,,,,,,,,,,,,,,,,,,,,,,,,,,,,,,,,,,,,,,,,,,,,,,,,,,,,,,,,,,,,,,,,,,,,,,,,,,,,,,
347,,,,,,,,,,,,,,,,,,,,,,,,,,,,,,,,,,,,,,,,,,,,,,,,,,,,,,,,,,,,,,,,,,,,,,,,,,,,,,,,,,,,,,,,,,,,,,,,,,,,,,,,,,,,
348,,,,,,,,,,,,,,,,,,,,,,,,,,,,,,,,,,,,,,,,,,,,,,,,,,,,,,,,,,,,,,,,,,,,,,,,,,,,,,,,,,,,,,,,,,,,,,,,,,,,,,,,,,,,
349,,,,,,,,,,,,,,,,,,,,,,,,,,,,,,,,,,,,,,,,,,,,,,,,,,,,,,,,,,,,,,,,,,,,,,,,,,,,,,,,,,,,,,,,,,,,,,,,,,,,,,,,,,,,
350,,,,,,,,,,,,,,,,,,,,,,,,,,,,,,,,,,,,,,,,,,,,,,,,,,,,,,,,,,,,,,,,,,,,,,,,,,,,,,,,,,,,,,,,,,,,,,,,,,,,,,,,,,,,
351,,,,,,,,,,,,,,,,,,,,,,,,,,,,,,,,,,,,,,,,,,,,,,,,,,,,,,,,,,,,,,,,,,,,,,,,,,,,,,,,,,,,,,,,,,,,,,,,,,,,,,,,,,,,
352,,,,,,,,,,,,,,,,,,,,,,,,,,,,,,,,,,,,,,,,,,,,,,,,,,,,,,,,,,,,,,,,,,,,,,,,,,,,,,,,,,,,,,,,,,,,,,,,,,,,,,,,,,,,
353,,,,,,,,,,,,,,,,,,,,,,,,,,,,,,,,,,,,,,,,,,,,,,,,,,,,,,,,,,,,,,,,,,,,,,,,,,,,,,,,,,,,,,,,,,,,,,,,,,,,,,,,,,,,
354,,,,,,,,,,,,,,,,,,,,,,,,,,,,,,,,,,,,,,,,,,,,,,,,,,,,,,,,,,,,,,,,,,,,,,,,,,,,,,,,,,,,,,,,,,,,,,,,,,,,,,,,,,,,
355,,,,,,,,,,,,,,,,,,,,,,,,,,,,,,,,,,,,,,,,,,,,,,,,,,,,,,,,,,,,,,,,,,,,,,,,,,,,,,,,,,,,,,,,,,,,,,,,,,,,,,,,,,,,
356,,,,,,,,,,,,,,,,,,,,,,,,,,,,,,,,,,,,,,,,,,,,,,,,,,,,,,,,,,,,,,,,,,,,,,,,,,,,,,,,,,,,,,,,,,0.0,,,,,,,,,,,,,,,,,,
357,,,,,,,,,,,,,,,,,,,,,,,,,,,,,,,,,,,,,,,,,,,,,,,,,,,,,,,,,,,,,,,,,,,,,,,,,,,,,,,,,,,,,,,,,,0.0,,,,,,,,,,,,,,,,,,
358,,,,,,,,,,,,,,,,,,,,,,,,0.0,,,,,,,,,,,,,,,,,,,,,,,,,,,,,,,,,,,,,,,,,,,,,,,,,,,,,,,,,,,,,,,,,,0.0,,,,,,,,,,0.0,,,,,,,,
359,,,,,,,,,,,,,,,,,,,,,,,,0.0,0.0,,,,,,,0.0,,,0.0,,,,,,,,,,,,,,,,,,,,0.0,,,,,,,,,,,,,,,,,,,,,,,,,,,,,,,,,,,0.0,,,0.0,,,,,,,0.0,,,,,,,,
360,,0.0,,,,,,,,,,,,,,,,,,,,,,0.0,0.0,,,,,,,0.0,0.0,,0.0,0.0,,,,,,,,,,,,,,,,,,,0.0,,,,0.0,,,,,,,,,,,0.0,,,,,,,,,,,,,,,,,,,,0.0,,,0.0,0.0,,,,,,0.0,,,,,,,,
361,,0.0,,,,,,,,,,,,,,,,,,0.0,,,,,0.0,,,,,,,0.0,0.0,,0.0,0.0,,,,,,,,,,,,,,,,,,,0.0,,,,0.0,,,,,,,,,,,0.0,,,,0.0,,,,,,0.0,,,,0.0,,,,,,0.0,,,0.0,0.0,,,,,,0.0,,,,,,,,
362,,0.0,,,,,,,,,,,,,,,,,,0.0,,,,,0.0,,,,,,,0.0,0.0,,0.0,0.0,,,,,,,,,,,,0.0,,,,0.0,,,0.0,,0.0,0.0,0.0,,,,,0.0,,,,,,0.0,,0.0,,0.0,,,,,,0.0,,,0.0,0.0,,,,,,0.0,,,0.0,0.0,,,,,,0.0,,,,,,,,
363,,0.0,,,0.0,0.0,,,,,,,,,,,,,,0.0,,,,,0.0,,,,,,,0.0,0.0,,0.0,0.0,,,,,,0.0,,0.0,,,,0.0,,,,0.0,,,0.0,0.0,0.0,0.0,0.0,,,,,0.0,,,,,0.0,0.0,0.0,0.0,,0.0,,,,,,0.0,,,,0.0,,,,,0.0,,,0.0,0.0,0.0,,,,,,0.0,,,,,,,,0.0
364,,0.0,0.0,,0.0,0.0,0.0,,,,,,,,,,,,,0.0,0.0,,,,0.0,,,,,,,0.0,0.0,,0.0,0.0,0.0,,,,,0.0,,0.0,,,,0.0,,,,0.0,,,0.0,0.0,0.0,0.0,0.0,,,,,0.0,0.0,,,,0.0,0.0,0.0,0.0,,0.0,,,,,,0.0,,,,0.0,,,,,0.0,,,0.0,0.0,0.0,,,,,,0.0,,,,0.0,,0.0,,0.0
365,,0.0,0.0,,0.0,0.0,0.0,0.0,,,,,,,,,0.0,0.0,0.0,0.0,0.0,0.0,0.0,0.0,0.0,,,0.0,,,0.0,0.0,0.0,,0.0,0.0,0.0,,,,,0.0,,0.0,,0.0,,0.0,,,,0.0,,,0.0,0.0,0.0,0.0,0.0,,,,0.0,0.0,0.0,,0.0,,0.0,0.0,0.0,0.0,0.0,0.0,0.0,,,,,0.0,,,,0.0,,,,,0.0,,0.0,0.0,0.0,0.0,,,,,0.0,0.0,,,,0.0,0.0,0.0,0.0,0.0
366,,0.0,0.0,,0.0,0.0,0.0,0.0,,,,,,,,,0.0,0.0,0.0,0.0,0.0,0.0,0.0,0.0,0.0,,,0.0,0.0,,0.0,0.0,,0.0,0.0,0.0,0.0,,,,,0.0,,0.0,,0.0,,0.0,,,,0.0,,,0.0,0.0,0.0,0.0,0.0,,,,0.0,0.0,0.0,,0.0,,0.0,0.0,0.0,0.0,0.0,0.0,0.0,,,,,0.0,,,,0.0,,,,,0.0,,0.0,0.0,0.0,0.0,,,,,0.0,0.0,,0.0,,0.0,0.0,0.0,0.0,0.0
367,,0.0,0.0,,0.0,0.0,0.0,0.0,,,,,,,,,0.0,0.0,0.0,0.0,0.0,0.0,0.0,,,,,0.0,0.0,,0.0,0.0,,0.0,0.0,0.0,0.0,,,,,0.0,,0.0,,0.0,,0.0,,,,0.0,0.0,,0.0,0.0,0.0,0.0,0.0,,,,0.0,0.0,0.0,0.0,0.0,,0.0,0.0,0.0,0.0,0.0,,0.0,,,,,0.0,,,,0.0,,,,,0.0,,0.0,0.0,0.0,0.0,,,,,0.0,0.0,,0.0,,0.0,0.0,0.0,0.0,0.0
368,,,0.0,,0.0,0.0,0.0,0.0,,,,,,,,,0.0,0.0,0.0,0.0,0.0,0.0,0.0,,,,0.0,0.0,0.0,,0.0,0.0,,0.0,0.0,0.0,0.0,,,,,0.0,,0.0,,0.0,,0.0,,,,0.0,0.0,,0.0,0.0,0.0,0.0,0.0,,,,0.0,0.0,0.0,0.0,0.0,0.0,0.0,0.0,0.0,0.0,0.0,,0.0,,,,,0.0,,,,0.0,,,,,0.0,,0.0,0.0,0.0,,,,,,0.0,0.0,,0.0,,0.0,0.0,0.0,0.0,0.0
369,,,0.0,,0.0,0.0,0.0,0.0,,,,,,,,,0.0,0.0,0.0,0.0,0.0,0.0,0.0,,,,0.0,0.0,0.0,0.0,0.0,0.0,,0.0,0.0,0.0,0.0,,,,,0.0,,0.0,,0.0,,0.0,,,,,0.0,,0.0,0.0,0.0,0.0,0.0,0.0,,,0.0,0.0,0.0,0.0,0.0,0.0,0.0,0.0,0.0,0.0,0.0,,,,0.0,,,0.0,,,,0.0,,,,,0.0,,0.0,0.0,0.0,,,,,,0.0,0.0,,0.0,,0.0,0.0,0.0,0.0,0.0
370,,,0.0,0.0,0.0,0.0,0.0,0.0,,,,,,,,,0.0,0.0,0.0,0.0,0.0,0.0,0.0,,,,0.0,0.0,0.0,0.0,0.0,0.0,,0.0,0.0,0.0,0.0,,,,,0.0,,0.0,,0.0,,0.0,,,,,0.0,,0.0,0.0,0.0,0.0,0.0,0.0,,,0.0,0.0,0.0,0.0,0.0,0.0,0.0,0.0,0.0,0.0,0.0,,,,0.0,,,0.0,,,,0.0,,,,,0.0,,0.0,0.0,0.0,,,,,,0.0,0.0,0.0,0.0,,0.0,0.0,0.0,0.0,0.0
371,,,0.0,0.0,0.0,0.0,0.0,0.0,,,,,,,,,0.0,0.0,0.0,0.0,0.0,0.0,0.0,,,,0.0,0.0,0.0,0.0,0.0,0.0,,0.0,0.0,0.0,0.0,,,,,0.0,,0.0,,0.0,,0.0,,,,,0.0,,0.0,0.0,0.0,0.0,0.0,0.0,,,0.0,0.0,0.0,0.0,0.0,0.0,0.0,0.0,0.0,0.0,0.0,,,,0.0,,,0.0,,,,0.0,,,,,0.0,,0.0,0.0,0.0,,,,,,0.0,0.0,0.0,0.0,,0.0,0.0,0.0,0.0,0.0
372,,,0.0,0.0,0.0,0.0,0.0,0.0,,,,,,,,,0.0,0.0,0.0,0.0,0.0,0.0,0.0,,,,0.0,0.0,0.0,0.0,0.0,0.0,,0.0,0.0,0.0,0.0,,,,,0.0,,0.0,,0.0,,0.0,,,,,0.0,,0.0,0.0,0.0,0.0,0.0,0.0,0.0,,0.0,0.0,0.0,0.0,0.0,0.0,0.0,0.0,0.0,0.0,0.0,,,,0.0,,,0.0,,,,0.0,,,,,0.0,,0.0,0.0,0.0,,,,,,0.0,0.0,0.0,0.0,,0.0,0.0,0.0,0.0,0.0
373,,,0.0,0.0,0.0,0.0,0.0,0.0,,,,,,,,0.0,0.0,0.0,0.0,0.0,0.0,0.0,0.0,,,,0.0,0.0,0.0,0.0,0.0,0.0,,0.0,0.0,0.0,0.0,,,,,0.0,,0.0,,0.0,,0.0,,,,,0.0,,0.0,0.0,0.0,0.0,0.0,0.0,0.0,,0.0,0.0,0.0,0.0,0.0,0.0,0.0,0.0,0.0,0.0,0.0,,,,0.0,,,0.0,0.0,,,0.0,,,,,0.0,,0.0,0.0,0.0,,,,,,0.0,0.0,0.0,0.0,,0.0,0.0,0.0,0.0,0.0
374,,,0.0,0.0,0.0,0.0,0.0,0.0,,,,,,,,0.0,0.0,0.0,0.0,0.0,0.0,0.0,0.0,,,,0.0,0.0,0.0,0.0,0.0,,,0.0,0.0,0.0,0.0,,,,,0.0,,0.0,,0.0,,0.0,,,,,0.0,,0.0,0.0,0.0,0.0,0.0,0.0,0.0,0.0,0.0,0.0,0.0,0.0,0.0,0.0,0.0,0.0,0.0,0.0,0.0,,,,0.0,,,0.0,0.0,,,0.0,,,,,0.0,,0.0,0.0,0.0,0.0,,,,,0.0,0.0,0.0,0.0,0.0,0.0,0.0,0.0,0.0,0.0
375,,,0.0,0.0,0.0,0.0,0.0,0.0,,,,,,,,0.0,0.0,0.0,0.0,0.0,0.0,0.0,0.0,,,,0.0,0.0,0.0,0.0,0.0,,,0.0,0.0,0.0,0.0,,,0.0,,0.0,,0.0,,0.0,,0.0,,,,,0.0,,0.0,0.0,0.0,0.0,0.0,0.0,0.0,0.0,0.0,0.0,0.0,0.0,0.0,0.0,0.0,0.0,0.0,0.0,0.0,,,,0.0,,,0.0,0.0,,,0.0,,,,,0.0,,0.0,0.0,0.0,0.0,,,,,0.0,0.0,0.0,0.0,0.0,0.0,0.0,0.0,0.0,0.0
376,,,0.0,0.0,0.0,0.0,0.0,0.0,,,,,,,,0.0,0.0,0.0,0.0,0.0,0.0,0.0,0.0,0.0,,,0.0,0.0,0.0,0.0,0.0,,,0.0,0.0,0.0,0.0,,,,,,,0.0,,0.0,,0.0,,,,,0.0,,,0.0,0.0,,0.0,0.0,0.0,0.0,0.0,,0.0,0.0,0.0,0.0,0.0,0.0,0.0,0.0,0.0,,,,0.0,,,0.0,0.0,,,0.0,,,,,0.0,,0.0,0.0,0.0,,,,,,0.0,0.0,0.0,0.0,0.0,0.0,0.0,0.0,,0.0
377,,,0.0,0.0,0.0,0.0,0.0,0.0,,,,,,,,0.0,0.0,0.0,0.0,0.0,0.0,0.0,0.0,,,,0.0,0.0,0.0,0.0,0.0,,,0.0,0.0,0.0,0.0,,,0.0,,,,0.0,,0.0,,0.0,,,,,0.0,,0.0,0.0,0.0,,0.0,0.0,0.0,0.0,0.0,,0.0,0.0,0.0,0.0,0.0,0.0,0.0,0.0,0.0,,0.0,0.0,0.0,,,0.0,0.0,,,0.0,,,,,0.0,,0.0,0.0,0.0,0.0,,,,,0.0,0.0,0.0,0.0,0.0,0.0,0.0,0.0,,0.0
378,,,0.0,0.0,0.0,0.0,0.0,0.0,0.0,,,,,,,0.0,0.0,0.0,0.0,0.0,0.0,0.0,0.0,,,,0.0,0.0,0.0,0.0,0.0,,,0.0,0.0,0.0,0.0,,0.0,0.0,,0.0,,0.0,,0.0,,0.0,,,,,0.0,,0.0,0.0,0.0,,0.0,0.0,0.0,0.0,0.0,,0.0,0.0,0.0,0.0,0.0,0.0,0.0,0.0,0.0,,0.0,0.0,0.0,,,0.0,0.0,,,0.0,,,,,0.0,0.0,0.0,0.0,0.0,0.0,,,,,0.0,0.0,0.0,0.0,0.0,0.0,0.0,0.0,,0.0
379,,,0.0,0.0,0.0,0.0,0.0,0.0,0.0,,,,,,,0.0,0.0,0.0,0.0,0.0,0.0,0.0,0.0,,,,0.0,0.0,0.0,0.0,0.0,,0.0,0.0,0.0,0.0,0.0,,0.0,0.0,,0.0,,0.0,,0.0,,0.0,,,,,0.0,,0.0,0.0,0.0,,0.0,0.0,0.0,0.0,0.0,,0.0,0.0,0.0,0.0,0.0,0.0,0.0,0.0,0.0,,0.0,0.0,0.0,,,0.0,0.0,,,0.0,,,,,0.0,0.0,0.0,0.0,0.0,0.0,,,,,0.0,0.0,0.0,0.0,0.0,0.0,0.0,0.0,,0.0
380,,,0.0,0.0,0.0,0.0,0.0,0.0,0.0,,,,,,,0.0,0.0,0.0,0.0,0.0,0.0,0.0,0.0,,,,0.0,0.0,0.0,0.0,0.0,,0.0,0.0,0.0,0.0,0.0,,0.0,0.0,,0.0,0.0,0.0,,0.0,,0.0,,,,,0.0,,0.0,0.0,0.0,,0.0,0.0,0.0,0.0,0.0,,0.0,0.0,0.0,0.0,0.0,0.0,0.0,0.0,0.0,,0.0,0.0,0.0,,,0.0,0.0,,,0.0,,,,,0.0,0.0,0.0,0.0,0.0,0.0,,,,,0.0,0.0,0.0,0.0,0.0,0.0,0.0,0.0,0.0,0.0
381,,,0.0,0.0,0.0,0.0,0.0,0.0,0.0,,,,,,0.0,0.0,0.0,0.0,0.0,0.0,0.0,0.0,0.0,,,0.0,0.0,0.0,0.0,0.0,0.0,,0.0,0.0,0.0,0.0,0.0,,0.0,0.0,,0.0,0.0,0.0,,0.0,,0.0,,,,,0.0,,0.0,0.0,0.0,,0.0,0.0,0.0,0.0,0.0,,0.0,0.0,0.0,0.0,0.0,0.0,0.0,0.0,0.0,,0.0,0.0,0.0,,,0.0,0.0,,,0.0,,,,,0.0,0.0,0.0,0.0,0.0,0.0,,,,,0.0,0.0,0.0,0.0,0.0,0.0,0.0,0.0,0.0,0.0
382,,,0.0,0.0,0.0,0.0,0.0,0.0,0.0,,,,,,0.0,0.0,0.0,0.0,0.0,0.0,0.0,0.0,0.0,,,0.0,0.0,0.0,0.0,0.0,0.0,,0.0,0.0,0.0,0.0,0.0,,0.0,0.0,,0.0,0.0,0.0,,0.0,,0.0,,,,,0.0,,0.0,0.0,0.0,,0.0,0.0,0.0,0.0,0.0,,0.0,0.0,0.0,0.0,0.0,0.0,0.0,0.0,0.0,,0.0,0.0,0.0,,,0.0,0.0,,,0.0,,,,,0.0,0.0,0.0,0.0,0.0,0.0,,,,,0.0,0.0,0.0,0.0,0.0,0.0,0.0,0.0,0.0,0.0
383,,,0.0,0.0,0.0,0.0,0.0,0.0,0.0,,,,,,0.0,0.0,0.0,0.0,0.0,0.0,0.0,0.0,0.0,,,0.0,0.0,0.0,0.0,0.0,0.0,,0.0,0.0,0.0,0.0,0.0,,0.0,0.0,,0.0,0.0,0.0,,0.0,,0.0,,,,,0.0,,0.0,0.0,0.0,,0.0,0.0,0.0,0.0,0.0,,0.0,0.0,0.0,0.0,0.0,0.0,0.0,0.0,0.0,,0.0,0.0,0.0,,,0.0,0.0,,,0.0,,0.0,,,0.0,0.0,0.0,0.0,0.0,0.0,,,,,0.0,0.0,0.0,0.0,0.0,0.0,0.0,0.0,0.0,0.0
384,,,0.0,0.0,0.0,0.0,0.0,0.0,0.0,,,,0.0,,0.0,0.0,0.0,0.0,0.0,0.0,0.0,0.0,0.0,,,0.0,0.0,0.0,0.0,0.0,0.0,,0.0,0.0,0.0,0.0,0.0,,0.0,0.0,,0.0,0.0,0.0,,0.0,,0.0,,,,,0.0,,0.0,0.0,0.0,,0.0,0.0,0.0,0.0,0.0,,0.0,0.0,0.0,0.0,0.0,0.0,0.0,0.0,0.0,,0.0,0.0,0.0,,,0.0,0.0,,,0.0,,0.0,,,0.0,0.0,0.0,0.0,0.0,0.0,,,,,0.0,0.0,0.0,0.0,0.0,0.0,0.0,0.0,0.0,0.0
385,,,0.0,0.0,0.0,0.0,0.0,0.0,0.0,,,,0.0,,0.0,0.0,0.0,0.0,0.0,0.0,0.0,0.0,0.0,,,0.0,0.0,0.0,0.0,0.0,0.0,,0.0,0.0,0.0,0.0,0.0,,0.0,0.0,,0.0,0.0,0.0,,0.0,,0.0,,,,,0.0,,0.0,0.0,0.0,,0.0,0.0,0.0,0.0,0.0,,0.0,0.0,0.0,0.0,0.0,0.0,0.0,0.0,0.0,,0.0,0.0,0.0,,,0.0,0.0,,,0.0,,0.0,,,0.0,0.0,0.0,0.0,0.0,0.0,,,,,0.0,0.0,0.0,0.0,0.0,0.0,0.0,0.0,0.0,0.0
386,,,0.0,0.0,0.0,0.0,0.0,0.0,0.0,,,,0.0,,0.0,0.0,0.0,0.0,0.0,0.0,0.0,0.0,0.0,,,0.0,0.0,0.0,0.0,0.0,0.0,,0.0,0.0,0.0,0.0,0.0,,0.0,0.0,,0.0,0.0,0.0,,0.0,,0.0,,,,,0.0,,0.0,0.0,0.0,,0.0,0.0,0.0,0.0,0.0,,0.0,0.0,0.0,0.0,0.0,0.0,0.0,0.0,0.0,,0.0,0.0,0.0,,,0.0,0.0,,,0.0,,0.0,,,0.0,0.0,0.0,0.0,0.0,0.0,,,,,0.0,0.0,0.0,0.0,0.0,0.0,0.0,0.0,0.0,0.0
387,,,0.0,0.0,0.0,0.0,0.0,0.0,0.0,,,,0.0,,0.0,0.0,0.0,0.0,0.0,0.0,0.0,0.0,0.0,,,0.0,0.0,0.0,0.0,0.0,0.0,,0.0,0.0,0.0,0.0,0.0,,0.0,0.0,,0.0,0.0,0.0,,0.0,,0.0,,,,,0.0,,0.0,0.0,0.0,,0.0,0.0,0.0,0.0,0.0,,0.0,0.0,0.0,0.0,0.0,0.0,0.0,0.0,0.0,,0.0,0.0,0.0,,,0.0,0.0,,,0.0,,0.0,,,0.0,0.0,0.0,0.0,0.0,0.0,,,,,0.0,0.0,0.0,0.0,0.0,0.0,0.0,0.0,0.0,0.0
388,,,0.0,0.0,0.0,0.0,0.0,0.0,0.0,,,,0.0,,0.0,0.0,0.0,0.0,0.0,0.0,0.0,0.0,0.0,,,0.0,0.0,0.0,0.0,0.0,0.0,,0.0,0.0,0.0,0.0,0.0,,0.0,0.0,,0.0,0.0,0.0,,0.0,,0.0,,,,,0.0,,0.0,0.0,0.0,,0.0,0.0,0.0,0.0,0.0,,0.0,0.0,0.0,0.0,0.0,0.0,0.0,0.0,0.0,,0.0,0.0,0.0,,,0.0,0.0,,,0.0,,0.0,,,0.0,0.0,0.0,0.0,0.0,0.0,,,,,0.0,0.0,0.0,0.0,0.0,0.0,0.0,0.0,0.0,0.0
389,,,0.0,0.0,0.0,0.0,0.0,0.0,0.0,,,,0.0,,0.0,0.0,0.0,0.0,0.0,0.0,0.0,0.0,0.0,,,0.0,0.0,0.0,0.0,0.0,0.0,,0.0,0.0,0.0,0.0,0.0,,0.0,0.0,,0.0,0.0,0.0,,0.0,,0.0,,,,,0.0,,0.0,0.0,0.0,,0.0,0.0,0.0,0.0,0.0,,0.0,0.0,0.0,0.0,0.0,0.0,0.0,0.0,0.0,,0.0,0.0,0.0,,,0.0,0.0,,,0.0,,0.0,0.0,,0.0,0.0,0.0,0.0,0.0,0.0,,,,,0.0,0.0,0.0,0.0,0.0,0.0,0.0,0.0,0.0,0.0
390,0.0,,0.0,0.0,0.0,0.0,0.0,0.0,0.0,,,,0.0,,0.0,0.0,0.0,0.0,0.0,0.0,0.0,0.0,0.0,,,0.0,0.0,0.0,0.0,0.0,0.0,,0.0,0.0,0.0,0.0,0.0,,0.0,0.0,,0.0,0.0,0.0,,0.0,,0.0,,,,,0.0,0.0,0.0,0.0,0.0,,0.0,0.0,0.0,0.0,0.0,,0.0,0.0,0.0,0.0,0.0,0.0,0.0,0.0,0.0,0.0,0.0,0.0,0.0,,,0.0,0.0,,,0.0,,0.0,0.0,,0.0,0.0,0.0,0.0,0.0,0.0,,,,,0.0,0.0,0.0,0.0,0.0,0.0,0.0,0.0,0.0,0.0
391,0.0,0.0,0.0,0.0,0.0,0.0,0.0,0.0,0.0,0.0,,,0.0,,0.0,0.0,0.0,0.0,0.0,0.0,0.0,0.0,0.0,,,0.0,0.0,0.0,0.0,0.0,0.0,0.0,0.0,0.0,0.0,0.0,0.0,,0.0,0.0,,0.0,0.0,0.0,,0.0,,0.0,,,0.0,,0.0,0.0,0.0,0.0,0.0,,0.0,0.0,0.0,0.0,0.0,,0.0,0.0,0.0,0.0,0.0,0.0,0.0,0.0,0.0,0.0,0.0,0.0,0.0,,,0.0,0.0,,,0.0,,0.0,0.0,,0.0,0.0,0.0,0.0,0.0,0.0,,,,,0.0,0.0,0.0,0.0,0.0,0.0,0.0,0.0,0.0,0.0
392,0.0,0.0,0.0,0.0,0.0,0.0,0.0,0.0,0.0,0.0,0.0,0.0,0.0,,0.0,0.0,0.0,0.0,0.0,0.0,0.0,0.0,0.0,0.0,,0.0,0.0,0.0,0.0,0.0,0.0,0.0,0.0,0.0,0.0,0.0,0.0,0.0,0.0,0.0,0.0,0.0,0.0,0.0,0.0,0.0,0.0,0.0,0.0,0.0,0.0,0.0,0.0,0.0,0.0,0.0,0.0,0.0,0.0,0.0,0.0,0.0,0.0,0.0,0.0,0.0,0.0,0.0,0.0,0.0,0.0,0.0,0.0,0.0,0.0,0.0,0.0,,,0.0,0.0,,,0.0,,0.0,0.0,,0.0,0.0,0.0,0.0,0.0,0.0,,,0.0,0.0,0.0,0.0,0.0,0.0,0.0,0.0,0.0,0.0,0.0,0.0
393,0.0,0.0,0.0,0.0,0.0,0.0,0.0,0.0,0.0,0.0,0.0,0.0,0.0,0.0,0.0,0.0,0.0,0.0,0.0,0.0,0.0,0.0,0.0,0.0,,0.0,0.0,0.0,0.0,0.0,0.0,0.0,0.0,0.0,0.0,0.0,0.0,0.0,0.0,0.0,0.0,0.0,0.0,0.0,0.0,0.0,0.0,0.0,0.0,0.0,0.0,0.0,0.0,0.0,0.0,0.0,0.0,0.0,0.0,0.0,0.0,0.0,0.0,0.0,0.0,0.0,0.0,0.0,0.0,0.0,0.0,0.0,0.0,0.0,0.0,0.0,0.0,,0.0,0.0,0.0,,,0.0,,0.0,0.0,0.0,0.0,0.0,0.0,0.0,0.0,0.0,0.0,0.0,0.0,0.0,0.0,0.0,0.0,0.0,0.0,0.0,0.0,0.0,0.0,0.0
394,0.0,0.0,0.0,0.0,0.0,0.0,0.0,0.0,0.0,0.0,0.0,0.0,0.0,0.0,0.0,0.0,0.0,0.0,0.0,0.0,0.0,0.0,0.0,0.0,,0.0,0.0,0.0,0.0,0.0,0.0,0.0,0.0,0.0,0.0,0.0,0.0,0.0,0.0,0.0,0.0,0.0,0.0,0.0,0.0,0.0,0.0,0.0,0.0,0.0,0.0,0.0,0.0,0.0,0.0,0.0,0.0,0.0,0.0,0.0,0.0,0.0,0.0,0.0,0.0,0.0,0.0,0.0,0.0,0.0,0.0,0.0,0.0,0.0,0.0,0.0,0.0,,0.0,0.0,0.0,,,0.0,,0.0,0.0,0.0,0.0,0.0,0.0,0.0,0.0,0.0,0.0,0.0,0.0,0.0,0.0,0.0,0.0,0.0,0.0,0.0,0.0,0.0,0.0,0.0
395,0.0,0.0,0.0,0.0,0.0,0.0,0.0,0.0,0.0,0.0,0.0,0.0,0.0,0.0,0.0,0.0,0.0,0.0,0.0,0.0,0.0,0.0,0.0,0.0,,0.0,0.0,0.0,0.0,0.0,0.0,0.0,0.0,0.0,0.0,0.0,0.0,0.0,0.0,0.0,0.0,0.0,0.0,0.0,0.0,0.0,0.0,0.0,0.0,0.0,0.0,0.0,0.0,0.0,0.0,0.0,0.0,0.0,0.0,0.0,0.0,0.0,0.0,0.0,0.0,0.0,0.0,0.0,0.0,0.0,0.0,0.0,0.0,0.0,0.0,0.0,0.0,,0.0,0.0,0.0,,,0.0,,0.0,0.0,0.0,0.0,0.0,0.0,0.0,0.0,0.0,0.0,0.0,0.0,0.0,0.0,0.0,0.0,0.0,0.0,0.0,0.0,0.0,0.0,0.0
396,0.0,0.0,0.0,0.0,0.0,0.0,0.0,0.0,,0.0,0.0,0.0,0.0,0.0,0.0,0.0,0.0,0.0,0.0,0.0,0.0,0.0,0.0,0.0,,0.0,0.0,0.0,0.0,0.0,0.0,0.0,0.0,0.0,0.0,0.0,0.0,0.0,0.0,0.0,0.0,0.0,0.0,0.0,0.0,0.0,0.0,0.0,0.0,0.0,0.0,0.0,0.0,0.0,0.0,0.0,0.0,0.0,0.0,0.0,0.0,0.0,0.0,0.0,0.0,0.0,0.0,0.0,0.0,0.0,0.0,0.0,0.0,0.0,0.0,0.0,0.0,,0.0,0.0,0.0,,,0.0,,0.0,0.0,0.0,0.0,0.0,0.0,0.0,0.0,0.0,0.0,0.0,0.0,0.0,0.0,0.0,0.0,0.0,0.0,0.0,0.0,0.0,0.0,0.0
397,0.0,0.0,0.0,0.0,0.0,0.0,0.0,0.0,,0.0,0.0,0.0,0.0,0.0,0.0,0.0,0.0,0.0,0.0,0.0,0.0,0.0,0.0,0.0,,0.0,0.0,0.0,0.0,0.0,0.0,0.0,0.0,0.0,0.0,0.0,0.0,0.0,0.0,0.0,0.0,0.0,0.0,0.0,0.0,0.0,0.0,0.0,0.0,0.0,0.0,0.0,0.0,0.0,0.0,0.0,0.0,0.0,0.0,0.0,0.0,0.0,0.0,0.0,0.0,0.0,0.0,0.0,0.0,0.0,0.0,0.0,0.0,0.0,0.0,0.0,0.0,,0.0,0.0,0.0,,,0.0,,0.0,0.0,0.0,0.0,0.0,0.0,0.0,0.0,0.0,0.0,0.0,0.0,0.0,0.0,0.0,0.0,0.0,0.0,0.0,0.0,0.0,0.0,0.0
398,0.0,0.0,0.0,0.0,0.0,0.0,0.0,0.0,,0.0,0.0,0.0,0.0,0.0,0.0,0.0,0.0,0.0,0.0,0.0,0.0,0.0,0.0,0.0,,0.0,0.0,0.0,0.0,0.0,0.0,0.0,0.0,0.0,0.0,0.0,0.0,0.0,0.0,0.0,0.0,0.0,0.0,0.0,0.0,0.0,0.0,0.0,0.0,0.0,0.0,0.0,0.0,0.0,0.0,0.0,0.0,0.0,0.0,0.0,0.0,0.0,0.0,0.0,0.0,0.0,0.0,0.0,0.0,0.0,0.0,0.0,0.0,0.0,0.0,0.0,0.0,,0.0,0.0,0.0,,,0.0,,0.0,0.0,0.0,0.0,0.0,0.0,0.0,0.0,0.0,0.0,0.0,0.0,0.0,0.0,0.0,0.0,0.0,0.0,0.0,0.0,0.0,0.0,0.0
399,0.0,0.0,0.0,0.0,0.0,0.0,0.0,0.0,,0.0,0.0,0.0,0.0,0.0,0.0,0.0,0.0,0.0,0.0,0.0,0.0,0.0,0.0,0.0,,0.0,0.0,0.0,0.0,0.0,0.0,0.0,0.0,0.0,0.0,0.0,0.0,0.0,0.0,0.0,0.0,0.0,0.0,0.0,0.0,0.0,0.0,0.0,0.0,0.0,0.0,0.0,0.0,0.0,0.0,0.0,0.0,0.0,0.0,0.0,0.0,0.0,0.0,0.0,0.0,0.0,0.0,0.0,0.0,0.0,0.0,0.0,0.0,0.0,0.0,0.0,0.0,,0.0,0.0,0.0,,,0.0,,0.0,0.0,0.0,0.0,0.0,0.0,0.0,0.0,0.0,0.0,0.0,0.0,0.0,0.0,0.0,0.0,0.0,0.0,0.0,0.0,0.0,0.0,0.0
400,0.0,0.0,0.0,0.0,0.0,0.0,0.0,0.0,,0.0,0.0,0.0,0.0,0.0,0.0,0.0,0.0,0.0,0.0,0.0,0.0,0.0,0.0,0.0,,0.0,0.0,0.0,0.0,0.0,0.0,0.0,0.0,0.0,0.0,0.0,0.0,0.0,0.0,0.0,0.0,0.0,0.0,0.0,0.0,0.0,0.0,0.0,0.0,0.0,0.0,0.0,0.0,0.0,0.0,0.0,0.0,0.0,0.0,0.0,0.0,0.0,0.0,0.0,0.0,0.0,0.0,0.0,0.0,0.0,0.0,0.0,0.0,0.0,0.0,0.0,0.0,,0.0,0.0,0.0,0.0,,0.0,0.0,0.0,0.0,0.0,0.0,0.0,0.0,0.0,0.0,0.0,0.0,0.0,0.0,0.0,0.0,0.0,0.0,0.0,0.0,0.0,0.0,0.0,0.0,0.0
401,0.0,0.0,0.0,0.0,0.0,0.0,0.0,0.0,,0.0,0.0,0.0,0.0,0.0,0.0,0.0,0.0,0.0,0.0,0.0,0.0,0.0,0.0,0.0,,0.0,0.0,0.0,0.0,0.0,0.0,0.0,0.0,0.0,0.0,0.0,0.0,0.0,0.0,0.0,0.0,0.0,0.0,0.0,0.0,0.0,0.0,0.0,0.0,0.0,0.0,0.0,0.0,0.0,0.0,0.0,0.0,0.0,0.0,0.0,0.0,0.0,0.0,0.0,0.0,0.0,0.0,0.0,0.0,0.0,0.0,0.0,0.0,0.0,0.0,0.0,0.0,,0.0,0.0,0.0,0.0,0.0,0.0,0.0,0.0,0.0,0.0,0.0,0.0,0.0,0.0,0.0,0.0,0.0,0.0,0.0,0.0,0.0,0.0,0.0,0.0,0.0,0.0,0.0,0.0,0.0,0.0
402,0.0,0.0,0.0,0.0,0.0,0.0,0.0,0.0,,0.0,0.0,0.0,0.0,0.0,0.0,0.0,0.0,0.0,0.0,0.0,0.0,0.0,0.0,0.0,,0.0,0.0,0.0,0.0,0.0,0.0,0.0,0.0,0.0,0.0,0.0,0.0,0.0,0.0,0.0,0.0,0.0,0.0,0.0,0.0,0.0,0.0,0.0,0.0,0.0,0.0,0.0,0.0,0.0,0.0,0.0,0.0,0.0,0.0,0.0,0.0,0.0,0.0,0.0,0.0,0.0,0.0,0.0,0.0,0.0,0.0,0.0,0.0,0.0,0.0,0.0,0.0,,0.0,0.0,0.0,0.0,0.0,0.0,0.0,0.0,0.0,0.0,0.0,0.0,0.0,0.0,0.0,0.0,0.0,0.0,0.0,0.0,0.0,0.0,0.0,0.0,0.0,0.0,0.0,0.0,0.0,0.0
403,0.0,0.0,0.0,0.0,0.0,0.0,0.0,0.0,,0.0,0.0,0.0,0.0,0.0,0.0,0.0,0.0,0.0,0.0,0.0,0.0,0.0,0.0,0.0,0.0,0.0,0.0,0.0,0.0,0.0,0.0,0.0,0.0,0.0,0.0,0.0,0.0,0.0,0.0,0.0,0.0,0.0,0.0,0.0,0.0,0.0,0.0,0.0,0.0,0.0,0.0,0.0,0.0,0.0,0.0,0.0,0.0,0.0,0.0,0.0,0.0,0.0,0.0,0.0,0.0,0.0,0.0,0.0,0.0,0.0,0.0,0.0,0.0,0.0,0.0,0.0,0.0,,0.0,0.0,0.0,0.0,0.0,0.0,0.0,0.0,0.0,0.0,0.0,0.0,0.0,0.0,0.0,0.0,0.0,0.0,0.0,0.0,0.0,0.0,0.0,0.0,0.0,0.0,0.0,0.0,0.0,0.0
404,0.0,0.0,0.0,0.0,0.0,0.0,0.0,0.0,,0.0,0.0,0.0,0.0,0.0,0.0,0.0,0.0,0.0,0.0,0.0,0.0,0.0,0.0,0.0,0.0,0.0,0.0,0.0,0.0,0.0,0.0,0.0,0.0,0.0,0.0,0.0,0.0,0.0,0.0,0.0,0.0,0.0,0.0,0.0,0.0,0.0,0.0,0.0,0.0,0.0,0.0,0.0,0.0,0.0,0.0,0.0,0.0,0.0,0.0,0.0,0.0,0.0,0.0,0.0,0.0,0.0,0.0,0.0,0.0,0.0,0.0,0.0,0.0,0.0,0.0,0.0,0.0,,0.0,0.0,0.0,0.0,0.0,0.0,0.0,0.0,0.0,0.0,0.0,0.0,0.0,0.0,0.0,0.0,0.0,0.0,0.0,0.0,0.0,0.0,0.0,0.0,0.0,0.0,0.0,0.0,0.0,0.0
405,0.0,0.0,0.0,0.0,0.0,0.0,0.0,0.0,,0.0,0.0,0.0,0.0,0.0,0.0,0.0,0.0,0.0,0.0,0.0,0.0,0.0,0.0,0.0,0.0,0.0,0.0,0.0,0.0,0.0,0.0,0.0,0.0,0.0,0.0,0.0,0.0,0.0,0.0,0.0,0.0,0.0,0.0,0.0,0.0,0.0,0.0,0.0,0.0,0.0,0.0,0.0,0.0,0.0,0.0,0.0,0.0,0.0,0.0,0.0,0.0,0.0,0.0,0.0,0.0,0.0,0.0,0.0,0.0,0.0,0.0,0.0,0.0,0.0,0.0,0.0,0.0,,0.0,0.0,0.0,0.0,0.0,0.0,0.0,0.0,0.0,0.0,0.0,0.0,0.0,0.0,0.0,0.0,0.0,0.0,0.0,0.0,0.0,0.0,0.0,0.0,0.0,0.0,0.0,0.0,0.0,0.0
406,0.0,0.0,0.0,0.0,0.0,0.0,0.0,0.0,,0.0,0.0,0.0,0.0,0.0,0.0,0.0,0.0,0.0,0.0,0.0,0.0,0.0,0.0,0.0,0.0,0.0,0.0,0.0,0.0,0.0,0.0,0.0,0.0,0.0,0.0,0.0,0.0,0.0,0.0,0.0,0.0,0.0,0.0,0.0,0.0,0.0,0.0,0.0,0.0,0.0,0.0,0.0,0.0,0.0,0.0,0.0,0.0,0.0,0.0,0.0,0.0,0.0,0.0,0.0,0.0,0.0,0.0,0.0,0.0,0.0,0.0,0.0,0.0,0.0,0.0,0.0,0.0,,0.0,0.0,0.0,0.0,0.0,0.0,0.0,0.0,0.0,0.0,0.0,0.0,0.0,0.0,0.0,0.0,0.0,0.0,0.0,0.0,0.0,0.0,0.0,0.0,0.0,0.0,0.0,0.0,0.0,0.0
407,0.0,0.0,0.0,0.0,0.0,0.0,0.0,0.0,,0.0,0.0,0.0,0.0,0.0,0.0,0.0,0.0,0.0,0.0,0.0,0.0,0.0,0.0,0.0,0.0,0.0,0.0,0.0,0.0,0.0,0.0,0.0,0.0,0.0,0.0,0.0,0.0,0.0,0.0,0.0,0.0,0.0,0.0,0.0,0.0,0.0,0.0,0.0,0.0,0.0,0.0,0.0,0.0,0.0,0.0,0.0,0.0,0.0,0.0,0.0,0.0,0.0,0.0,0.0,0.0,0.0,0.0,0.0,0.0,0.0,0.0,0.0,0.0,0.0,0.0,0.0,0.0,,0.0,0.0,0.0,0.0,0.0,0.0,0.0,0.0,0.0,0.0,0.0,0.0,0.0,0.0,0.0,0.0,0.0,0.0,0.0,0.0,0.0,0.0,0.0,0.0,0.0,0.0,0.0,0.0,0.0,0.0
408,0.0,0.0,0.0,0.0,0.0,0.0,0.0,0.0,,0.0,0.0,0.0,0.0,0.0,0.0,0.0,0.0,0.0,0.0,0.0,0.0,0.0,0.0,0.0,0.0,0.0,0.0,0.0,0.0,0.0,0.0,0.0,0.0,0.0,0.0,0.0,0.0,0.0,0.0,0.0,0.0,0.0,0.0,0.0,0.0,0.0,0.0,0.0,0.0,0.0,0.0,0.0,0.0,0.0,0.0,0.0,0.0,0.0,0.0,0.0,0.0,0.0,0.0,0.0,0.0,0.0,0.0,0.0,0.0,0.0,0.0,0.0,0.0,0.0,0.0,0.0,0.0,,0.0,0.0,0.0,0.0,0.0,0.0,0.0,0.0,0.0,0.0,0.0,0.0,0.0,0.0,0.0,0.0,0.0,0.0,0.0,0.0,0.0,0.0,0.0,0.0,0.0,0.0,0.0,0.0,0.0,0.0
409,0.0,0.0,0.0,0.0,0.0,0.0,0.0,0.0,,0.0,0.0,0.0,0.0,0.0,0.0,0.0,0.0,0.0,0.0,0.0,0.0,0.0,0.0,0.0,0.0,0.0,0.0,0.0,0.0,0.0,0.0,0.0,0.0,0.0,0.0,0.0,0.0,0.0,0.0,0.0,0.0,0.0,0.0,0.0,0.0,0.0,0.0,0.0,0.0,0.0,0.0,0.0,0.0,0.0,0.0,0.0,0.0,0.0,0.0,0.0,0.0,0.0,0.0,0.0,0.0,0.0,0.0,0.0,0.0,0.0,0.0,0.0,0.0,0.0,0.0,0.0,0.0,0.0,0.0,0.0,0.0,0.0,0.0,0.0,0.0,0.0,0.0,0.0,0.0,0.0,0.0,0.0,0.0,0.0,0.0,0.0,0.0,0.0,0.0,0.0,0.0,0.0,0.0,0.0,0.0,0.0,0.0,0.0
410,0.0,0.0,0.0,0.0,0.0,0.0,0.0,0.0,,0.0,0.0,0.0,0.0,0.0,0.0,0.0,0.0,0.0,0.0,0.0,0.0,0.0,0.0,0.0,0.0,0.0,0.0,0.0,0.0,0.0,0.0,0.0,0.0,0.0,0.0,0.0,0.0,0.0,0.0,0.0,0.0,0.0,0.0,0.0,0.0,0.0,0.0,0.0,0.0,0.0,0.0,0.0,0.0,0.0,0.0,0.0,0.0,0.0,0.0,0.0,0.0,0.0,0.0,0.0,0.0,0.0,0.0,0.0,0.0,0.0,0.0,0.0,0.0,0.0,0.0,0.0,0.0,0.0,0.0,0.0,0.0,0.0,0.0,0.0,0.0,0.0,0.0,0.0,0.0,0.0,0.0,0.0,0.0,0.0,0.0,0.0,0.0,0.0,0.0,0.0,0.0,0.0,0.0,0.0,0.0,0.0,0.0,0.0
411,0.0,0.0,0.0,0.0,0.0,0.0,0.0,0.0,,0.0,0.0,0.0,0.0,0.0,0.0,0.0,0.0,0.0,0.0,0.0,0.0,0.0,0.0,0.0,0.0,0.0,0.0,0.0,0.0,0.0,0.0,0.0,0.0,0.0,0.0,0.0,0.0,0.0,0.0,0.0,0.0,0.0,0.0,0.0,0.0,0.0,0.0,0.0,0.0,0.0,0.0,0.0,0.0,0.0,0.0,0.0,0.0,0.0,0.0,0.0,0.0,0.0,2.1556854248046875,0.0,0.0,0.0,0.0,0.0,0.0,0.0,0.0,0.0,0.0,0.0,0.0,0.0,0.0,0.0,0.0,0.0,0.0,0.0,0.0,0.0,0.0,0.0,0.0,0.0,0.0,0.0,0.0,0.0,0.0,0.0,0.0,0.0,0.0,0.0,0.0,0.0,0.0,0.0,0.0,0.0,0.0,0.0,0.0,0.0
412,0.0,0.0,0.0,7.046379089355469,0.0,0.0,0.0,0.0,,0.0,0.0,0.0,0.0,0.0,0.0,0.0,0.0,0.0,0.0,0.0,0.0,0.0,0.0,0.0,0.0,0.0,1.2479629516601562,0.0,0.0,0.0,0.0,0.0,0.0,0.0,0.0,0.0,0.0,0.0,0.0,0.0,0.0,0.0,0.0,0.0,0.0,0.0,1.277963638305664,0.0,0.0,0.0,0.0,0.0,0.0,0.0,0.0,0.0,0.0,1.4922599792480469,0.0,0.0,0.0,0.0,,0.0,0.0,0.0,0.0,0.0,0.0,0.0,0.0,0.0,0.0,0.0,0.0,0.0,0.0,0.0,0.0,0.0,0.0,0.0,0.0,0.0,0.0,0.8781166076660156,0.0,0.0,0.0,0.0,,0.0,0.0,0.0,0.0,0.0,0.0,0.0,0.0,,4.520454406738281,0.0,0.0,0.0,0.0,0.0,0.0,0.0
413,11.03519058227539,0.0,0.0,,3.1410179138183594,0.0,0.0,0.0,0.0,6.696254730224609,0.0,0.0,0.0,0.0,0.0,0.0,0.0,0.0,0.0,0.0,0.0,0.0,0.0,0.0,6.121494293212891,0.0,0.3190727233886719,1.7779560089111328,0.0,1.4357681274414062,0.0,0.0,0.4057350158691406,0.4299468994140625,0.0,0.0,0.0,0.0,0.0,0.6427059173583984,0.0,0.0,0.0,0.0,11.106746673583984,0.0,4.582830429077148,0.0,0.000118255615234375,0.0,0.0,0.0,0.0,0.0,0.0,0.0,0.0,0.0,0.0,0.0,0.0002384185791015625,0.0,,0.0,0.0,0.0,0.0,0.4057350158691406,0.0,0.0,0.0,0.4903392791748047,0.0,0.0,0.0,0.0,0.0,0.0,0.0,0.0,0.0,0.0,0.0,0.0,0.0,4.804533004760742,0.0,0.000118255615234375,0.0,0.0,,0.0,0.0,0.0,0.0,0.0,0.0,0.0,0.0,,,0.324737548828125,1.7779560089111328,0.0,0.0,0.0,0.0,0.0
414,6.121494293212891,0.0,0.0,,3.1410179138183594,0.0,0.0,0.0,0.0,6.696254730224609,0.0,0.0,0.0,0.0,0.0,0.0,0.0,0.0,0.0,0.0,0.0,0.0,0.0,0.0,6.121494293212891,0.0,1.6465129852294922,1.7779560089111328,0.0,1.8402900695800781,0.0,0.0,0.4057350158691406,0.0,0.0,0.0,0.0,0.0,0.0,2.937868118286133,0.0,0.098480224609375,0.0,0.0,11.106746673583984,0.0,0.0,0.0,0.000118255615234375,0.0,0.0,0.0,0.04228401184082031,0.0,0.0,0.0,0.0,0.0,0.0,0.0,0.0002384185791015625,0.0,,0.0,0.0,0.0,0.0,0.4057350158691406,0.0,0.0,0.0,4.158420562744141,0.0,0.0,0.0,0.0,0.0,0.0,0.0,0.0,0.0,0.0,0.0,0.0,0.0,4.804533004760742,0.0,0.000118255615234375,0.0,0.0,,0.0,0.0,0.0,0.0,0.0,0.0,0.0,0.0,0.2689628601074219,3.8380355834960938,0.324737548828125,0.4599018096923828,0.0,0.0,0.0,0.0,0.0
415,5.986118316650391,0.12400436401367188,0.0,,3.1410179138183594,0.0,0.0,0.0,0.0,,0.0,0.0,0.0,0.0,0.0,0.0,0.0,0.0,0.0,0.0,0.0,0.0,0.3013496398925781,0.0,3.190725326538086,0.0,1.6465129852294922,3.2246856689453125,0.0,2.191801071166992,0.0,0.0,0.4057350158691406,0.0,0.0,0.9006080627441406,0.9006080627441406,0.0,0.0,2.937868118286133,0.0,0.098480224609375,0.0,0.0,9.522890090942383,0.0,0.0,0.0,0.000118255615234375,0.0,0.0,0.0,0.04228401184082031,0.0,0.0,0.0,0.0,0.0,0.0,0.0,0.0002384185791015625,0.0,5.910942077636719,0.0,0.0,0.0,0.0,0.4057350158691406,0.0,0.0,0.0,4.158420562744141,0.0,0.0,0.0,0.0,0.0,0.0,0.0,0.9335613250732422,0.0,0.0,0.0,0.0,0.0,7.549800872802734,0.0,0.000118255615234375,0.0,0.0,,0.0,0.0,0.0,0.3247184753417969,0.0,0.0,0.0,0.0,4.158420562744141,3.8380355834960938,2.1686325073242188,0.0,0.0,0.0,0.0,0.0,0.0
416,,0.0,0.0,,,0.0,0.0,0.0,0.0,,0.0,0.5222702026367188,0.0,0.0,0.0,0.0,0.0,0.0,0.0,0.0,0.0,0.0,0.12400436401367188,0.24776840209960938,1.8874340057373047,0.0,6.246776580810547,,0.0,1.0445384979248047,0.0,0.0,0.9917964935302734,0.3247184753417969,0.0,0.9006080627441406,0.9006080627441406,0.0,0.0,1.3014259338378906,0.0,1.3043861389160156,0.0,0.0,1.7070331573486328,0.0,0.0,0.24801254272460938,0.0,0.0,0.0,0.0,0.04228401184082031,0.0,0.0,0.0,0.3247184753417969,0.0,0.12400436401367188,0.0,0.4508781433105469,0.0,2.715282440185547,0.0,0.0,0.0,0.0,0.0,0.0,0.0,0.1969623565673828,2.8335323333740234,0.0,0.0,0.0,0.0,0.0,0.0,0.0,0.5257530212402344,0.0,0.0,0.0,0.0,0.0,1.9632415771484375,0.0,0.49602317810058594,0.0,4.094654083251953,,0.0,0.0,0.0,0.3247184753417969,0.0,0.0,0.0,0.0,0.0,0.0,0.4540290832519531,0.0,0.0,0.0,0.0,0.0,0.0
417,,0.0,,0.0,,0.0,0.0,0.0,0.0,,0.0,,0.0,0.0,0.0,0.0,0.0,0.09861373901367188,0.0,0.0,0.0,0.0,0.0,0.0,0.0,0.0,,,0.0,0.0,0.0,0.09861373901367188,3.147857666015625,0.8281230926513672,0.0,1.1528491973876953,,0.0,0.0,,0.0,,0.0,,8.534299850463867,0.0,0.18169593811035156,,0.0,0.0,0.0,0.0,3.147857666015625,0.0,0.0,0.0,1.6568737030029297,0.0,0.3777008056640625,0.0,0.018787384033203125,0.0,,1.0445384979248047,0.0,0.0,0.0,0.0,0.0,0.0,,,0.0,0.0,0.0,0.0,0.09861373901367188,0.0,0.0,,3.147857666015625,0.0,0.0,0.0,0.0,,0.0,0.0,0.0,4.094654083251953,0.199798583984375,0.0,0.0,0.0,3.932178497314453,0.0,0.0,0.0,0.0,0.0,0.0,0.0,0.0,0.0,0.0,0.0,0.0,0.0
418,,0.0,,0.0,,0.0,0.0,0.0,0.0,,0.0,0.0,0.0,0.0,0.0,0.0,,,0.018787384033203125,,0.0,0.0,0.0,0.0,0.0,0.0,0.03757286071777344,,0.0,0.0,0.0,,,,0.0,,,0.0,0.0,,0.0,,0.0,,,0.0,0.0,,,0.0,0.0,0.0,,0.0,0.0,0.0,,0.0,,,0.018787384033203125,0.0,,,0.0,0.0,0.0,,0.0,,,,0.0,0.0,0.0,0.0,0.0,0.0,0.0,,,,0.0,0.0,0.0,,0.0,0.0,0.0,,0.0,0.0,0.0,0.0,,,0.0,0.0,0.0,0.0,0.0,0.0,0.0,0.0,0.0,0.0,,0.0
419,,0.0,,,,0.0,0.0,0.0,0.0,,0.0,0.0,0.0,0.0,0.0,,,,,,0.0,,0.0,0.0,0.0,0.0,0.0,,0.0,0.0,0.0,,,,0.0,,,0.0,0.0,,0.0,,0.0,,,0.0,0.0,,,0.0,,0.0,,0.0,0.0,0.0,,0.0,,,0.018787384033203125,0.0,,,,0.0,0.0,,0.0,,0.0,,,0.0,0.0,0.0,0.0,0.0,0.0,,,,0.0,0.0,0.0,,0.0,0.0,0.0,,0.0,0.0,,0.0,,,0.0,0.0,0.0,0.0,0.0,0.0,0.0,0.0,0.0,0.0,,0.0
420,,0.0,,,,0.0,0.0,0.0,0.0,,0.0,0.0,0.0,0.0,0.0,,,,,,0.0,,0.0,0.0,0.0,0.0,0.0,,0.0,0.0,0.0,,,,0.0,,,0.0,0.0,,0.0,,0.0,,,0.0,0.0,,,0.0,,0.0,,0.0,0.0,0.0,,0.0,,,0.018787384033203125,0.0,,,,0.0,0.0,,0.0,,0.0,,,0.0,0.0,0.0,0.0,0.0,0.0,,,,0.0,0.0,0.0,,0.0,0.0,0.0,,0.0,0.0,,0.0,,,0.0,0.0,0.0,0.0,0.0,0.0,0.0,0.0,0.0,0.0,,0.0
421,,0.0,,,,0.0,0.0,0.0,0.0,,0.0,0.0,0.0,0.0,0.0,,,,,,0.0,,0.0,0.0,0.0,0.0,0.0,,0.0,0.0,0.0,,,,0.0,,,0.0,0.0,,0.0,,0.0,,,0.0,0.0,,,0.0,,0.0,,0.0,0.0,0.0,,0.0,,,0.018787384033203125,0.0,,,,0.0,0.0,,0.0,,0.0,,,0.0,0.0,0.0,0.0,0.0,0.0,,,,0.0,0.0,0.0,,0.0,0.0,0.0,,0.0,0.0,,0.0,,,0.0,0.0,0.0,0.0,0.0,0.0,0.0,0.0,0.0,0.0,,0.0
422,0.0,0.0,,0.0,,0.0,0.0,0.0,0.0,,0.0,0.0,0.0,0.0,0.0,,,,0.0,,0.0,,0.0,0.0,0.0,0.0,0.0,,0.0,0.0,0.0,,,,0.0,,,0.0,0.0,,0.0,,0.0,,,0.0,0.0,,0.0,0.0,,0.0,,0.0,0.0,0.0,,,,0.0,,0.0,,,,0.0,0.0,,0.0,,0.0,,0.0,0.0,0.0,0.0,0.0,0.0,0.0,0.0,,,0.0,0.0,0.0,,0.0,0.0,0.0,,0.0,0.0,0.0,0.0,,,0.0,0.0,0.0,0.0,0.0,0.0,0.0,0.0,0.0,0.0,,0.0
423,,0.0,,0.0,,0.0,0.0,0.0,0.0,,0.0,0.0,0.0,0.0,0.0,,,0.0,,,0.0,,0.0,0.0,0.0,0.0,,,0.0,0.0,0.0,,,0.0,0.0,,,,0.0,,0.0,,0.0,,,0.0,0.0,,,0.0,,0.0,,0.0,0.0,0.0,,,,0.0,,0.0,,,,0.0,0.0,0.0,0.0,,,,,0.0,,0.0,0.0,0.0,0.0,0.0,,,0.0,0.0,0.0,,0.0,0.0,0.0,,0.0,0.0,,0.0,,,0.0,0.0,0.0,0.0,0.0,0.0,0.0,0.0,0.0,0.0,,0.0
424,0.0,0.0,,0.0,,0.0,0.0,0.0,0.0,,0.0,0.0,0.0,0.0,0.0,,0.0,0.0,0.0,,0.0,,,0.0,0.0,0.0,0.0,,0.0,0.0,0.0,,,,0.0,,,0.0,0.0,,0.0,,0.0,,,0.0,0.0,,0.0,0.0,,0.0,,0.0,0.0,0.0,,,0.0,0.0,,0.0,,,,0.0,0.0,0.0,0.0,,0.0,,,0.0,0.0,0.0,0.0,,0.0,0.0,,,0.0,0.0,0.0,,0.0,0.0,0.0,,0.0,0.0,0.0,0.0,,,0.0,0.0,0.0,0.0,0.0,0.0,0.0,0.0,0.0,0.0,,0.0
425,0.0,0.0,,0.0,,0.0,0.0,0.0,0.0,,0.0,0.0,0.0,0.0,0.0,,0.0,0.0,0.0,,0.0,0.0,,0.0,0.0,0.0,0.0,,0.0,,0.0,,,,0.0,,,0.0,0.0,,0.0,,0.0,,,0.0,0.0,0.0,0.0,0.0,,0.0,0.0,0.0,0.0,0.0,,,0.0,0.0,,0.0,,,,0.0,0.0,0.0,0.0,,0.0,,0.0,0.0,0.0,0.0,0.0,,0.0,0.0,,0.0,0.0,0.0,0.0,0.0,0.0,0.0,0.0,,0.0,0.0,0.0,0.0,,,0.0,0.0,0.0,0.0,0.0,0.0,0.0,0.0,0.0,0.0,,0.0
426,0.0,0.0,0.0,0.0,,0.0,0.0,0.0,0.0,,0.0,0.0,0.0,0.0,0.0,,0.0,0.0,0.0,0.0,0.0,0.0,,0.0,0.0,0.0,0.0,,0.0,0.0,0.0,,,,0.0,,,0.0,0.0,,0.0,,0.0,0.0,,0.0,0.0,0.0,0.0,0.0,0.0,0.0,0.0,0.0,0.0,0.0,0.0,,0.0,0.0,,0.0,,0.0,,,0.0,0.0,0.0,,0.0,,0.0,0.0,0.0,0.0,0.0,0.0,0.0,0.0,0.0,0.0,0.0,0.0,0.0,0.0,0.0,0.0,0.0,,0.0,0.0,0.0,0.0,0.0,0.0,0.0,0.0,0.0,0.0,0.0,0.0,0.0,0.0,0.0,0.0,0.0,0.0
427,0.0,0.0,0.0,0.0,,0.0,0.0,0.0,0.0,,0.0,0.0,0.0,0.0,0.9612751007080078,,0.0,0.0,0.0,0.0,0.0,0.0,0.0,0.0,0.0,0.0,0.0,,0.0,0.0,0.0,0.0,0.0,,0.0,,,0.0,0.0,,0.0,,0.0,0.0,,0.0,0.0,0.0,0.0,0.0,0.0,0.0,0.0,0.0,0.0,0.0,0.0,,0.0,0.0,,0.0,0.0,0.0,,0.0,0.0,0.0,0.0,0.0,0.0,0.0,0.0,0.0,0.0,0.0,0.0,0.0,0.0,0.0,0.0,0.0,0.0,0.0,0.0,0.0,0.0,0.0,0.0,0.0,0.0,0.0,0.0,0.0,0.0,0.0,0.0,0.0,0.0,0.0,0.0,0.0,0.0,0.0,0.0,0.0,0.0,0.0
428,0.0,0.0,0.0,0.0,,0.0,0.0,0.0,0.0,0.0,0.0,0.0,0.0,0.0,0.9612751007080078,,0.0,0.0,0.0,0.0,0.0,0.0,0.0,0.0,0.0,0.0,0.0,,0.0,0.0,0.0,0.0,0.0,,0.0,0.0,,0.0,0.0,,0.0,,0.0,0.0,,0.0,0.0,0.0,0.0,0.0,0.0,0.0,0.0,0.0,0.0,0.0,0.0,,0.0,0.0,,0.0,0.0,0.0,,0.0,0.0,0.0,0.0,0.0,0.0,0.0,0.0,0.0,0.0,0.0,0.0,0.0,0.0,0.0,0.0,0.0,0.0,0.0,0.0,0.0,0.0,0.0,0.0,0.0,0.0,0.0,0.0,0.0,0.0,0.0,0.0,0.0,0.0,0.0,0.0,0.0,0.0,0.0,0.0,0.0,0.0,0.0
429,0.0,0.0,0.0,0.0,0.0,0.0,0.0,0.0,0.0,0.0,0.0,0.0,0.0,0.0,0.9612751007080078,,0.0,0.0,0.0,0.0,0.0,0.0,0.0,0.0,0.0,0.0,0.0,,0.0,0.0,0.0,0.0,0.0,,0.0,0.0,,0.0,0.0,,0.0,0.0,0.0,0.0,,0.0,0.0,0.0,0.0,0.0,0.0,0.0,0.0,0.0,0.0,0.0,0.0,,0.0,0.0,0.0,0.0,0.0,0.0,0.0,0.0,0.0,0.0,0.0,0.0,0.0,0.0,0.0,0.0,0.0,0.0,0.0,0.0,0.0,0.0,0.0,0.0,0.0,0.0,0.0,0.0,0.0,0.0,0.0,0.0,0.0,0.0,0.0,0.0,0.0,0.0,0.0,0.0,0.0,0.0,0.0,0.0,0.0,0.0,0.0,0.0,0.0,0.0
430,0.0,0.0,0.0,0.0,0.0,0.0,0.0,0.0,0.0,1.0,0.0,0.0,0.0,0.0,0.9612751007080078,0.0,0.0,0.0,0.0,0.0,0.0,0.0,0.0,0.0,0.0,0.0,0.0,0.0,0.0,0.0,0.0,0.0,0.0,0.0,0.0,0.0,0.0,0.0,0.0,,0.0,0.0,0.0,0.0,1.0,0.0,0.0,0.9105072021484375,0.0,0.0,0.0,0.0,0.0,0.0,0.0,0.0,0.0,0.0,0.0,0.0,0.0,0.0,0.0,0.0,0.0,0.0,0.0,0.0,0.0,0.0,0.0,0.0,0.0,0.0,0.0,0.0,0.0,0.0,0.0,0.0,0.0,0.0,0.0,0.0,0.0,0.0,0.0,0.0,0.0,0.0,0.0,0.0,0.0,0.0,0.0,0.8411960601806641,0.0,0.0,0.0,0.0,0.0,0.0,0.0,0.0,0.0,0.0,0.0,0.0
431,0.09482192993164062,0.0,0.0,0.0,0.17962265014648438,0.0,0.0,0.0,0.0,1.0,0.0,0.0,0.0,0.0,0.9612751007080078,0.6106510162353516,0.0,0.0,0.0,0.0,0.0,0.0,0.0,0.0,0.0,0.0,0.0,0.0,0.0,0.0,0.0,0.0,0.0,0.7830047607421875,0.0,0.0,1.0,0.0,0.0,,0.0,0.0,0.0,0.0,1.0,0.0,0.0,0.9105072021484375,0.0,0.0,0.0,0.0,0.0,0.0,0.0,0.0,0.0,1.0,0.0,0.0,0.0,0.0,0.0,0.0,0.0,0.0,0.0,0.0,0.0,0.0,0.0,0.0,0.0,0.0,0.0,0.0,0.0,0.0,0.0,0.0,0.0,0.0,0.0,0.0,0.0,0.0,0.0,0.0,0.0,0.0,0.0,0.0,0.0,0.0,0.0,0.8411960601806641,0.0,0.0,0.0,0.0,0.0,0.0,0.0,0.0,0.0,0.0,0.6208229064941406,0.0
432,0.0,0.0,0.0,0.0,0.0,0.0,0.0,0.0,0.0,0.0,0.0,0.0,0.0,0.0,0.0,0.0,0.0,0.0,0.0,0.0,0.0,0.0,0.0,0.0,0.0,0.0,0.0,0.0,0.0,0.0,0.0,0.0,0.0,0.7830047607421875,0.0,0.0,0.0,0.0,0.0,0.0,0.0,0.0,0.0,0.0,0.0,0.0,0.0,0.0,0.0,0.0,0.0,0.0,0.0,0.0,0.0,0.0,0.0,0.05064582824707031,0.0,0.0,0.0,0.0,0.0,0.0,0.0,0.0,0.0,0.0,0.0,0.0,0.0,0.0,0.0,0.0,0.0,0.0,0.0,0.0,0.0,0.0,0.0,0.0,0.0,0.0,0.0,0.0,0.0,0.19251251220703125,0.0,0.0,0.0,0.0,0.0,0.0,0.0,0.8411960601806641,0.0,0.0,0.0,0.0,0.0,0.0,0.0,0.0,0.0,0.0,0.0,0.0
433,0.0,0.0,0.0,0.0,0.0,0.0,0.0,0.09301948547363281,0.0,0.0,0.0,0.0,0.0,0.0,0.0,0.0,0.0,0.0,0.0,0.4933795928955078,0.0,0.0,0.0,0.0,0.0,0.0,0.0,0.4269294738769531,0.0,0.0,0.0,0.0,0.0,0.7830047607421875,0.0,0.0,0.0,0.0,0.0,0.0,0.0,0.0,0.0,0.0,0.0,0.0,0.0,0.0,0.0,0.0,0.12866592407226562,0.0,0.0,0.0,0.0,0.0,0.0,0.05064582824707031,0.0,0.0,0.0,0.0,0.0,0.0,0.0,0.0,0.0,0.0,0.0,0.0,0.0,0.0,0.0,0.0,0.0,0.0,0.0,0.0,0.0,0.0,0.0,0.0,0.0,0.0,0.0,0.0,0.0,0.19251251220703125,0.0,0.3248634338378906,0.0,0.0,0.0,0.0,0.0,0.8411960601806641,0.0,0.0,0.0,0.0,0.0,0.0,0.0,0.0,0.0,0.0,0.0,0.0
434,0.0,0.0,0.0,0.0,0.0,0.0,0.0,0.0,0.0,0.0,0.0,0.0,0.0,0.0,0.0,0.0,0.0,0.0,0.0,0.4933795928955078,0.0,0.0,0.0,0.0,0.0,0.0,0.0,0.4269294738769531,0.0,0.0,0.0,0.0,0.0,0.0,0.0,0.0,0.0,0.0,0.0,0.0,0.0,0.0,0.0,0.0,0.0,0.0,0.0,0.0,0.0,0.0,0.0,0.0,0.0,0.0,0.0,0.0,0.0,0.05064582824707031,0.0,0.0,0.0,0.0,0.0,0.0,0.0,0.0,0.0,0.0,0.0,0.0,0.0,0.0,0.0,0.0,0.0,0.0,0.0,0.0,0.0,0.0,0.0,0.0,0.0,0.0,0.0,0.0,0.0,0.0,0.0,0.18654441833496094,0.0,0.0,0.0,0.0,0.0,0.10546684265136719,0.0,0.0,0.0,0.0,0.0,0.0,0.0,0.0,0.0,0.0,0.0,0.0
435,0.0,0.0,0.0,0.0,0.0,0.0,0.0,0.0,0.0,0.0,0.0,0.0,0.0,0.0,0.0,0.0,0.0,0.0,0.0,0.4933795928955078,0.0,0.0,0.0,0.0,0.0,0.0,0.0,0.4269294738769531,0.0,0.0,0.0,0.0,0.0,0.0,0.0,0.0,0.0,0.0,0.0,0.0,0.0,0.0,0.0,0.0,0.0,0.0,0.0,0.0,0.0,0.0,0.0,0.0,0.0,0.0,0.0,0.0,0.0,0.0,0.0,0.0,0.0,0.0,0.0,0.0,0.0,0.0,0.0,0.0,0.0,0.0,0.0,0.0,0.0,0.0,0.0,0.0,0.0,0.0,0.0,0.0,0.0,0.0,0.0,0.0,0.0,0.0,0.0,0.0,0.0,0.0,0.0,0.0,0.0,0.0,0.0,0.0,0.0,0.0,0.0,0.0,0.0,0.0,0.0,0.0,0.0,0.0,0.0,0.0
436,0.0,0.0,0.0,0.0,0.0,0.0,0.0,0.0,0.0,0.0,0.0,0.0,0.0,0.0,0.0,0.0,0.0,0.0,0.0,0.0,0.0,0.0,0.0,0.0,0.0,0.0,0.0,0.0,0.0,0.0,0.0,0.0,0.0,0.0,0.0,0.0,0.0,0.0,0.0,0.0,0.0,0.0,0.0,0.0,0.0,0.0,0.0,0.0,0.0,0.0,0.0,0.0,0.0,0.0,0.0,0.0,0.0,0.0,0.0,0.0,0.0,0.0,0.0,0.0,0.0,0.0,0.0,0.0,0.0,0.0,0.0,0.0,0.0,0.0,0.0,0.0,0.0,0.0,0.0,0.0,0.0,0.0,0.0,0.0,0.0,0.0,0.0,0.0,0.0,0.0,0.0,0.0,0.0,0.0,0.0,0.0,0.0,0.0,0.0,0.0,0.0,0.0,0.0,0.0,0.0,0.0,0.0,0.0
437,0.0,0.0,0.0,0.0,0.0,0.0,0.0,0.0,0.0,0.0,0.0,0.0,0.0,0.0,0.0,0.0,0.0,0.0,0.0,0.0,0.0,0.0,0.0,0.0,0.0,0.0,0.0,0.0,0.0,0.0,0.0,0.0,0.0,0.0,0.0,0.0,0.0,0.0,0.0,0.0,0.0,0.0,0.0,0.0,0.0,0.0,0.0,0.0,0.0,0.0,0.0,0.0,0.0,0.0,0.0,0.0,0.0,0.0,0.0,0.0,0.0,0.0,0.0,0.0,0.0,0.0,0.0,0.0,0.0,0.0,0.0,0.0,0.0,0.0,0.0,0.0,0.0,0.0,0.0,0.0,0.0,0.0,0.0,0.0,0.0,0.0,0.0,0.0,0.0,0.0,0.0,0.0,0.0,0.0,0.0,0.0,0.0,0.0,0.0,0.0,0.0,0.0,0.0,0.0,0.0,0.0,0.0,0.0
438,0.0,0.0,0.0,0.0,0.0,0.0,0.0,0.0,0.0,0.0,0.0,0.0,0.0,0.0,0.0,0.0,0.0,0.0,0.0,0.0,0.0,0.0,0.0,0.0,0.0,0.0,0.0,0.0,0.0,0.0,0.0,0.0,0.0,0.0,0.0,0.0,0.0,0.0,0.0,0.0,0.0,0.0,0.0,0.0,0.0,0.0,0.0,0.0,0.0,0.0,0.0,0.0,0.0,0.0,0.0,0.0,0.0,0.0,0.0,0.0,0.0,0.0,0.0,0.0,0.0,0.0,0.0,0.0,0.0,0.0,0.0,0.0,0.0,0.0,0.0,0.0,0.0,0.0,0.0,0.0,0.0,0.0,0.0,0.0,0.0,0.0,0.0,0.0,0.0,0.0,0.0,0.0,0.0,0.0,0.0,0.0,0.0,0.0,0.0,0.0,0.0,0.0,0.0,0.0,0.0,0.0,0.0,0.0
439,0.0,0.0,0.0,0.0,0.0,0.0,0.0,0.0,0.0,0.0,0.0,0.0,0.0,0.0,0.0,0.0,0.0,0.0,0.0,0.0,0.0,0.0,0.0,0.0,0.0,0.0,0.0,0.0,0.0,0.0,0.0,0.0,0.0,0.0,0.0,0.0,0.0,0.0,0.0,0.0,0.0,0.0,0.0,0.0,0.0,0.0,0.0,0.0,0.0,0.0,0.0,0.0,0.0,0.0,0.0,0.0,0.0,0.0,0.0,0.0,0.0,0.0,0.0,0.0,0.0,0.0,0.0,0.0,0.0,0.0,0.0,0.0,0.0,0.0,0.0,0.0,0.0,0.0,0.0,0.0,0.0,0.0,0.0,0.0,0.0,0.0,0.0,0.0,0.0,0.0,0.0,0.0,0.0,0.0,0.0,0.0,0.0,0.0,0.0,0.0,0.0,0.0,0.0,0.0,0.0,0.0,0.0,0.0
440,0.0,0.0,0.0,0.0,0.0,0.0,0.0,0.0,0.0,0.0,0.0,0.0,0.0,0.0,0.0,0.0,0.0,0.0,0.0,0.0,0.0,0.0,0.0,0.0,0.0,0.0,0.0,0.0,0.0,0.0,0.0,0.0,0.0,0.0,0.0,0.0,0.0,0.0,0.0,0.0,0.0,0.0,0.0,0.0,0.0,0.0,0.0,0.0,0.0,0.0,0.0,0.0,0.0,0.0,0.0,0.0,0.0,0.0,0.0,0.0,0.0,0.0,0.0,0.0,0.0,0.0,0.0,0.0,0.0,0.0,0.0,0.0,0.0,0.0,0.0,0.0,0.0,0.0,0.0,0.0,0.0,0.0,0.0,0.0,0.0,0.0,0.0,0.0,0.0,0.0,0.0,0.0,0.0,0.0,0.0,0.0,0.0,0.0,0.0,0.0,0.0,0.0,0.0,0.0,0.0,0.0,0.0,0.0
441,0.0,0.0,0.0,0.0,0.0,0.0,0.0,0.0,0.0,0.0,0.0,0.0,0.0,0.0,0.0,0.0,0.0,0.0,0.0,0.0,0.0,0.0,0.0,0.0,0.0,0.0,0.0,0.0,0.0,0.0,0.0,0.0,0.0,0.0,0.0,0.0,0.0,0.0,0.0,0.0,0.0,0.0,0.0,0.0,0.0,0.0,0.0,0.0,0.0,0.0,0.0,0.0,0.0,0.0,0.0,0.0,0.0,0.0,0.0,0.0,0.0,0.0,0.0,0.0,0.0,0.0,0.0,0.0,0.0,0.0,0.0,0.0,0.0,0.0,0.0,0.0,0.0,0.0,0.0,0.0,0.0,0.0,0.0,0.0,0.0,0.0,0.0,0.0,0.0,0.0,0.0,0.0,0.0,0.0,0.0,0.0,0.0,0.0,0.0,0.0,0.0,0.0,0.0,0.0,0.0,0.0,0.0,0.0
442,0.0,0.0,0.0,0.0,0.0,0.0,0.0,0.0,0.0,0.0,0.0,0.0,0.0,0.0,0.0,0.0,0.0,0.0,0.0,0.0,0.0,0.0,0.0,0.0,0.0,0.0,0.0,0.0,0.0,0.0,0.0,0.0,0.0,0.0,0.0,0.0,0.0,0.0,0.0,0.0,0.0,0.0,0.0,0.0,0.0,0.0,0.0,0.0,0.0,0.0,0.0,0.0,0.0,0.0,0.0,0.0,0.0,0.0,0.0,0.0,0.0,0.0,0.0,0.0,0.0,0.0,0.0,0.0,0.0,0.0,0.0,0.0,0.0,0.0,0.0,0.0,0.0,0.0,0.0,0.0,0.0,0.0,0.0,0.0,0.0,0.0,0.0,0.0,0.0,0.0,0.0,0.0,0.0,0.0,0.0,0.0,0.0,0.0,0.0,0.0,0.0,0.0,0.0,0.0,0.0,0.0,0.0,0.0
443,0.0,0.0,0.0,0.0,0.0,0.0,0.0,0.0,0.0,0.0,0.0,0.0,0.0,0.0,0.0,0.0,0.0,0.0,0.0,0.0,0.0,0.0,0.0,0.0,0.0,0.0,0.0,0.0,0.0,0.0,0.0,0.0,0.0,0.0,0.0,0.0,0.0,0.0,0.0,0.0,0.0,0.0,0.0,0.0,0.0,0.0,0.0,0.0,0.0,0.0,0.0,0.0,0.0,0.0,0.0,0.0,0.0,0.0,0.0,0.0,0.0,0.0,0.0,0.0,0.0,0.0,0.0,0.0,0.0,0.0,0.0,0.0,0.0,0.0,0.0,0.0,0.0,0.0,0.0,0.0,0.0,0.0,0.0,0.0,0.0,0.0,0.0,0.0,0.0,0.0,0.0,0.0,0.0,0.0,0.0,0.0,0.0,0.0,0.0,0.0,0.0,0.0,0.0,0.0,0.0,0.0,0.0,0.0
444,0.0,0.0,0.0,0.0,0.0,0.0,0.0,0.0,0.0,0.0,0.0,0.0,0.0,0.0,0.0,0.0,0.0,0.0,0.0,0.0,0.0,0.0,0.0,0.0,0.0,0.0,0.0,0.0,0.0,0.0,0.0,0.0,0.0,0.0,0.0,0.0,0.0,0.0,0.0,0.0,0.0,0.0,0.0,0.0,0.0,0.0,0.0,0.0,0.0,0.0,0.0,0.0,0.0,0.0,0.0,0.0,0.0,0.0,0.0,0.0,0.0,0.0,0.0,0.0,0.0,0.0,0.0,0.0,0.0,0.0,0.0,0.0,0.0,0.0,0.0,0.0,0.0,0.0,0.0,0.0,0.0,0.0,0.0,0.0,0.0,0.0,0.0,0.0,0.0,0.0,0.0,0.0,0.0,0.0,0.0,0.0,0.0,0.0,0.0,0.0,0.0,0.0,0.0,0.0,0.0,0.0,0.0,0.0
445,0.0,0.0,0.0,0.0,0.0,0.0,0.0,0.0,0.0,0.0,0.0,0.0,0.0,0.0,0.0,0.0,0.0,0.0,0.0,0.0,0.0,0.0,0.0,0.0,0.0,0.0,0.0,0.0,0.0,0.0,0.0,0.0,0.0,0.0,0.0,0.0,0.0,0.0,0.0,0.0,0.0,0.0,0.0,0.0,0.0,0.0,0.0,0.0,0.0,0.0,0.0,0.0,0.0,0.0,0.0,0.0,0.0,0.0,0.0,0.0,0.0,0.0,0.0,0.0,0.0,0.0,0.0,0.0,0.0,0.0,0.0,0.0,0.0,0.0,0.0,0.0,0.0,0.0,0.0,0.0,0.0,0.0,0.0,0.0,0.0,0.0,0.0,0.0,0.0,0.0,0.0,0.0,0.0,0.0,0.0,0.0,0.0,0.0,0.0,0.0,0.0,0.0,0.0,0.0,0.0,0.0,0.0,0.0
446,0.0,0.0,0.0,0.0,0.0,0.0,0.0,0.0,0.0,0.0,0.0,0.0,0.0,0.0,0.0,0.0,0.0,0.0,0.0,0.0,0.0,0.0,0.0,0.0,0.0,0.0,0.0,0.0,0.0,0.0,0.0,0.0,0.0,0.0,0.0,0.0,0.0,0.0,0.0,0.0,0.0,0.0,0.0,0.0,0.0,0.0,0.0,0.0,0.0,0.0,0.0,0.0,0.0,0.0,0.0,0.0,0.0,0.0,0.0,0.0,0.0,0.0,0.0,0.0,0.0,0.0,0.0,0.0,0.0,0.0,0.0,0.0,0.0,0.0,0.0,0.0,0.0,0.0,0.0,0.0,0.0,0.0,0.0,0.0,0.0,0.0,0.0,0.0,0.0,0.0,0.0,0.0,0.0,0.0,0.0,0.0,0.0,0.0,0.0,0.0,0.0,0.0,0.0,0.0,0.0,0.0,0.0,0.0
447,0.0,0.0,0.0,0.0,0.0,0.0,0.0,0.0,0.0,0.0,0.0,0.0,0.0,0.0,0.0,0.0,0.0,0.0,0.0,0.0,0.0,0.0,0.0,0.0,0.0,0.0,0.0,0.0,0.0,0.0,0.0,0.0,0.0,0.0,0.0,0.0,0.0,0.0,0.0,0.0,0.0,0.0,0.0,0.0,0.0,0.0,0.0,0.0,0.0,0.0,0.0,0.0,0.0,0.0,0.0,0.0,0.0,0.0,0.0,0.0,0.0,0.0,0.0,0.0,0.0,0.0,0.0,0.0,0.0,0.0,0.0,0.0,0.0,0.0,0.0,0.0,0.0,0.0,0.0,0.0,0.0,0.0,0.0,0.0,0.0,0.0,0.0,0.0,0.0,0.0,0.0,0.0,0.0,0.0,0.0,0.0,0.0,0.0,0.0,0.0,0.0,0.0,0.0,0.0,0.0,0.0,0.0,0.0
448,0.0,0.0,0.0,0.0,0.0,0.0,0.0,0.0,0.0,0.0,0.0,0.0,0.0,0.0,0.0,0.0,0.0,0.0,0.0,0.0,0.0,0.0,0.0,0.0,0.0,0.0,0.0,0.0,0.0,0.0,0.0,0.0,0.0,0.0,0.0,0.0,0.0,0.0,0.0,0.0,0.0,0.0,0.0,0.0,0.0,0.0,0.0,0.0,0.0,0.0,0.0,0.0,0.0,0.0,0.0,0.0,0.0,0.0,0.0,0.0,0.0,0.0,0.0,0.0,0.0,0.0,0.0,0.0,0.0,0.0,0.0,0.0,0.0,0.0,0.0,0.0,0.0,0.0,0.0,0.0,0.0,0.0,0.0,0.0,0.0,0.0,0.0,0.0,0.0,0.0,0.0,0.0,0.0,0.0,0.0,0.0,0.0,0.0,0.0,0.0,0.0,0.0,0.0,0.0,0.0,0.0,0.0,0.0
449,0.0,0.0,0.0,0.0,0.0,0.0,0.0,0.0,0.0,0.0,0.0,0.0,0.0,0.0,0.0,0.0,0.0,0.0,0.0,0.0,0.0,0.0,0.0,0.0,0.0,0.0,0.0,0.0,0.0,0.0,0.0,0.0,0.0,0.0,0.0,0.0,0.0,0.0,0.0,0.0,0.0,0.0,0.0,0.0,0.0,0.0,0.0,0.0,0.0,0.0,0.0,0.0,0.0,0.0,0.0,0.0,0.0,0.0,0.0,0.0,0.0,0.0,0.0,0.0,0.0,0.0,0.0,0.0,0.0,0.0,0.0,0.0,0.0,0.0,0.0,0.0,0.0,0.0,0.0,0.0,0.0,0.0,0.0,0.0,0.0,0.0,0.0,0.0,0.0,0.0,0.0,0.0,0.0,0.0,0.0,0.0,0.0,0.0,0.0,0.0,0.0,0.0,0.0,0.0,0.0,0.0,0.0,0.0
450,0.0,0.0,0.0,0.0,0.0,0.0,0.0,0.0,0.0,0.0,0.0,0.0,0.0,0.0,0.0,0.0,0.0,0.0,0.0,0.0,0.0,0.0,0.0,0.0,0.0,0.0,0.0,0.0,0.0,0.0,0.0,0.0,0.0,0.0,0.0,0.0,0.0,0.0,0.0,0.0,0.0,0.0,0.0,0.0,0.0,0.0,0.0,0.0,0.0,0.0,0.0,0.0,0.0,0.0,0.0,0.0,0.0,0.0,0.0,0.0,0.0,0.0,0.0,0.0,0.0,0.0,0.0,0.0,0.0,0.0,0.0,0.0,0.0,0.0,0.0,0.0,0.0,0.0,0.0,0.0,0.0,0.0,0.0,0.0,0.0,0.0,0.0,0.0,0.0,0.0,0.0,0.0,0.0,0.0,0.0,0.0,0.0,0.0,0.0,0.0,0.0,0.0,0.0,0.0,0.0,0.0,0.0,0.0
451,0.0,0.0,0.0,0.0,0.0,0.0,0.0,0.0,0.0,0.0,0.0,0.0,0.0,0.0,0.0,0.0,0.0,0.0,0.0,0.0,0.0,0.0,0.0,0.0,0.0,0.0,0.0,0.0,0.0,0.0,0.0,0.0,0.0,0.0,0.0,0.0,0.0,0.0,0.0,0.0,0.0,0.0,0.0,0.0,0.0,0.0,0.0,0.0,0.0,0.0,0.0,0.0,0.0,0.0,0.0,0.0,0.0,0.0,0.0,0.0,0.0,0.0,0.0,0.0,0.0,0.0,0.0,0.0,0.0,0.0,0.0,0.0,0.0,0.0,0.0,0.0,0.0,0.0,0.0,0.0,0.0,0.0,0.0,0.0,0.0,0.0,0.0,0.0,0.0,0.0,0.0,0.0,0.0,0.0,0.0,0.0,0.0,0.0,0.0,0.0,0.0,0.0,0.0,0.0,0.0,0.0,0.0,0.0
452,0.0,0.0,0.0,0.0,0.0,0.0,0.0,0.0,0.0,0.0,0.0,0.0,0.0,0.0,0.0,0.0,0.0,0.0,0.0,0.0,0.0,0.0,0.0,0.0,0.0,0.0,0.0,0.0,0.0,0.0,0.0,0.0,0.0,0.0,0.0,0.0,0.0,0.0,0.0,0.0,0.0,0.0,0.0,0.0,0.0,0.0,0.0,0.0,0.0,0.0,0.0,0.0,0.0,0.0,0.0,0.0,0.0,0.0,0.0,0.0,0.0,0.0,0.0,0.0,0.0,0.0,0.0,0.0,0.0,0.0,0.0,0.0,0.0,0.0,0.0,0.0,0.0,0.0,0.0,0.0,0.0,0.0,0.0,0.0,0.0,0.0,0.0,0.0,0.0,0.0,0.0,0.0,0.0,0.0,0.0,0.0,0.0,0.0,0.0,0.0,0.0,0.0,0.0,0.0,0.0,0.0,0.0,0.0
453,0.0,0.0,0.0,0.0,0.0,0.0,0.0,0.0,0.0,0.0,0.0,0.0,0.0,0.0,0.0,0.0,0.0,0.0,0.0,0.0,0.0,0.0,0.0,0.0,0.0,0.0,0.0,0.0,0.0,0.0,0.0,0.0,0.0,0.0,0.0,0.0,0.0,0.0,0.0,0.0,0.0,0.0,0.0,0.0,0.0,0.0,0.0,0.0,0.0,0.0,0.0,0.0,0.0,0.0,0.0,0.0,0.0,0.0,0.0,0.0,0.0,0.0,0.0,0.0,0.0,0.0,0.0,0.0,0.0,0.0,0.0,0.0,0.0,0.0,0.0,0.0,0.0,0.0,0.0,0.0,0.0,0.0,0.0,0.0,0.0,0.0,0.0,0.0,0.0,0.0,0.0,0.0,0.0,0.0,0.0,0.0,0.0,0.0,0.0,0.0,0.0,0.0,0.0,0.0,0.0,0.0,0.0,0.0
454,0.0,0.0,0.0,0.0,0.0,0.0,0.0,0.0,0.0,0.0,0.0,0.0,0.0,0.0,0.0,0.0,0.0,0.0,0.0,0.0,0.0,0.0,0.0,0.0,0.0,0.0,0.0,0.0,0.0,0.0,0.0,0.0,0.0,0.0,0.0,0.0,0.0,0.0,0.0,0.0,0.0,0.0,0.0,0.0,0.0,0.0,0.0,0.0,0.0,0.0,0.0,0.0,0.0,0.0,0.0,0.0,0.0,0.0,0.0,0.0,0.0,0.0,0.0,0.0,0.0,0.0,0.0,0.0,0.0,0.0,0.0,0.0,0.0,0.0,0.0,0.0,0.0,0.0,0.0,0.0,0.0,0.0,0.0,0.0,0.0,0.0,0.0,0.0,0.0,0.0,0.0,0.0,0.0,0.0,0.0,0.0,0.0,0.0,0.0,0.0,0.0,0.0,0.0,0.0,0.0,0.0,0.0,0.0
455,0.0,0.0,0.0,0.0,0.0,0.0,0.0,0.0,0.0,0.0,0.0,0.0,0.0,0.0,0.0,0.0,0.0,0.0,0.0,0.0,0.0,0.0,0.0,0.0,0.0,0.0,0.0,0.0,0.0,0.0,0.0,0.0,0.0,0.0,0.0,0.0,0.0,0.0,0.0,0.0,0.0,0.0,0.0,0.0,0.0,0.0,0.0,0.0,0.0,0.0,0.0,0.0,0.0,0.0,0.0,0.0,0.0,0.0,0.0,0.0,0.0,0.0,0.0,0.0,0.0,0.0,0.0,0.0,0.0,0.0,0.0,0.0,0.0,0.0,0.0,0.0,0.0,0.0,0.0,0.0,0.0,0.0,0.0,0.0,0.0,0.0,0.0,0.0,0.0,0.0,0.0,0.0,0.0,0.0,0.0,0.0,0.0,0.0,0.0,0.0,0.0,0.0,0.0,0.0,0.0,0.0,0.0,0.0
456,0.0,0.0,0.0,0.0,0.0,0.0,0.0,0.0,0.0,0.0,0.0,0.0,0.0,0.0,0.0,0.0,0.0,0.0,0.0,0.0,0.0,0.0,0.0,0.0,0.0,0.0,0.0,0.0,0.0,0.0,0.0,0.0,0.0,0.0,0.0,0.0,0.0,0.0,0.0,0.0,0.0,0.0,0.0,0.0,0.0,0.0,0.0,0.0,0.0,0.0,0.0,0.0,0.0,0.0,0.0,0.0,0.0,0.0,0.0,0.0,0.0,0.0,0.0,0.0,0.0,0.0,0.0,0.0,0.0,0.0,0.0,0.0,0.0,0.0,0.0,0.0,0.0,0.0,0.0,0.0,0.0,0.0,0.0,0.0,0.0,0.0,0.0,0.0,0.0,0.0,0.0,0.0,0.0,0.0,0.0,0.0,0.0,0.0,0.0,0.0,0.0,0.0,0.0,0.0,0.0,0.0,0.0,0.0
457,0.0,0.0,0.0,0.0,0.0,0.0,0.0,0.0,0.0,0.0,0.0,0.0,0.0,0.0,0.0,0.0,0.0,0.0,0.0,0.0,0.0,0.0,0.0,0.0,0.0,0.0,0.0,0.0,0.0,0.0,0.0,0.0,0.0,0.0,0.0,0.0,0.0,0.0,0.0,0.0,0.0,0.0,0.0,0.0,0.0,0.0,0.0,0.0,0.0,0.0,0.0,0.0,0.0,0.0,0.0,0.0,0.0,0.0,0.0,0.0,0.0,0.0,0.0,0.0,0.0,0.0,0.0,0.0,0.0,0.0,0.0,0.0,0.0,0.0,0.0,0.0,0.0,0.0,0.0,0.0,0.0,0.0,0.0,0.0,0.0,0.0,0.0,0.0,0.0,0.0,0.0,0.0,0.0,0.0,0.0,0.0,0.0,0.0,0.0,0.0,0.0,0.0,0.0,0.0,0.0,0.0,0.0,0.0
458,0.0,0.0,0.0,0.0,0.0,0.0,0.0,0.0,0.0,0.0,0.0,0.0,0.0,0.0,0.0,0.0,0.0,0.0,0.0,0.0,0.0,0.0,0.0,0.0,0.0,0.0,0.0,0.0,0.0,0.0,0.0,0.0,0.0,0.0,0.0,0.0,0.0,0.0,0.0,0.0,0.0,0.0,0.0,0.0,0.0,0.0,0.0,0.0,0.0,0.0,0.0,0.0,0.0,0.0,0.0,0.0,0.0,0.0,0.0,0.0,0.0,0.0,0.0,0.0,0.0,0.0,0.0,0.0,0.0,0.0,0.0,0.0,0.0,0.0,0.0,0.0,0.0,0.0,0.0,0.0,0.0,0.0,0.0,0.0,0.0,0.0,0.0,0.0,0.0,0.0,0.0,0.0,0.0,0.0,0.0,0.0,0.0,0.0,0.0,0.0,0.0,0.0,0.0,0.0,0.0,0.0,0.0,0.0
459,0.0,0.0,0.0,0.0,0.0,0.0,0.0,0.0,0.0,0.0,0.0,0.0,0.0,0.0,0.0,0.0,0.0,0.0,0.0,0.0,0.0,0.0,0.0,0.0,0.0,0.0,0.0,0.0,0.0,0.0,0.0,0.0,0.0,0.0,0.0,0.0,0.0,0.0,0.0,0.0,0.0,0.0,0.0,0.0,0.0,0.0,0.0,0.0,0.0,0.0,0.0,0.0,0.0,0.0,0.0,0.0,0.0,0.0,0.0,0.0,0.0,0.0,0.0,0.0,0.0,0.0,0.0,0.0,0.0,0.0,0.0,0.0,0.0,0.0,0.0,0.0,0.0,0.0,0.0,0.0,0.0,0.0,0.0,0.0,0.0,0.0,0.0,0.0,0.0,0.0,0.0,0.0,0.0,0.0,0.0,0.0,0.0,0.0,0.0,0.0,0.0,0.0,0.0,0.0,0.0,0.0,0.0,0.0
460,0.0,0.0,0.0,0.0,0.0,0.0,0.0,0.0,0.0,0.0,0.0,0.0,0.0,0.0,0.0,0.0,0.0,0.0,0.0,0.0,0.0,0.0,0.0,0.0,0.0,0.0,0.0,0.0,0.0,0.0,0.0,0.0,0.0,0.0,0.0,0.0,0.0,0.0,0.0,0.0,0.0,0.0,0.0,0.0,0.0,0.0,0.0,0.0,0.0,0.0,0.0,0.0,0.0,0.0,0.0,0.0,0.0,0.0,0.0,0.0,0.0,0.0,0.0,0.0,0.0,0.0,0.0,0.0,0.0,0.0,0.0,0.0,0.0,0.0,0.0,0.0,0.0,0.0,0.0,0.0,0.0,0.0,0.0,0.0,0.0,0.0,0.0,0.0,0.0,0.0,0.0,0.0,0.0,0.0,0.0,0.0,0.0,0.0,0.0,0.0,0.0,0.0,0.0,0.0,0.0,0.0,0.0,0.0
461,0.0,0.0,0.0,0.0,0.0,0.0,0.0,0.0,0.0,0.0,0.0,0.0,0.0,0.0,0.0,0.0,0.0,0.0,0.0,0.0,0.0,0.0,0.0,0.0,0.0,0.0,0.0,0.0,0.0,0.0,0.0,0.0,0.0,0.0,0.0,0.0,0.0,0.0,0.0,0.0,0.0,0.0,0.0,0.0,0.0,0.0,0.0,0.0,0.0,0.0,0.0,0.0,0.0,0.0,0.0,0.0,0.0,0.0,0.0,0.0,0.0,0.0,0.0,0.0,0.0,0.0,0.0,0.0,0.0,0.0,0.0,0.0,0.0,0.0,0.0,0.0,0.0,0.0,0.0,0.0,0.0,0.0,0.0,0.0,0.0,0.0,0.0,0.0,0.0,0.0,0.0,0.0,0.0,0.0,0.0,0.0,0.0,0.0,0.0,0.0,0.0,0.0,0.0,0.0,0.0,0.0,0.0,0.0
462,0.0,0.0,0.0,0.0,0.0,0.0,0.0,0.0,0.0,0.0,0.0,0.0,0.0,0.0,0.0,0.0,0.0,0.0,0.0,0.0,0.0,0.0,0.0,0.0,0.0,0.0,0.0,0.0,0.0,0.0,0.0,0.0,0.0,0.0,0.0,0.0,0.0,0.0,0.0,0.0,0.0,0.0,0.0,0.0,0.0,0.0,0.0,0.0,0.0,0.0,0.0,0.0,0.0,0.0,0.0,0.0,0.0,0.0,0.0,0.0,0.0,0.0,0.0,0.0,0.0,0.0,0.0,0.0,0.0,0.0,0.0,0.0,0.0,0.0,0.0,0.0,0.0,0.0,0.0,0.0,0.0,0.0,0.0,0.0,0.0,0.0,0.0,0.0,0.0,0.0,0.0,0.0,0.0,0.0,0.0,0.0,0.0,0.0,0.0,0.0,0.0,0.0,0.0,0.0,0.0,0.0,0.0,0.0
463,0.0,0.0,0.0,0.0,0.0,0.0,0.0,0.0,0.0,0.0,0.0,0.0,0.0,0.0,0.0,0.0,0.0,0.0,0.0,0.0,0.0,0.0,0.0,0.0,0.0,0.0,0.0,0.0,0.0,0.0,0.0,0.0,0.0,0.0,0.0,0.0,0.0,0.0,0.0,0.0,0.0,0.0,0.0,0.0,0.0,0.0,0.0,0.0,0.0,0.0,0.0,0.0,0.0,0.0,0.0,0.0,0.0,0.0,0.0,0.0,0.0,0.0,0.0,0.0,0.0,0.0,0.0,0.0,0.0,0.0,0.0,0.0,0.0,0.0,0.0,0.0,0.0,0.0,0.0,0.0,0.0,0.0,0.0,0.0,0.0,0.0,0.0,0.0,0.0,0.0,0.0,0.0,0.0,0.0,0.0,0.0,0.0,0.0,0.0,0.0,0.0,0.0,0.0,0.0,0.0,0.0,0.0,0.0
464,0.0,0.0,0.0,0.0,0.0,0.0,0.0,0.0,0.0,0.0,0.0,0.0,0.0,0.0,0.0,0.0,0.0,0.0,0.0,0.0,0.0,0.0,0.0,0.0,0.0,0.0,0.0,0.0,0.0,0.0,0.0,0.0,0.0,0.0,0.0,0.0,0.0,0.0,0.0,0.0,0.0,0.0,0.0,0.0,0.0,0.0,0.0,0.0,0.0,0.0,0.0,0.0,0.0,0.0,0.0,0.0,0.0,0.0,0.0,0.0,0.0,0.0,0.0,0.0,0.0,0.0,0.0,0.0,0.0,0.0,0.0,0.0,0.0,0.0,0.0,0.0,0.0,0.0,0.0,0.0,0.0,0.0,0.0,0.0,0.0,0.0,0.0,0.0,0.0,0.0,0.0,0.0,0.0,0.0,0.0,0.0,0.0,0.0,0.0,0.0,0.0,0.0,0.0,0.0,0.0,0.0,0.0,0.0
465,0.0,0.0,0.0,0.0,0.0,0.0,0.0,0.0,0.0,0.0,0.0,0.0,0.0,0.0,0.0,0.0,0.0,0.0,0.0,0.0,0.0,0.0,0.0,0.0,0.0,0.0,0.0,0.0,0.0,0.0,0.0,0.0,0.0,0.0,0.0,0.0,0.0,0.0,0.0,0.0,0.0,0.0,0.0,0.0,0.0,0.0,0.0,0.0,0.0,0.0,0.0,0.0,0.0,0.0,0.0,0.0,0.0,0.0,0.0,0.0,0.0,0.0,0.0,0.0,0.0,0.0,0.0,0.0,0.0,0.0,0.0,0.0,0.0,0.0,0.0,0.0,0.0,0.0,0.0,0.0,0.0,0.0,0.0,0.0,0.0,0.0,0.0,0.0,0.0,0.0,0.0,0.0,0.0,0.0,0.0,0.0,0.0,0.0,0.0,0.0,0.0,0.0,0.0,0.0,0.0,0.0,0.0,0.0
466,0.0,0.0,0.0,0.0,0.0,0.0,0.0,0.0,0.0,0.0,0.0,0.0,0.0,0.0,0.0,0.0,0.0,0.0,0.0,0.0,0.0,0.0,0.0,0.0,0.0,0.0,0.0,0.0,0.0,0.0,0.0,0.0,0.0,0.0,0.0,0.0,0.0,0.0,0.0,0.0,0.0,0.0,0.0,0.0,0.0,0.0,0.0,0.0,0.0,0.0,0.0,0.0,0.0,0.0,0.0,0.0,0.0,0.0,0.0,0.0,0.0,0.0,0.0,0.0,0.0,0.0,0.0,0.0,0.0,0.0,0.0,0.0,0.0,0.0,0.0,0.0,0.0,0.0,0.0,0.0,0.0,0.0,0.0,0.0,0.0,0.0,0.0,0.0,0.0,0.0,0.0,0.0,0.0,0.0,0.0,0.0,0.0,0.0,0.0,0.0,0.0,0.0,0.0,0.0,0.0,0.0,0.0,0.0
467,0.0,0.0,0.0,0.0,0.0,0.0,0.0,0.0,0.0,0.0,0.0,0.0,0.0,0.0,0.0,0.0,0.0,0.0,0.0,0.0,0.0,0.0,0.0,0.0,0.0,0.0,0.0,0.0,0.0,0.0,0.0,0.0,0.0,0.0,0.0,0.0,0.0,0.0,0.0,0.0,0.0,0.0,0.0,0.0,0.0,0.0,0.0,0.0,0.0,0.0,0.0,0.0,0.0,0.0,0.0,0.0,0.0,0.0,0.0,0.0,0.0,0.0,0.0,0.0,0.0,0.0,0.0,0.0,0.0,0.0,0.0,0.0,0.0,0.0,0.0,0.0,0.0,0.0,0.0,0.0,0.0,0.0,0.0,0.0,0.0,0.0,0.0,0.0,0.0,0.0,0.0,0.0,0.0,0.0,0.0,0.0,0.0,0.0,0.0,0.0,0.0,0.0,0.0,0.0,0.0,0.0,0.0,0.0
468,0.0,0.0,0.0,0.0,0.0,0.0,0.0,0.0,0.0,0.0,0.0,0.0,0.0,0.0,0.0,0.0,0.0,0.0,0.0,0.0,0.0,0.0,0.0,0.0,0.0,0.0,0.0,0.0,0.0,0.0,0.0,0.0,0.0,0.0,0.0,0.0,0.0,0.0,0.0,0.0,0.0,0.0,0.0,0.0,0.0,0.0,0.0,0.0,0.0,0.0,0.0,0.0,0.0,0.0,0.0,0.0,0.0,0.0,0.0,0.0,0.0,0.0,0.0,0.0,0.0,0.0,0.0,0.0,0.0,0.0,0.0,0.0,0.0,0.0,0.0,0.0,0.0,0.0,0.0,0.0,0.0,0.0,0.0,0.0,0.0,0.0,0.0,0.0,0.0,0.0,0.0,0.0,0.0,0.0,0.0,0.0,0.0,0.0,0.0,0.0,0.0,0.0,0.0,0.0,0.0,0.0,0.0,0.0
469,0.0,0.0,0.0,0.0,0.0,0.0,0.0,0.0,0.0,0.0,0.0,0.0,0.0,0.0,0.0,0.0,0.0,0.0,0.0,0.0,0.0,0.0,0.0,0.0,0.0,0.0,0.0,0.0,0.0,0.0,0.0,0.0,0.0,0.0,0.0,0.0,0.0,0.0,0.0,0.0,0.0,0.0,0.0,0.0,0.0,0.0,0.0,0.0,0.0,0.0,0.0,0.0,0.0,0.0,0.0,0.0,0.0,0.0,0.0,0.0,0.0,0.0,0.0,0.0,0.0,0.0,0.0,0.0,0.0,0.0,0.0,0.0,0.0,0.0,0.0,0.0,0.0,0.0,0.0,0.0,0.0,0.0,0.0,0.0,0.0,0.0,0.0,0.0,0.0,0.0,0.0,0.0,0.0,0.0,0.0,0.0,0.0,0.0,0.0,0.0,0.0,0.0,0.0,0.0,0.0,0.0,0.0,0.0
470,0.0,0.0,0.0,0.0,0.0,0.0,0.0,0.0,0.0,0.0,0.0,0.0,0.0,0.0,0.0,0.0,0.0,,0.0,0.0,0.0,0.0,0.0,0.0,0.0,0.0,0.0,0.0,0.0,0.0,0.6071853637695312,0.0,0.0,0.0,0.0,0.0,0.0,0.0,0.0,0.0,0.0,0.0,0.0,0.0,0.0,0.0,0.0,0.0,0.0,0.0,0.0,0.0,0.0,0.0,0.0,0.0,0.0,0.0,0.0,0.0,0.0,0.0,0.0,0.0,0.0,0.0,,0.0,0.0,0.0,0.0,0.0,0.0,0.0,0.0,0.0,0.0,0.0,0.0,0.0,0.0,0.0,0.0,0.0,0.0,0.0,0.0,0.0,0.0,0.0,0.0,0.0,0.0,0.0,0.0,0.0,0.0,0.0,0.0,0.0,0.0,0.0,0.0,0.0,0.0,0.0,0.0,0.0
471,0.0,0.0,0.0,0.0,0.0,0.0,0.0,0.0,0.0,0.0,,0.0,0.0,0.0,,0.0,0.3144569396972656,,0.0,0.0,0.0,0.0,0.0,0.0,0.0,0.0,0.0,0.0,0.0,0.0,0.6071853637695312,0.0,4.410945892333984,,,0.0,0.0,0.0,0.0,,0.0,0.0,0.0,0.0,0.0,1.3062095642089844,0.0,0.0,0.0,0.0,0.0,0.0,0.0,0.0,1.2659721374511719,0.35193824768066406,0.0,0.0,0.0,0.0,,0.0,0.0,0.0,0.0,0.0,,0.0,0.0,0.0,0.0,0.0,0.0,0.0,0.0,0.0,0.0,0.0,0.06625938415527344,,0.0,0.0,0.0,0.0,0.0,0.0,,0.0,,0.0,0.0,0.0,0.0,0.0,2.001270294189453,0.0,,0.0,0.0,0.0,0.23725509643554688,0.0,0.0,0.0,0.0,0.0,0.0,0.0
472,0.0,0.0,0.0,0.0,0.0,0.0,,0.0,3.5348567962646484,0.0,,0.0,,3.537588119506836,,1.1665363311767578,,,0.0,0.0,0.0,2.551990509033203,0.0,,,,0.0,1.2708549499511719,0.028593063354492188,0.0,0.6071853637695312,0.6021194458007812,4.410945892333984,,,3.384786605834961,0.0,,0.0,,,,0.0,0.0,,1.3062095642089844,0.0,0.0,0.6240806579589844,0.0,0.0,0.0,0.0,,1.2659721374511719,0.35193824768066406,0.0,0.0,0.0,0.0,,0.0,,,0.0,0.0,,0.010753631591796875,,0.0,3.5348567962646484,0.0,0.0,,0.0,0.0,,,0.06625938415527344,,0.0,,,0.0,0.0,,,,,,,,0.6375465393066406,0.0,2.001270294189453,0.0,,,0.0,0.0,,0.0,0.0,,0.0,0.0,,
473,,,,0.0,,,,,,,,,,,,1.1665363311767578,,,0.0,,,,,,,,,0.25200843811035156,,,0.6071853637695312,,4.410945892333984,,,,,,,,,,0.8423309326171875,0.0,,,,1.823944091796875,,,,1.38922119140625,0.9181976318359375,,1.2659721374511719,,,,,,,0.0,,,,,,,,,3.5348567962646484,0.0,0.0,,,,,,0.0,,,,,,,,,,,,,,0.6375465393066406,,,0.0,,,0.0,0.0,,,0.0,,,0.0,,
474,,,,,,,,,,,,,,,,,,,,,,,,,,,,,,,,,,,,,,,,,,,,,,,,,,,,,,,,,,,,,,,,,,,,,,,,,,,,,,,,,,,,,,,,,,,,,,,,,,,,,,,,,,,,
475,,,,,,,,,,,,,,,,,,,,,,,,,,,,,,,,,,,,,,,,,,,,,,,,,,,,,,,,,,,,,,,,,,,,,,,,,,,,,,,,,,,,,,,,,,,,,,,,,,,,,,,,,,,,
476,,,,,,,,,,,,,,,,,,,,,,,,,,,,,,,,,,,,,,,,,,,,,,,,,,,,,,,,,,,,,,,,,,,,,,,,,,,,,,,,,,,,,,,,,,,,,,,,,,,,,,,,,,,,
477,,,,,,,,,,,,,,,,,,,,,,,,,,,,,,,,,,,,,,,,,,,,,,,,,,,,,,,,,,,,,,,,,,,,,,,,,,,,,,,,,,,,,,,,,,,,,,,,,,,,,,,,,,,,
478,,,,,,,,,,,,,,,,,,,,,,,,,,,,,,,,,,,,,,,,,,,,,,,,,,,,,,,,,,,,,,,,,,,,,,,,,,,,,,,,,,,,,,,,,,,,,,,,,,,,,,,,,,,,
479,,,,,,,,,,,,,,,,,,,,,,,,,,,,,,,,,,,,,,,,,,,,,,,,,,,,,,,,,,,,,,,,,,,,,,,,,,,,,,,,,,,,,,,,,,,,,,,,,,,,,,,,,,,,
480,,,,,,,,,,,,,,,,,,,,,,,,,,,,,,,,,,,,,,,,,,,,,,,,,,,,,,,,,,,,,,,,,,,,,,,,,,,,,,,,,,,,,,,,,,,,,,,,,,,,,,,,,,,,
481,,,,,,,,,,,,,,,,,,,,,,,,,,,,,,,,,,,,,,,,,,,,,,,,,,,,,,,,,,,,,,,,,,,,,,,,,,,,,,,,,,,,,,,,,,,,,,,,,,,,,,,,,,,,
482,,,,,,,,,,,,,,,,,,,,,,,,,,,,,,,,,,,,,,,,,,,,,,,,,,,,,,,,,,,,,,,,,,,,,,,,,,,,,,,,,,,,,,,,,,,,,,,,,,,,,,,,,,,,
483,,,,,,,,,,,,,,,,,,,,,,,,,,,,,,,,,,,,,,,,,,,,,,,,,,,,,,,,,,,,,,,,,,,,,,,,,,,,,,,,,,,,,,,,,,,,,,,,,,,,,,,,,,,,
484,,,,,,,,,,,,,,,,,,,,,,,,,,,,,,,,,,,,,,,,,,,,,,,,,,,,,,,,,,,,,,,,,,,,,,,,,,,,,,,,,,,,,,,,,,,,,,,,,,,,,,,,,,,,
485,,0.0,,,,,,,,,,,,,,,,,,,,,,,,,,,,,,,,,,,,,,,,,,,,,,,,,,,,,,,,,,,,,,,,,,,,,,,,,,,,,,,,,,,,,,,,,,,,,,,,,,,,,,,,,,
486,,0.0,,,,,0.0,0.0,,1.2385787963867188,,0.0,,0.0,,,0.0,0.0,0.0,,,0.0,,,,0.0,,0.0,,0.0,0.0,0.0,,,,0.0,0.0,,,,,0.0,,0.0,,,,1.7078437805175781,0.0,,0.0,,0.0,,,0.0,0.0,,,,,,,0.0,0.0,0.0,0.0,0.0,,0.0,0.0,0.0,,,3.277301788330078,0.0,0.0,0.0,,,,0.0,,,0.0,,0.0,,,,0.0,,0.0,,2.4771556854248047,0.0,,0.0,4.688190460205078,0.0,0.0,0.0,,,0.0,,,1.6178512573242188
487,0.0,0.0,0.0,0.0,0.0,,0.0,0.0,0.0,0.0,0.0,0.0,0.0,0.0,0.0,0.0,0.0,0.0,0.0,0.0,0.0,0.0,0.0,0.0,0.0,0.0,0.0,0.0,0.0,0.0,0.0,0.0,0.0,0.0,0.0,0.0,0.0,0.0,0.0,0.0,0.0,0.0,0.0,0.0,,0.0,0.0,0.0,0.0,0.0,0.0,0.0,0.0,0.0,0.0,0.0,0.0,0.0,0.0,0.0,0.0,,0.0,0.0,0.0,0.0,0.0,0.0,0.0,0.0,0.0,0.0,0.0,0.0,0.0,0.0,0.0,0.0,0.0,0.0,0.0,0.0,0.0,0.0,0.0,0.0,0.0,0.0,0.0,0.0,0.0,0.0,0.0,0.0,2.4771556854248047,0.0,,0.0,0.0,0.0,0.0,0.0,0.0,0.0,0.0,0.0,0.0,0.0
488,0.0,0.0,0.0,0.0,0.0,0.0,0.0,0.0,0.0,0.0,0.0,0.0,0.0,0.0,0.0,0.0,0.0,0.0,4.753900527954102,0.0,0.0,0.0,0.0,0.0,0.0,0.0,0.0,0.0,0.0,2.980733871459961,0.0,0.0,0.0,0.0,0.0,0.0,0.0,0.0,0.0,0.0,0.0,0.3112640380859375,0.0,0.0,0.0,0.0,0.0,0.0,0.0,0.0,0.0,0.0,0.0,0.0,0.0,0.0,0.0,0.0,0.0,0.0,0.0,0.0,0.0,0.0,0.0,5.392309188842773,0.0,0.0,0.0,0.0,0.0,3.1659812927246094,0.0,0.0,0.0,0.0,0.0,0.0,0.0,0.0,0.0,0.0,0.0,0.0,0.0,0.0,0.0,0.0,0.0,0.0,0.0,0.0,0.0,0.0,0.0,0.0,0.0,0.0,0.0,0.0,0.0,0.0,0.0,0.0,0.0,0.0,0.0,0.0
489,0.0,7.207456588745117,0.0,9.985626220703125,4.697593688964844,0.0,9.009721755981445,0.0,0.0,1.3270015716552734,0.0,0.0,,,0.7101898193359375,7.661733627319336,8.053705215454102,,4.753900527954102,0.0,4.606040954589844,,3.6077919006347656,0.0,4.933204650878906,0.0,2.166492462158203,8.534530639648438,,2.980733871459961,0.0,,,0.0,0.0,,0.882110595703125,0.0,,0.0,0.0,,0.0,,0.0,0.0,,,,0.0,4.1222076416015625,0.0,3.7584285736083984,,,,2.7206878662109375,0.0,0.0,0.0,0.0,0.0,0.0,,7.22247314453125,5.392309188842773,1.0796890258789062,9.725698471069336,0.0,0.0,1.7921772003173828,,0.0,0.0,1.392831802368164,,0.0,0.1074066162109375,,0.0,0.0,0.0,0.0,0.0,,,5.21282958984375,0.0,0.0,8.045198440551758,0.0,0.0,8.406675338745117,7.418119430541992,0.0,0.0,0.0,0.0,0.0,8.60455322265625,,0.0,,3.040956497192383,0.0,0.0,,
490,0.0,,,,4.697593688964844,0.0,,,,1.3270015716552734,0.0,,,,0.7101898193359375,,,,,0.0,,,,,,,,,,,,,,0.0,,,,,,,,,0.0,,,,,,,,,,,,,,,0.0,,,0.0,,,,,,,,0.0,,,,0.0,,,,,,,,,,,,,,,,,,,,,,,,0.0,,,8.60455322265625,,,,,,0.0,,
491,0.0,,,,,,,,,,,,,,,,,,,,,,,,,,,,,,,,,,,,,,,,,,,,,,,,,,,,,,,,,,,,,,,,,,,,,,,,,,,,,,,,,,,,,,,,,,,,,,,,0.0,,,,,,,,,,,
492,,,,,,,,,,,,,,,,,,,,,,,,,,,,,,,,,,,,,,,,,,,,,,,,,,,,,,,,,,,,,,,,,,,,,,,,,,,,,,,,,,,,,,,,,,,,,,,,,,,,,,,,,,,,
493,,,,,,,,,,,,,,,,,,,,,,,,,,,,,,,,,,,,,,,,,,,,,,,,,,,,,,,,,,,,,,,,,,,,,,,,,,,,,,,,,,,,,,,,,,,,,,,,,,,,,,,,,,,,
494,,,,,,,,,,,,,,,,,,,,,,,,,,,,,,,,,,,,,,,,,,,,,,,,,,,,,,,,,,,,,,,,,,,,,,,,,,,,,,,,,,,,,,,,,,,,,,,,,,,,,,,,,,,,
495,,,,,,,,,,,,,,,,,,,,,,,,,,,,,,,,,,,,,,,,,,,,,,,,,,,,,,,,,,,,,,,,,,,,,,,,,,,,,,,,,,,,,,,,,,,,,,,,,,,,,,,,,,,,
496,,,,,,,,,,,,,,,,,,,,,,,,,,,,,,,,,,,,,,,,,,,,,,,,,,,,,,,,,,,,,,,,,,,,,,,,,,,,,,,,,,,,,,,,,,,,,,,,,,,,,,,,,,,,
497,,,,,,,,,,,,,,,,,,,,,,,,,,,,,,,,,,,,,,,,,,,,,,,,,,,,,,,,,,,,,,,,,,,,,,,,,,,,,,,,,,,,,,,,,,,,,,,,,,,,,,,,,,,,
498,,,,,,,,,,,,,,,,,,,,,,,,,,,,,,,,,,,,,,,,,,,,,,,,,,,,,,,,,,,,,,,,,,,,,,,,,,,,,,,,,,,,,,,,,,,,,,,,,,,,,,,,,,,,
499,,,,,,,,,,,,,,,,,,,,,,,,,,,,,,,,,,,,,,,,,,,,,,,,,,,,,,,,,,,,,,,,,,,,,,,,,,,,,,,,,,,,,,,,,,,,,,,,,,,,,,,,,,,,
500,0.0,,,,,,,,,,,,,,,,,,,,,,,,,8.536693572998047,,,,,,,,5.334224700927734,,,,,,,,,,,,,,,,,,,,,,,,,,,,,,,,,,,,,,,,,,,,,,,,,,,,,,,,,,,,,,,0.0,8.432954788208008,,,,,,,,,,
501,0.0,,,,9.077558517456055,0.0,8.979738235473633,,0.0,,0.0,0.0,,,,,,,,,,,,0.22133255004882812,,0.0,9.77669906616211,,,,,9.800739288330078,,5.334224700927734,9.800739288330078,,0.0,,,9.497308731079102,,,0.0,,,9.685070037841797,,,,10.351875305175781,,0.0,,0.0,,,,,9.470010757446289,,,0.0,7.908405303955078,9.304594039916992,,,,,,,,,0.0,,,,,,,,9.800739288330078,,,,,,,,,,,,,9.895160675048828,,,0.0,0.0,0.0,,,,,,,,,
502,0.0,6.0,5.778781890869141,6.0,9.077558517456055,0.0,5.681293487548828,6.0,0.0,0.0,0.0,0.0,5.264772415161133,5.687950134277344,6.931173324584961,6.0,5.390789031982422,6.768795013427734,5.888875961303711,5.888875961303711,5.315158843994141,6.227895736694336,5.4296875,0.0,5.0,0.0,5.220893859863281,5.742092132568359,5.984325408935547,5.985157012939453,0.08769989013671875,9.800739288330078,5.338413238525391,0.0,9.800739288330078,0.0,0.0,5.963569641113281,6.0,9.497308731079102,7.594610214233398,5.454402923583984,0.0,5.247846603393555,0.0,9.685070037841797,5.884967803955078,5.544740676879883,5.783885955810547,4.918317794799805,0.0,0.0,0.0,0.0,6.0,5.945329666137695,5.946813583374023,5.850368499755859,9.470010757446289,5.0,5.0,0.0,7.908405303955078,9.304594039916992,6.0,5.704683303833008,5.966733932495117,5.477870941162109,5.0,6.2320709228515625,5.828641891479492,5.985157012939453,0.0,5.8903350830078125,5.758190155029297,5.95867919921875,5.955234527587891,6.0,5.030220031738281,7.574865341186523,5.241069793701172,5.0,6.326625823974609,,5.9235076904296875,5.958271026611328,5.869686126708984,9.428825378417969,0.5197715759277344,5.835786819458008,5.0,5.950065612792969,5.781011581420898,5.039661407470703,5.468719482421875,6.0,0.0,0.0,0.0,1.002838134765625,0.35269927978515625,5.451633453369141,6.0,5.264270782470703,4.763713836669922,4.912717819213867,5.846292495727539,5.472682952880859
503,0.0,0.0,5.778781890869141,0.027299880981445312,3.898944854736328,0.0,5.681293487548828,0.5427684783935547,0.0,0.0,0.0,0.0,0.0,0.0,4.831226348876953,3.5267066955566406,5.390789031982422,6.768795013427734,0.49054718017578125,0.0,5.315158843994141,,0.0,0.0,0.0,0.0,5.220893859863281,5.742092132568359,3.0913352966308594,3.856569290161133,0.0,5.437578201293945,0.0,0.0,5.457658767700195,0.0,0.0,0.0,4.132272720336914,5.162050247192383,7.003147125244141,5.454402923583984,0.0,0.0,0.0,5.58833122253418,5.884967803955078,0.0,3.2345352172851562,4.918317794799805,0.0,0.0,0.0,0.0,4.956428527832031,0.0,4.059446334838867,0.0,4.787242889404297,0.0,0.0,0.0,5.584114074707031,6.422840118408203,7.588907241821289,0.0,0.0,0.0,0.0,0.0,5.828641891479492,2.3825035095214844,0.0,5.8903350830078125,5.758190155029297,5.299427032470703,4.00047492980957,0.8624267578125,,5.346767425537109,0.0,0.0,7.666049957275391,5.716327667236328,0.0,2.8082332611083984,0.0,5.531288146972656,0.0,0.0,0.0,1.3003959655761719,5.781011581420898,5.039661407470703,5.468719482421875,0.0,0.0,0.0,0.0,0.0,0.0,5.451633453369141,4.555723190307617,5.264270782470703,0.0,0.0,0.0,0.0
504,0.0,0.0,0.0,0.0,0.0,0.0,0.0,0.0,0.0,0.0,0.0,0.0,0.0,0.0,0.0,0.0,0.0,3.0619945526123047,0.49054718017578125,0.0,0.0,,0.0,0.0,0.0,0.0,0.0,0.0,0.0,0.0,0.0,0.0,0.0,0.0,0.0,0.0,0.0,0.0,0.0,0.0,0.0,0.0,0.0,0.0,0.0,0.0,0.0,0.0,0.0,0.0,0.0,0.0,0.0,0.0,0.0,0.0,0.0,0.0,0.0,0.0,0.0,0.0,0.0,0.0,0.0,0.0,0.0,0.0,0.0,0.0,0.0,2.3825035095214844,0.0,0.0,0.0,0.0,0.0,0.0,0.0,0.0,0.0,0.0,0.0,0.0,0.0,0.0,0.0,0.0,0.0,0.0,0.0,0.0,0.0,0.0,0.0,0.0,0.0,0.0,0.0,0.0,0.0,0.0,0.0,0.04856109619140625,0.0,0.0,0.0,0.0
505,0.0,0.0,0.0,0.0,0.0,0.0,0.0,0.0,0.0,0.0,0.0,0.0,0.0,0.0,0.0,0.0,0.0,0.0,0.0,0.0,0.0,0.0,0.0,0.0,0.0,0.0,0.0,0.0,0.0,0.0,0.0,0.0,0.0,0.0,0.0,0.0,0.0,0.0,0.0,0.0,0.0,0.0,0.0,0.0,0.0,0.0,0.0,0.0,0.0,0.0,0.0,0.0,0.0,0.0,0.0,0.0,0.0,0.0,0.0,0.0,0.0,0.0,0.0,0.0,0.0,0.0,0.0,0.0,0.0,0.0,0.0,0.0,0.0,0.0,0.0,0.0,0.0,0.0,0.0,0.0,0.0,0.0,0.0,0.0,0.0,0.0,0.0,0.0,0.0,0.0,0.0,0.0,0.0,0.0,0.0,0.0,0.0,0.0,0.0,0.0,0.0,0.0,0.0,0.0,0.0,0.0,0.0,0.0
506,0.0,0.0,0.0,0.0,0.0,0.0,0.0,0.0,0.0,0.0,0.0,0.0,0.0,0.0,0.0,0.0,0.0,0.0,0.0,0.0,0.0,0.0,0.0,0.0,0.0,0.0,0.0,0.0,0.0,0.0,0.0,0.0,0.0,0.0,0.0,0.0,0.0,0.0,0.0,0.0,0.0,0.0,0.0,0.0,0.0,0.0,0.0,0.0,0.0,0.0,0.0,0.0,0.0,0.0,0.0,0.0,0.0,0.0,0.0,0.0,0.0,0.0,0.0,0.0,0.0,0.0,0.0,0.0,0.0,0.0,0.0,0.0,0.0,0.0,0.0,0.0,0.0,0.0,0.0,0.0,0.0,0.0,0.0,0.0,0.0,0.0,0.0,0.0,0.0,0.0,0.0,0.0,0.0,0.0,0.0,0.0,0.0,0.0,0.0,0.0,0.0,0.0,0.0,0.0,0.0,0.0,0.0,0.0
507,0.0,0.0,0.0,0.0,0.0,0.0,0.0,0.0,0.0,0.0,0.0,0.0,0.0,0.0,0.0,0.0,0.0,0.0,0.0,0.0,0.0,0.0,0.0,0.0,0.0,0.0,0.0,0.0,0.0,0.0,0.0,0.0,0.0,0.0,0.0,0.0,0.0,0.0,0.0,0.0,0.0,0.0,0.0,0.0,0.0,0.0,0.0,0.0,0.0,0.0,0.0,0.0,0.0,0.0,0.0,0.0,0.0,0.0,0.0,0.0,0.0,0.0,0.0,0.0,0.0,0.0,0.0,0.0,0.0,0.0,0.0,0.0,0.0,0.0,0.0,0.0,0.0,0.0,0.0,0.0,0.0,0.0,0.0,0.0,0.0,0.0,0.0,0.0,0.0,0.0,0.0,0.0,0.0,0.0,0.0,0.0,0.0,0.0,0.0,0.0,0.0,0.0,0.0,0.0,0.0,0.0,0.0,0.0
508,0.0,0.0,0.0,0.0,0.0,0.0,0.0,0.0,0.0,0.0,0.0,0.0,0.0,0.0,0.0,0.0,0.0,0.0,0.0,0.0,0.0,0.0,0.0,0.0,0.0,0.0,0.0,0.0,0.0,0.0,0.0,0.0,0.0,0.0,0.0,0.0,0.0,0.0,0.0,0.0,0.0,0.0,0.0,0.0,0.0,0.0,0.0,0.0,0.0,0.0,0.0,0.0,0.0,0.0,0.0,0.0,0.0,0.0,0.0,0.0,0.0,0.0,0.0,0.0,0.0,0.0,0.0,0.0,0.0,0.0,0.0,0.0,0.0,0.0,0.0,0.0,0.0,0.0,0.0,0.0,0.0,0.0,0.0,0.0,0.0,0.0,0.0,0.0,0.0,0.0,0.0,0.0,0.0,0.0,0.0,0.0,0.0,0.0,0.0,0.0,0.0,0.0,0.0,0.0,0.0,0.0,0.0,0.0
509,0.0,0.0,0.0,0.0,0.0,0.0,0.0,0.0,0.0,0.0,0.0,0.0,0.0,0.0,0.0,0.0,0.0,0.0,0.0,0.0,0.0,0.0,0.0,0.0,0.0,0.0,0.0,0.0,0.0,0.0,0.0,0.0,0.0,0.0,0.0,0.0,0.0,0.0,0.0,0.0,0.0,0.0,0.0,0.0,0.0,0.0,0.0,0.0,0.0,0.0,0.0,0.0,0.0,0.0,0.0,0.0,0.0,0.0,0.0,0.0,0.0,0.0,0.0,0.0,0.0,0.0,0.0,0.0,0.0,0.0,0.0,0.0,0.0,0.0,0.0,0.0,0.0,0.0,0.0,0.0,0.0,0.0,0.0,0.0,0.0,0.0,0.0,0.0,0.0,0.0,0.0,0.0,0.0,0.0,0.0,0.0,0.0,0.0,0.0,0.0,0.0,0.0,0.0,0.0,0.0,0.0,0.0,0.0
510,0.0,0.0,0.0,0.0,0.0,0.0,0.0,0.0,0.0,0.0,0.0,0.0,0.0,0.0,0.0,0.0,0.0,0.0,0.0,0.0,0.0,0.0,0.0,0.0,0.0,0.0,0.0,0.0,0.0,0.0,0.0,0.0,0.0,0.0,0.0,0.0,0.0,0.0,0.0,0.0,0.0,0.0,0.0,0.0,0.0,0.0,0.0,0.0,0.0,0.0,0.0,0.0,0.0,0.0,0.0,0.0,0.0,0.0,0.0,0.0,0.0,0.0,0.0,0.0,0.0,0.0,0.0,0.0,0.0,0.0,0.0,0.0,0.0,0.0,0.0,0.0,0.0,0.0,0.0,0.0,0.0,0.0,0.0,0.0,0.0,0.0,0.0,0.0,0.0,0.0,0.0,0.0,0.0,0.0,0.0,0.0,0.0,0.0,0.0,0.0,0.0,0.0,0.0,0.0,0.0,0.0,0.0,0.0
511,0.0,0.0,0.0,0.0,0.0,0.0,0.0,0.0,0.0,0.0,0.0,0.0,0.0,0.0,0.0,0.0,0.0,0.0,0.0,0.0,0.0,0.0,0.0,0.0,0.0,0.0,0.0,0.0,0.0,0.0,0.0,0.0,0.0,0.0,0.0,0.0,0.0,0.0,0.0,0.0,0.0,0.0,0.0,0.0,0.0,0.0,0.0,0.0,0.0,0.0,0.0,0.0,0.0,0.0,0.0,0.0,0.0,0.0,0.0,0.0,0.0,0.0,0.0,0.0,0.0,0.0,0.0,0.0,0.0,0.0,0.0,0.0,0.0,0.0,0.0,0.0,0.0,0.0,0.0,0.0,0.0,0.0,0.0,0.0,0.0,0.0,0.0,0.0,0.0,0.0,0.0,0.0,0.0,0.0,0.0,0.0,0.0,0.0,0.0,0.0,0.0,0.0,0.0,0.0,0.0,0.0,0.0,0.0
512,0.0,0.0,0.0,0.0,0.0,0.0,0.0,0.0,0.0,0.0,0.0,0.0,0.0,0.0,0.0,0.0,0.0,0.0,0.0,0.0,0.0,0.0,0.0,0.0,0.0,0.0,0.0,0.0,0.0,0.0,0.0,0.0,0.0,0.0,0.0,0.0,0.0,0.0,0.0,0.0,0.0,0.0,0.0,0.0,0.0,0.0,0.0,0.0,0.0,0.0,0.0,0.0,0.0,0.0,0.0,0.0,0.0,0.0,0.0,0.0,0.0,0.0,0.0,0.0,0.0,0.0,0.0,0.0,0.0,0.0,0.0,0.0,0.0,0.0,0.0,0.0,0.0,0.0,0.0,0.0,0.0,0.0,0.0,0.0,0.0,0.0,0.0,0.0,0.0,0.0,0.0,0.0,0.0,0.0,0.0,0.0,0.0,0.0,0.0,0.0,0.0,0.0,0.0,0.0,0.0,0.0,0.0,0.0
513,0.0,0.0,0.0,0.0,0.0,0.0,0.0,0.0,0.0,0.0,0.0,0.0,0.0,0.0,0.0,0.0,0.0,0.0,0.0,0.0,0.0,0.0,0.0,0.0,0.0,0.0,0.0,0.0,0.0,0.0,0.0,0.0,0.0,0.0,0.0,0.0,0.0,0.0,0.0,0.0,0.0,0.0,0.0,0.0,0.0,0.0,0.0,0.0,0.0,0.0,0.0,0.0,0.0,0.0,0.0,0.0,0.0,0.0,0.0,0.0,0.0,0.0,0.0,0.0,0.0,0.0,0.0,0.0,0.0,0.0,0.0,0.0,0.0,0.0,0.0,0.0,0.0,0.0,0.0,0.0,0.0,0.0,0.0,0.0,0.0,0.0,0.0,0.0,0.0,0.0,0.0,0.0,0.0,0.0,0.0,0.0,0.0,0.0,0.0,0.0,0.0,0.0,0.0,0.0,0.0,0.0,0.0,0.0
514,0.0,0.0,0.0,0.0,0.0,0.0,0.0,0.0,0.0,0.0,0.0,0.0,0.0,0.0,0.0,0.0,0.0,0.0,0.0,0.0,0.0,0.0,0.0,0.0,0.0,0.0,0.0,0.0,0.0,0.0,0.0,0.0,0.0,0.0,0.0,0.0,0.0,0.0,0.0,0.0,0.0,0.0,0.0,0.0,0.0,0.0,0.0,0.0,0.0,0.0,0.0,0.0,0.0,0.0,0.0,0.0,0.0,0.0,0.0,0.0,0.0,0.0,0.0,0.0,0.0,0.0,0.0,0.0,0.0,0.0,0.0,0.0,0.0,0.0,0.0,0.0,0.0,0.0,0.0,0.0,0.0,0.0,0.0,0.0,0.0,0.0,0.0,0.0,0.0,0.0,0.0,0.0,0.0,0.0,0.0,0.0,0.0,0.0,0.0,0.0,0.0,0.0,0.0,0.0,0.0,0.0,0.0,0.0
515,0.0,0.0,0.0,0.0,0.0,0.0,0.0,0.0,0.0,0.0,0.0,0.0,0.0,0.0,0.0,0.0,0.0,0.0,0.0,0.0,0.0,0.0,0.0,0.0,0.0,0.0,0.0,0.0,0.0,0.0,0.0,0.0,0.0,0.0,0.0,0.0,0.0,0.0,0.0,0.0,0.0,0.0,0.0,0.0,0.0,0.0,0.0,0.0,0.0,0.0,0.0,0.0,0.0,0.0,0.0,0.0,0.0,0.0,0.0,0.0,0.0,0.0,0.0,0.0,0.0,0.0,0.0,0.0,0.0,0.0,0.0,0.0,0.0,0.0,0.0,0.0,0.0,0.0,0.0,0.0,0.0,0.0,0.0,0.0,0.0,0.0,0.0,0.0,0.0,0.0,0.0,0.0,0.0,0.0,0.0,0.0,0.0,0.0,0.0,0.0,0.0,0.0,0.0,0.0,0.0,0.0,0.0,0.0
516,0.0,0.0,0.0,0.0,0.0,0.0,0.0,0.0,0.0,0.0,0.0,0.0,0.0,0.0,0.0,0.0,0.0,0.0,0.0,0.0,0.0,0.0,0.0,0.0,0.0,0.0,0.0,0.0,0.0,0.0,0.0,0.0,0.0,0.0,0.0,0.0,0.0,0.0,0.0,0.0,0.0,0.0,0.0,0.0,0.0,0.0,0.0,0.0,0.0,0.0,0.0,0.0,0.0,0.0,0.0,0.0,0.0,0.0,0.0,0.0,0.0,0.0,0.0,0.0,0.0,0.0,0.0,0.0,0.0,0.0,0.0,0.0,0.0,0.0,0.0,0.0,0.0,0.0,0.0,0.0,0.0,0.0,0.0,0.0,0.0,0.0,0.0,0.0,0.0,0.0,0.0,0.0,0.0,0.0,0.0,0.0,0.0,0.0,0.0,0.0,0.0,0.0,0.0,0.0,0.0,0.0,0.0,0.0
517,0.0,0.0,0.0,0.0,0.0,0.0,0.0,0.0,0.0,0.0,0.0,0.0,0.0,0.0,0.0,0.0,0.0,0.0,0.0,0.0,0.0,0.0,0.0,0.0,0.0,0.0,0.0,0.0,0.0,0.0,0.0,0.0,0.0,0.0,0.0,0.0,0.0,0.0,0.0,0.0,0.0,0.0,0.0,0.0,0.0,0.0,0.0,0.0,0.0,0.0,0.0,0.0,0.0,0.0,0.0,0.0,0.0,0.0,0.0,0.0,0.0,0.0,0.0,0.0,0.0,0.0,0.0,0.0,0.0,0.0,0.0,0.0,0.0,0.0,0.0,0.0,0.0,0.0,0.0,0.0,0.0,0.0,0.0,0.0,0.0,0.0,0.0,0.0,0.0,0.0,0.0,0.0,0.0,0.0,0.0,0.0,0.0,0.0,0.0,0.0,0.0,0.0,0.0,0.0,0.0,0.0,0.0,0.0
518,0.0,0.0,0.0,0.0,0.0,0.0,0.0,0.0,0.0,0.0,0.0,0.0,0.0,0.0,0.0,0.0,0.0,0.0,0.0,0.0,0.0,0.0,0.0,0.0,0.0,0.0,0.0,0.0,0.0,0.0,0.0,0.0,0.0,0.0,0.0,0.0,0.0,0.0,0.0,0.0,0.0,0.0,0.0,0.0,0.0,0.0,0.0,0.0,0.0,0.0,0.0,0.0,0.0,0.0,0.0,0.0,0.0,0.0,0.0,0.0,0.0,0.0,0.0,0.0,0.0,0.0,0.0,0.0,0.0,0.0,0.0,0.0,0.0,0.0,0.0,0.0,0.0,0.0,0.0,0.0,0.0,0.0,0.0,0.0,0.0,0.0,0.0,0.0,0.0,0.0,0.0,0.0,0.0,0.0,0.0,0.0,0.0,0.0,0.0,0.0,0.0,0.0,0.0,0.0,0.0,0.0,0.0,0.0
519,0.0,0.0,0.0,0.0,0.0,0.0,0.0,0.0,0.0,0.0,0.0,0.0,0.0,0.0,0.0,0.0,0.0,0.0,0.0,0.0,0.0,0.0,0.0,0.0,0.0,0.0,0.0,0.0,0.0,0.0,0.0,0.0,0.0,0.0,0.0,0.0,0.0,0.0,0.0,0.0,0.0,0.0,0.0,0.0,0.0,0.0,0.0,0.0,0.0,0.0,0.0,0.0,0.0,0.0,0.0,0.0,0.0,0.0,0.0,0.0,0.0,0.0,0.0,0.0,0.0,0.0,0.0,0.0,0.0,0.0,0.0,0.0,0.0,0.0,0.0,0.0,0.0,0.0,0.0,0.0,0.0,0.0,0.0,0.0,0.0,0.0,0.0,0.0,0.0,0.0,0.0,0.0,0.0,0.0,0.0,0.0,0.0,0.0,0.0,0.0,0.0,0.0,0.0,0.0,0.0,0.0,0.0,0.0
520,0.0,0.0,0.0,0.0,0.0,0.0,0.0,0.0,0.0,0.0,0.0,0.0,0.0,0.0,0.0,0.0,11.344058990478516,0.0,0.0,0.0,0.0,0.0,0.0,0.0,0.0,0.0,0.0,0.0,0.0,0.0,0.0,0.0,0.0,0.0,0.0,0.0,0.0,0.0,0.0,0.0,0.0,0.0,0.0,0.0,0.0,0.0,0.0,0.0,0.0,0.0,0.0,0.0,0.0,0.0,0.0,0.0,0.0,0.0,0.0,0.0,0.0,0.0,0.0,0.0,0.0,0.0,0.0,0.0,0.0,0.0,0.0,0.0,0.0,0.0,0.0,0.0,0.0,0.0,0.0,0.0,0.0,0.0,10.687705993652344,0.0,0.0,0.0,0.0,0.0,0.0,0.0,0.0,0.0,0.0,0.0,0.0,0.0,0.0,0.0,0.0,0.0,0.0,0.0,0.0,0.0,0.0,0.0,0.0,0.0
521,0.0,0.0,0.0,0.0,0.0,0.0,0.0,0.0,0.0,0.0,0.0,0.0,0.0,0.0,0.0,0.0,11.344058990478516,0.0,0.0,0.0,0.0,0.0,0.0,0.0,0.0,0.0,0.0,0.0,0.0,0.0,0.0,0.0,0.0,0.0,0.0,0.0,0.0,0.0,0.0,0.0,0.0,0.0,0.0,0.0,0.0,0.0,0.0,0.0,0.0,0.0,0.0,0.0,0.0,0.0,0.0,0.0,0.0,0.0,0.0,0.0,0.0,0.0,0.0,0.0,0.0,0.0,0.0,0.0,0.0,0.0,0.0,0.0,0.0,0.0,0.0,0.0,0.0,0.0,0.0,0.0,0.0,0.0,10.687705993652344,0.0,0.0,0.0,0.0,0.0,0.0,0.0,0.0,0.0,0.0,0.0,0.0,0.0,0.0,0.0,0.0,0.0,0.0,0.0,0.0,0.0,0.0,0.0,0.0,0.0
522,0.0,0.0,0.0,3.5421829223632812,0.0,0.0,0.0,0.0,0.0,0.0,0.0,0.0,0.0,0.0,0.0,0.0,11.344058990478516,13.047332763671875,0.0,0.0,11.25143814086914,0.0,0.0,0.0,0.0,0.0,0.0,0.0,0.0,13.240730285644531,0.0,0.0,0.0,0.0,0.0,0.0,0.0,0.0,0.0,0.3162727355957031,0.0,0.0,0.0,0.0,0.0,0.0,0.0,0.0,0.0,0.0,0.0,0.0,0.0,0.0,0.0,0.0,1.8208904266357422,0.0,0.0,0.0,0.0,0.0,0.0,0.0,0.0,0.0,0.0,0.0,0.0,0.0,0.0,4.089759826660156,0.0,12.249469757080078,0.0,0.0,0.0,0.0,0.0,0.0,0.0,0.0,10.687705993652344,0.0,0.0,0.0,0.0,0.0,0.0,0.0,0.0,0.0,0.0,0.0,0.0,0.0,0.0,0.0,0.0,0.0,0.0,0.0,0.0,0.0,0.0,0.0,0.0,0.0
523,0.0,0.0,0.0,3.5421829223632812,0.0,0.0,0.0,0.0,0.0,0.0,0.0,0.0,0.0,0.0,0.0,0.0,11.344058990478516,13.047332763671875,0.0,0.0,11.25143814086914,13.119232177734375,0.0,0.0,0.0,0.0,0.0,11.58858871459961,0.0,13.240730285644531,0.0,0.0,0.0,0.0,0.0,0.0,0.0,0.0,9.976551055908203,12.451789855957031,0.0,0.0,0.0,0.0,0.0,0.0,0.0,0.0,0.0,0.0,0.0,0.0,0.0,0.0,0.0,0.0,1.8208904266357422,0.0,0.0,0.0,0.0,0.0,0.0,12.582103729248047,0.0,0.0,0.0,0.0,0.0,0.0,0.0,4.089759826660156,0.0,12.249469757080078,12.026702880859375,0.0,0.0,0.0,0.0,0.0,0.0,0.0,10.687705993652344,0.0,0.0,0.0,0.0,0.0,0.0,0.0,0.0,0.0,0.0,0.0,0.0,0.0,0.0,0.0,0.0,0.0,0.0,0.0,0.0,0.0,0.0,0.0,0.0,0.0
524,0.0,0.0,0.0,3.5421829223632812,0.0,0.0,0.0,0.0,0.0,0.0,0.0,0.0,0.0,0.0,0.0,0.0,11.344058990478516,13.047332763671875,0.0,0.0,11.25143814086914,13.119232177734375,0.0,0.0,0.0,0.0,0.0,11.58858871459961,0.0,13.240730285644531,0.0,0.0,0.0,0.0,0.0,0.0,0.0,0.0,9.976551055908203,12.451789855957031,12.100292205810547,0.0,0.0,0.0,0.0,0.0,0.0,0.0,0.0,0.0,0.0,0.0,0.0,0.0,0.0,0.0,1.8208904266357422,0.0,0.0,0.0,0.0,0.0,0.0,12.582103729248047,0.0,0.0,0.0,0.0,0.0,0.0,0.0,4.089759826660156,0.0,12.249469757080078,12.026702880859375,0.0,0.0,0.0,0.0,0.0,0.0,0.0,10.687705993652344,0.0,0.0,0.0,0.0,0.0,0.0,0.0,0.0,0.0,0.0,0.0,0.0,0.0,0.0,0.0,0.0,0.0,0.0,0.0,0.0,0.0,0.0,0.0,0.0,0.0
525,0.0,0.0,0.0,3.5421829223632812,0.0,0.0,0.0,0.0,0.0,0.0,0.0,0.0,0.0,0.0,0.0,0.0,11.344058990478516,13.047332763671875,0.0,0.0,11.25143814086914,13.119232177734375,0.0,0.0,0.0,0.0,0.0,11.58858871459961,0.0,13.240730285644531,0.0,0.0,0.0,0.0,0.0,0.0,0.0,0.0,9.976551055908203,12.451789855957031,12.100292205810547,0.0,0.0,0.0,0.0,0.0,0.0,0.0,0.0,0.0,0.0,0.0,0.0,0.0,0.0,0.0,1.8208904266357422,0.0,0.0,0.0,0.0,0.0,0.0,12.582103729248047,0.0,0.0,0.0,0.0,0.0,0.0,0.0,4.089759826660156,0.0,12.249469757080078,12.026702880859375,0.0,0.0,0.0,0.0,0.0,0.0,0.0,10.687705993652344,0.0,0.0,0.0,0.0,0.0,0.0,0.0,0.0,0.0,0.0,0.0,0.0,0.0,0.0,0.0,0.0,0.0,0.0,0.0,0.0,0.0,0.0,0.0,0.0,0.0
526,0.0,0.0,0.0,3.3767255554199203,0.0,0.0,0.0,0.0,0.0,0.0,0.0,0.0,0.0,0.0,0.0,0.0,11.178601623535155,12.881875396728514,0.0,0.0,11.08598077392578,12.953774810791014,0.0,0.0,0.0,0.0,0.0,11.423131347656248,0.0,13.07527291870117,0.0,0.0,0.0,0.0,0.0,0.0,0.0,0.0,9.811093688964842,12.28633248901367,11.934834838867186,0.0,0.0,0.0,0.0,0.0,0.0,0.0,0.0,0.0,0.0,0.0,0.0,0.0,0.0,0.0,1.6554330596923812,0.0,0.0,0.0,0.0,0.0,0.0,12.416646362304686,0.0,0.0,0.0,0.0,0.0,0.0,0.0,3.9243024597167953,0.0,12.084012390136717,11.861245513916014,0.0,0.0,0.0,0.0,0.0,0.0,0.0,10.522248626708983,0.0,0.0,0.0,0.0,0.0,0.0,0.0,0.0,0.0,0.0,0.0,0.0,0.0,0.0,0.0,0.0,0.0,0.0,0.0,0.0,0.0,0.0,0.0,0.0,0.0
527,0.0,0.0,0.0,4.247666122436524,0.0,0.0,0.0,0.0,0.0,0.0,0.0,0.0,0.0,0.0,0.0,0.0,11.013144256591797,12.716418029785157,0.0,0.0,10.920523406982422,12.788317443847657,0.0,0.0,0.0,0.0,0.0,11.257673980712891,0.0,12.909815551757813,0.0,0.0,0.0,0.0,0.0,0.0,0.0,0.0,9.645636322021485,12.120875122070313,11.769377471923828,0.0,0.0,0.0,0.0,0.0,0.0,0.0,0.0,0.0,0.0,0.0,0.0,0.0,0.0,0.0,0.0,0.0,0.0,0.0,0.0,0.0,0.0,12.251188995361328,0.0,0.0,0.0,0.0,0.0,0.0,0.0,12.361239196777344,0.0,11.91855502319336,11.695788146972657,0.0,0.0,0.0,12.669085266113282,0.0,0.0,0.0,10.356791259765625,0.0,0.0,0.0,0.0,0.0,0.0,0.0,0.0,0.0,0.0,0.0,0.0,0.0,0.0,0.0,0.0,0.0,0.0,0.0,0.0,0.0,0.0,2.7274463195800784,0.25715899658203156,0.0
528,0.0,0.0,0.0,4.082208755493163,0.0,0.0,0.0,0.0,0.0,0.0,0.0,0.0,0.0,0.0,0.0,0.0,10.847686889648436,12.550960662841796,0.0,0.0,10.755066040039061,12.622860076904296,0.0,0.0,0.0,0.0,0.0,11.09221661376953,0.0,12.744358184814452,0.0,0.0,0.0,0.0,0.0,0.0,0.0,0.0,9.480178955078124,11.955417755126952,11.603920104980467,0.0,0.0,0.0,0.0,0.0,0.0,0.0,0.0,0.0,0.0,0.0,0.0,0.0,0.0,0.0,0.0,0.0,0.0,0.0,0.0,0.0,0.0,12.085731628417967,0.0,0.0,0.0,0.0,0.014473083496092443,0.0,0.0,12.195781829833983,0.0,11.753097656249999,11.530330780029296,0.0,0.0,0.0,12.50362789916992,0.0,0.0,0.0,10.191333892822264,0.0,0.0,0.0,0.0,0.0,0.0,0.0,0.0,0.0,0.0,0.0,8.003120544433592,0.0,0.0,0.0,0.0,0.0,0.0,0.0,0.0,0.0,0.0,2.5619889526367174,0.09170162963867057,0.0
529,0.0,0.0,0.0,3.9167513885498053,0.0,0.0,0.0,0.0,0.0,0.0,0.0,0.0,8.630944732666016,8.521438125610352,0.0,0.0,10.682229522705079,12.385503295898438,0.0,0.0,10.589608673095704,12.457402709960938,0.0,0.0,0.0,0.0,0.0,10.926759246826173,0.0,12.578900817871094,0.0,0.0,0.0,0.0,0.0,11.2387900390625,0.0,0.0,9.314721588134766,11.789960388183594,11.43846273803711,0.0,0.0,0.0,0.0,0.0,0.0,0.0,0.0,0.0,0.0,0.0,0.0,0.0,0.0,0.0,0.0,0.0,0.0,0.0,0.0,0.0,0.0,11.92027426147461,0.0,0.0,0.0,9.314721588134766,0.0,0.0,0.0,12.030324462890626,0.0,11.587640289306641,11.364873413085938,0.0,0.0,0.0,12.338170532226563,0.0,0.0,0.0,10.025876525878907,0.0,0.0,0.0,0.0,0.0,0.0,0.0,0.0,0.0,0.0,0.0,9.7915244140625,0.0,8.606019500732423,0.0,11.338170532226563,0.0,0.0,1.7088828125000006,0.0,0.0,0.0,2.39653158569336,7.471059326171876,11.201407913208008
530,0.0,8.383356933593749,0.0,3.7512940216064443,0.0,0.0,0.0,9.91470993041992,0.0,0.0,0.0,0.0,8.465487365722655,8.355980758666991,0.0,8.383356933593749,10.516772155761718,12.220045928955077,0.0,0.0,10.424151306152343,12.291945343017577,0.0,0.0,11.154707794189452,0.0,0.0,10.761301879882812,0.0,12.413443450927733,9.105351333618163,0.0,0.0,12.375513916015624,6.107064132690429,11.07333267211914,0.0,0.0,9.149264221191405,11.624503021240233,11.273005371093749,0.0,0.0,0.0,0.0,0.0,0.0,9.612379913330077,0.0,11.506468658447265,0.0,11.655089263916015,7.644827728271483,8.43597686767578,0.0,0.0,0.0,11.699877624511718,0.0,2.7148960876464834,0.0,0.0,0.0,11.754816894531249,5.778523330688476,0.0,0.0,9.149264221191405,0.0,0.0,0.0,11.864867095947265,0.0,11.42218292236328,11.199416046142577,0.0,0.0,0.0,12.172713165283202,2.7148960876464834,0.0,0.0,9.860419158935546,0.0,0.0,7.562924270629882,0.0,0.0,0.0,11.17092788696289,0.0,9.995331649780272,0.0,0.0,9.62606704711914,0.0,8.440562133789062,0.0,11.172713165283202,0.0,0.0,1.5434254455566396,0.0,0.0,0.0,2.231074218749999,7.305601959228515,11.035950546264647
531,11.014286285400392,8.217899566650392,8.27265382385254,3.585836654663087,8.983806854248048,9.06984735107422,10.96348405456543,9.749252563476563,0.0,0.0,0.0,0.0,8.300029998779298,8.190523391723634,0.0,9.843561416625978,10.35131478881836,12.05458856201172,0.0,11.256725555419923,10.258693939208985,12.12648797607422,0.0,0.0,10.774608856201173,0.0,11.375419860839845,10.595844512939454,0.0,12.247986083984376,8.939893966674806,9.07765985107422,11.00970101928711,12.210056549072267,10.460869079589845,11.950203186035157,11.649738555908204,0.0,8.983806854248048,11.459045654296876,11.107548004150392,0.0,0.0,11.044830566406251,0.0,0.0,0.0,9.44692254638672,0.0,11.223114257812501,11.262424713134767,11.489631896972657,7.479370361328126,8.270519500732423,11.026043182373048,11.194435363769532,0.0,11.53442025756836,11.464020019531251,2.549438720703126,0.0,0.0,10.945589309692384,11.589359527587892,10.056518798828126,10.543115859985353,11.296272521972657,10.587162261962892,0.0,11.007255798339845,0.0,11.699409729003907,9.64559197998047,11.256725555419923,11.03395867919922,10.937717681884767,0.0,0.0,12.007255798339845,9.44692254638672,10.955042129516603,8.273880249023438,9.694961791992188,0.0,0.0,7.397466903686524,0.0,9.054409271240235,0.0,11.005470520019532,0.0,9.829874282836915,10.542993789672853,10.473142868041993,9.460609680175782,0.0,8.275104766845704,0.0,11.007255798339845,10.460869079589845,0.0,8.275104766845704,0.0,7.60870004272461,0.0,2.0656168518066416,7.140144592285157,10.87049317932129
532,11.096967346191406,8.05244219970703,11.29856265258789,3.420379287719726,8.818349487304687,10.574899322509765,10.87937319946289,9.583795196533202,0.0,11.997911102294921,0.0,0.0,8.134572631835937,10.430387145996093,0.0,9.678104049682617,10.185857421875,11.889131195068359,11.028977996826171,11.091268188476562,10.093236572265624,11.961030609130859,0.0,8.920251495361327,10.84531558227539,0.0,11.169000274658202,10.430387145996093,11.754411346435546,12.082528717041015,11.624051696777343,8.912202484130859,10.84424365234375,12.044599182128906,11.086137420654296,11.784745819091796,11.484281188964843,0.0,8.818349487304687,11.293588287353515,10.94209063720703,0.0,0.0,10.94209063720703,11.322991973876952,0.0,10.905397064208984,8.79639208984375,11.381105072021484,11.05765689086914,10.87937319946289,11.324174530029296,10.582061416625976,8.105062133789062,10.860585815429687,11.028977996826171,0.0,11.368962890625,11.29856265258789,11.096967346191406,0.0,0.0,10.780131942749023,11.42390216064453,11.04089892578125,10.377658493041992,11.130815155029296,10.42170489501953,10.94209063720703,10.841798431396484,0.0,11.533952362060546,9.480134613037109,11.091268188476562,10.868501312255859,10.772260314941406,0.0,2.7125297851562493,11.841798431396484,9.281465179443359,10.789584762573242,10.737504608154296,9.529504425048827,0.0,0.0,9.939338333129882,0.0,9.459369308471679,0.0,10.840013153076171,11.631257659912109,9.664416915893554,10.67953074645996,10.307685501098632,9.295152313232421,0.0,8.109647399902343,0.0,10.841798431396484,10.829822189331054,11.857858306884765,10.322785980224609,0.0,11.274510986328124,0.0,9.264150268554687,6.974687225341796,10.705035812377929
533,11.288126953125001,11.80352688598633,11.020258911132814,11.18857098388672,8.65289212036133,11.318823822021486,10.868113525390626,11.218428619384767,11.728724487304689,11.832453735351564,0.0,0.0,10.676341064453126,10.819060333251954,0.0,10.861487396240236,10.020400054931642,11.723673828125001,10.863520629882814,10.868113525390626,9.927779205322267,11.795573242187501,11.452605255126954,10.676341064453126,11.12536526489258,0.0,11.003542907714845,10.264929779052736,11.588953979492189,11.917071350097658,11.007807739257814,10.83468914794922,11.418162353515626,11.879141815185548,11.318823822021486,11.619288452148439,11.318823822021486,0.0,11.726771362304689,11.128130920410158,10.776633270263673,11.676341064453126,0.0,10.776633270263673,11.157534606933595,0.0,11.872878082275392,10.937209136962892,11.215647705078126,11.007807739257814,10.95745755004883,11.676341064453126,11.637095458984376,10.937209136962892,11.288126953125001,10.863520629882814,0.0,11.203505523681642,11.150958068847658,11.155207641601564,11.917071350097658,10.594325073242189,10.614674575805665,11.258444793701173,11.291918762207033,11.96902752685547,10.965357788085939,11.258444793701173,10.99927426147461,10.676341064453126,0.0,11.776728637695314,10.676341064453126,10.925810821533204,10.703043945312501,11.354632385253908,0.0,10.676341064453126,11.676341064453126,9.116007812500001,11.719573028564454,10.676341064453126,10.676341064453126,10.956217773437501,11.25378323364258,10.676341064453126,0.0,10.958559997558595,0.0,10.795619018554689,11.465800292968751,9.498959548950197,11.085001953125001,10.711623199462892,10.63943768310547,0.0,7.944190032958986,0.0,10.676341064453126,10.664364822387697,11.785952575683595,10.869730957031251,10.676341064453126,11.109053619384767,0.0,10.180140502929689,10.95745755004883,10.676341064453126
534,11.285107025146484,11.638069519042968,10.73469580078125,11.510883697509765,9.777405151367187,11.153366455078125,10.696102508544922,11.052971252441406,11.563267120361328,11.666996368408203,0.0,0.0,10.510883697509765,10.518886932373047,0.0,10.792000183105468,9.85494268798828,11.55821646118164,10.510883697509765,10.529671081542968,11.803570159912109,11.63011587524414,12.123989471435547,10.510883697509765,11.052971252441406,0.0,10.699154266357422,10.099472412109375,11.510883697509765,11.751613983154297,11.459591278076172,10.754093536376953,11.287147888183593,11.713684448242187,11.142891296386718,11.453831085205078,11.751613983154297,0.0,11.561313995361328,10.962673553466797,11.215114959716797,11.510883697509765,11.510883697509765,10.611175903320312,10.992077239990234,11.658420928955078,11.70742071533203,10.510883697509765,11.050190338134765,10.792000183105468,10.792000183105468,11.510883697509765,11.471638092041015,10.77175177001953,11.315632232666015,11.30034292602539,0.0,11.03804815673828,10.985500701904297,11.317505249023437,11.882088073730468,10.428867706298828,10.510883697509765,11.166145690917968,11.126461395263672,11.713684448242187,10.799900421142578,11.092987426757812,10.889225372314453,10.512180694580078,11.589485534667968,11.611271270751953,10.510883697509765,11.531063446044922,10.53758657836914,11.130108245849609,0.0,10.510883697509765,11.510883697509765,10.510883697509765,11.554115661621093,10.510883697509765,10.510883697509765,11.423496612548828,11.088325866699218,10.515972503662109,0.0,10.653602966308593,0.0,10.630161651611328,11.30034292602539,10.510883697509765,10.989750274658203,10.54616583251953,11.092987426757812,11.713684448242187,10.844639190673828,0.0,10.838085540771484,11.459591278076172,11.620495208740234,10.70427359008789,10.510883697509765,11.408295043945312,0.0,10.48036993408203,11.334297546386718,11.050190338134765
535,11.365606079101564,11.472612152099611,10.884732971191408,11.345426330566408,10.345426330566408,11.353456268310548,10.668359527587892,11.596502075195314,11.39780975341797,11.809949645996095,0.0,11.347158203125002,10.345426330566408,11.100713500976564,0.0,11.430909881591798,10.468168029785158,11.392759094238283,10.345426330566408,10.364213714599611,11.638112792968752,11.464658508300783,11.958532104492189,10.345426330566408,10.461721191406252,0.0,11.345426330566408,10.293212661743166,11.345426330566408,11.586156616210939,11.294133911132814,10.588636169433595,11.121690521240236,11.54822708129883,11.28837371826172,11.40696502685547,11.586156616210939,0.0,11.345426330566408,10.797216186523439,11.593198547363283,11.345426330566408,11.345426330566408,10.571203002929689,11.329229125976564,11.49296356201172,11.541963348388673,10.602315673828127,11.805154571533205,11.15204788208008,11.119649658203127,11.757608184814455,11.345426330566408,10.606294403076173,11.098146209716798,11.15598846435547,0.0,11.345426330566408,11.353448638916017,11.596502075195314,11.716630706787111,11.586156616210939,10.720174560546877,11.160279998779298,11.464658508300783,11.562917480468752,11.345426330566408,11.345426330566408,11.119649658203127,10.459501037597658,11.424028167724611,11.445813903808595,10.345426330566408,11.365606079101564,11.683919677734377,11.276586303710939,0.0,10.510835418701173,11.345426330566408,10.345426330566408,11.490369567871095,10.642812500000002,10.838742980957033,11.25803924560547,10.922868499755861,10.350515136718752,10.08408905029297,11.345426330566408,0.0,11.519300231933595,11.345426330566408,10.681722412109377,11.252427825927736,11.038823852539064,11.170655975341798,11.54822708129883,10.67918182373047,0.0,11.392156372070314,11.313028106689455,11.455037841796877,10.602319488525392,10.345426330566408,11.345426330566408,11.313028106689455,10.345426330566408,11.168840179443361,10.884732971191408
536,11.518462310791016,10.754767547607422,10.719275604248047,11.353842864990234,10.50527490234375,11.630904327392578,11.086970458984375,11.431044708251953,11.1834365234375,11.644492279052734,0.0,11.18170083618164,10.179968963623047,11.523261199951172,0.0,11.39746011352539,10.757334838867187,11.227301727294922,10.50835336303711,10.209555755615234,11.47265542602539,11.299201141357422,11.793074737548828,10.179968963623047,10.29626382446289,,11.37164224243164,11.289397369384766,11.523261199951172,11.420699249267578,11.25857080078125,11.543799530029297,11.508067260742187,11.382769714355469,11.179968963623047,11.465342651367187,11.420699249267578,0.0,11.227301727294922,11.543799530029297,11.398478637695312,11.179968963623047,11.179968963623047,10.405745635986328,11.163771759033203,11.32750619506836,11.971266876220703,10.795546661376953,11.765727172851562,11.35647119140625,11.227301727294922,11.430029998779297,11.227301727294922,11.1834365234375,11.42901528930664,11.66088784790039,10.795546661376953,11.179968963623047,11.592150817871094,11.763461242675781,11.55117333984375,11.420699249267578,10.554717193603516,11.324912200927734,11.752600799560547,11.39746011352539,11.179968963623047,11.371859680175781,10.835555206298828,10.591895233154297,11.25857080078125,11.779399047851562,10.450705657958984,11.086970458984375,11.518462310791016,11.71294320678711,0.0,10.574442993164062,11.179968963623047,10.511435638427734,11.95592416381836,10.47735513305664,10.673285614013672,11.25857080078125,11.412081848144531,10.45519174194336,9.91863168334961,11.179968963623047,0.0,11.353842864990234,11.441393981933594,10.889990936279297,11.47265542602539,10.873366485595703,11.633128295898437,11.382769714355469,11.47265542602539,0.0,11.226699005126953,11.512862335205078,11.289580474853516,10.695834289550781,10.322409759521484,11.630904327392578,11.147570739746094,10.402163635253906,11.389529357910156,10.901965270996094
537,11.217312347412111,10.589310180664064,10.339817535400393,10.549137603759768,10.339817535400393,11.114899169921877,10.530224334716799,11.474239837646486,11.017979156494143,11.221157562255861,0.0,11.016243469238283,10.013821136474611,11.357803833007814,0.0,11.01451159667969,10.59187747192383,11.061844360351564,10.365078460693361,10.28752185058594,11.01451159667969,11.02254153442383,11.62761737060547,10.01451159667969,10.130806457519533,,11.281460296630861,11.093113433837893,11.281460296630861,11.25524188232422,11.093113433837893,11.01451159667969,10.936016571044924,11.217312347412111,11.262283813476564,11.265587341308596,11.25524188232422,0.0,11.061844360351564,11.017979156494143,11.233021270751955,11.01451159667969,11.01451159667969,10.284645568847658,11.189590942382814,11.600269805908205,11.236275207519533,10.630089294433596,11.600269805908205,11.191013824462893,11.37834216308594,11.337009918212893,11.229435455322268,11.017979156494143,11.263557922363283,11.152592193603518,10.630089294433596,10.55659915161133,11.426693450927736,11.598003875732424,11.123940002441408,11.017979156494143,10.389259826660158,11.159454833984377,11.37834216308594,11.166588317871096,11.01451159667969,11.322105895996096,10.463535797119143,10.42643786621094,11.061844360351564,11.295132171630861,10.285248291015627,10.567894470214846,11.353004943847658,11.547485839843752,9.775124084472658,10.430092346191408,11.01451159667969,10.471275817871096,11.027088653564455,10.31184817504883,10.424324523925783,11.133743774414064,11.246624481201174,10.289734375000002,10.982113372802736,11.221157562255861,0.0,11.01451159667969,11.275936614990236,10.72453356933594,11.01451159667969,11.01451159667969,11.152592193603518,10.97526599121094,10.97526599121094,,11.061241638183596,11.01451159667969,11.027088653564455,10.760452758789064,10.295628082275393,11.46544696044922,10.982113372802736,10.236706268310549,11.224071990966799,10.630089294433596
538,10.66327084350586,10.423852813720703,10.071248901367188,10.428789031982422,10.174360168457032,10.849054229736328,10.23972119140625,10.849054229736328,10.852521789550782,10.822465789794922,0.0,10.850786102294922,9.84704769897461,11.1296748046875,0.0,10.849054229736328,10.426420104980469,10.308118713378907,10.19962109375,10.146440399169922,10.849054229736328,10.850786102294922,10.849290740966797,9.849054229736328,10.13293637084961,,10.849054229736328,10.927656066894532,10.888936889648438,11.08978451538086,10.849054229736328,10.849054229736328,10.770559204101563,11.220258605957032,11.096826446533203,10.594995391845703,10.857076538085938,,10.135705841064453,10.852521789550782,10.229898345947266,10.849054229736328,10.324788940429688,10.119188201904297,10.964395416259766,11.434812438964844,10.786043060302735,10.21399868774414,11.434812438964844,11.0858515625,10.849054229736328,10.849054229736328,10.849054229736328,10.852521789550782,10.822465789794922,10.849290740966797,10.464631927490235,10.237031829833985,10.86511410522461,11.432546508789063,10.958482635498047,10.852521789550782,10.211015594482422,10.13598812866211,10.789716613769532,11.001130950927735,10.849054229736328,10.563154113769532,10.428789031982422,10.102388275146485,10.66327084350586,11.1296748046875,10.071248901367188,10.222761047363282,11.187547576904297,10.861631286621094,9.609666717529297,10.121003997802735,10.849054229736328,10.305818450927735,10.852521789550782,10.119626892089844,10.258867156982422,10.968286407470703,10.849054229736328,10.107622039794922,10.816656005859375,11.0557001953125,10.491536987304688,10.797761810302735,10.388360870361328,10.35776318359375,10.809808624267578,10.849054229736328,10.987134826660157,10.809808624267578,10.809808624267578,,10.257715118408203,10.849054229736328,10.849054229736328,10.594995391845703,10.130170715332032,11.29998959350586,10.816656005859375,10.071248901367188,10.849054229736328,10.670915496826172
539,10.06425405883789,10.258395446777342,9.905791534423827,9.936930908203124,9.964091552734374,10.225684417724608,10.019892944335936,10.705210937499999,10.991191162109374,10.505458129882811,11.683596862792967,10.683596862792967,9.681590332031249,10.96421743774414,0.0,10.037333740234374,10.218222869873046,10.142661346435546,9.888880981445311,9.980983032226561,10.683596862792967,10.685328735351561,10.683833374023436,9.826064361572264,9.967479003906249,11.704097045898436,10.683596862792967,10.76219869995117,10.515570892333983,10.683596862792967,10.683596862792967,10.683596862792967,10.605101837158202,11.05480123901367,10.498450531005858,9.944464935302733,10.691619171142577,,9.970248474121092,10.63606573486328,10.021975769042967,10.683596862792967,9.957499755859374,9.929171813964842,10.798938049316405,11.269355072021483,10.620585693359374,10.04854132080078,10.683596862792967,10.92039419555664,10.683596862792967,10.683596862792967,10.059603942871092,10.68706442260742,10.515570892333983,10.683833374023436,11.211215270996092,10.071574462890624,10.699656738281249,10.683596862792967,10.793025268554686,10.68706442260742,10.083934082031249,9.95881964111328,10.62425924682617,11.011695159912108,10.730929626464842,10.39769674682617,10.263331665039061,9.936930908203124,10.644351257324217,10.683596862792967,9.905791534423827,9.963473571777342,9.980983032226561,10.696173919677733,9.444209350585936,9.955546630859374,10.683596862792967,9.939860595703124,10.683596862792967,9.85383917236328,10.093409790039061,10.644351257324217,10.222903503417967,9.942164672851561,10.685328735351561,10.039660705566405,10.326079620361327,10.169909729003905,10.222903503417967,9.964091552734374,10.644351257324217,10.683596862792967,10.210761322021483,10.093806518554686,10.683596862792967,,10.092257751464842,10.498450531005858,10.362796081542967,10.046286834716796,10.061930908203124,10.683596862792967,10.651198638916014,9.967631591796874,10.465850128173827,10.505458129882811
540,9.676411285400391,10.092938079833985,9.776302947998047,9.771473541259766,9.798634185791016,10.06022705078125,9.854435577392579,10.539753570556641,10.825733795166016,10.3329931640625,11.51813949584961,10.51813949584961,9.516132965087891,10.798760070800782,0.0,9.871876373291016,10.052765502929688,9.977203979492188,9.723423614501954,9.815525665283204,10.51813949584961,10.519871368408204,10.518376007080079,9.660606994628907,9.97950424194336,11.538639678955079,10.439644470214844,10.596741333007813,10.350113525390626,10.51813949584961,10.51813949584961,10.51813949584961,10.439644470214844,10.889343872070313,10.3329931640625,9.779007568359376,10.52616180419922,,9.887344970703126,9.719319000244141,9.883083953857422,10.51813949584961,9.726353302001954,9.763714447021485,10.633480682373047,11.103897705078126,10.455128326416016,9.717239990234376,10.51813949584961,10.51813949584961,10.501942291259766,10.332356109619141,9.706410064697266,11.15516342163086,10.052765502929688,10.518376007080079,11.045757904052735,9.776707305908204,10.534199371337891,10.51813949584961,10.371060028076172,10.521607055664063,9.816425933837891,9.793362274169922,10.292362823486329,10.84623779296875,10.724785461425782,10.052765502929688,9.825688018798829,9.719319000244141,10.47889389038086,10.51813949584961,9.74033416748047,9.761349334716797,9.815525665283204,10.530716552734376,9.278751983642579,9.676411285400391,10.439644470214844,9.774403228759766,10.51813949584961,9.701107635498047,9.774403228759766,10.47889389038086,10.05744613647461,9.776707305908204,10.519871368408204,9.874203338623047,10.972622528076172,10.004452362060547,10.05744613647461,9.798634185791016,10.47889389038086,10.045303955078126,10.045303955078126,9.928349151611329,10.51813949584961,,9.67636932373047,9.72974838256836,10.19733871459961,9.793362274169922,9.896473541259766,10.51813949584961,10.485741271972657,9.802174224853516,10.052765502929688,10.340000762939454
541,9.63961602783203,9.927480712890624,9.55386163330078,9.653699890136718,9.768262878417968,9.827241912841796,9.611249938964843,10.031881347656249,10.989706054687499,10.16753579711914,11.352682128906249,10.326093688964843,9.35067559814453,10.313436523437499,0.0,9.717760101318358,9.887308135986327,10.352682128906249,9.557966247558593,9.728689208984374,10.352682128906249,10.58099557495117,10.574445739746093,9.978696838378905,9.944860473632811,11.373182312011718,10.274187103271483,11.177663818359374,10.354414001464843,10.80584146118164,10.55548287963867,10.490762725830077,10.453069702148436,10.997961059570311,10.270547882080077,9.752634063720702,10.504758850097655,,9.835058227539061,9.55386163330078,9.804788604736327,10.352682128906249,9.623418823242186,9.63961602783203,10.468023315429686,10.938440338134765,10.16689874267578,9.804788604736327,10.352682128906249,10.117540374755858,10.326093688964843,10.352682128906249,9.761343017578124,11.13714028930664,9.887308135986327,10.490762725830077,10.880300537109374,9.93004800415039,10.352682128906249,10.352682128906249,10.205602661132811,10.59341241455078,9.73858071899414,9.93804360961914,10.270547882080077,10.356149688720702,10.55932809448242,9.887308135986327,9.633176818847655,9.73858071899414,10.040708557128905,10.352682128906249,9.727430358886718,9.565935150146483,9.656770721435546,11.159322753906249,9.113294616699218,9.51095391845703,10.274187103271483,10.071607604980468,10.356149688720702,9.752634063720702,9.761343017578124,10.529184356689452,9.891988769531249,9.611249938964843,10.354414001464843,9.708745971679686,10.807165161132811,10.129961029052733,10.031881347656249,9.634901062011718,10.034860626220702,9.879846588134765,9.879846588134765,10.274187103271483,10.352682128906249,,9.478094116210936,9.564291015624999,10.031881347656249,9.747156158447265,9.731016174316405,10.484853759765624,11.34387399291992,9.656465545654296,9.801706329345702,10.274187103271483
542,9.921195404052735,9.762023345947267,9.77248324584961,9.60280551147461,9.780345336914063,10.272708312988282,10.163459197998048,10.640384094238282,10.824248687744142,9.703021423339845,10.932296173095704,10.160636322021485,9.043803588867188,10.427955047607423,,9.599151031494142,10.208838836669923,10.187224761962892,9.770762817382813,9.636248962402345,10.52092303466797,11.13090838623047,10.408988372802735,10.049544708251954,9.779403106689454,11.20772494506836,10.272708312988282,11.187224761962892,10.188956634521485,10.640384094238282,10.390025512695313,10.434996978759767,10.32530535888672,10.832503692626954,10.393870727539063,9.565558807373048,10.339301483154298,,9.726531402587892,9.866423980712892,9.737063781738282,10.187224761962892,9.62169970703125,9.599151031494142,11.13090838623047,10.861846343994142,10.001441375732423,10.079722778320313,11.155936614990235,9.897246734619142,10.434996978759767,10.248763458251954,9.64628924560547,10.971682922363282,10.187224761962892,10.295634643554688,10.714843170166017,10.295634643554688,10.187224761962892,10.786654846191407,9.691485778808595,10.427955047607423,9.573123352050782,9.772586242675782,10.393870727539063,10.32530535888672,10.393870727539063,9.599151031494142,9.467719451904298,9.703021423339845,9.875251190185548,10.187224761962892,9.62169970703125,9.669600860595704,9.764617340087892,11.13090838623047,10.265826599121095,9.63933123779297,10.302565948486329,9.90615023803711,10.786654846191407,9.901324645996095,9.595885650634767,10.319396392822267,10.144263641357423,9.599151031494142,11.187224761962892,9.860579864501954,10.641707794189454,10.019198791503907,10.001441375732423,10.147979156494142,10.187224761962892,10.23045672607422,10.049544708251954,10.108729736328126,10.187224761962892,,9.567511932373048,10.187224761962892,9.953334228515626,9.948836700439454,9.860579864501954,10.319396392822267,11.178416625976563,9.852347747802735,9.933165924072267,10.108729736328126
543,9.556393402099609,9.596565979003906,9.60702587890625,9.504143493652343,9.733826416015624,10.14902569580078,10.228413360595702,10.474926727294921,10.686951416015624,9.914265411376952,10.766838806152343,9.995178955078124,8.878346221923827,10.82840802001953,,9.686569946289062,10.043381469726562,9.70096661376953,9.605305450439452,9.548931854248046,10.549385803222656,10.965451019287109,10.243531005859374,9.884087341308593,9.613945739746093,,10.39066387939453,10.02176739501953,10.314453857421874,10.782341735839843,11.02176739501953,10.206043975830077,10.159847991943359,10.206043975830077,10.388130920410156,9.400101440429687,11.02176739501953,,9.755738037109374,9.70096661376953,9.571606414794921,9.74442364501953,9.709793823242187,9.43369366455078,10.965451019287109,11.012959259033202,9.715470092773437,9.914265411376952,10.782341735839843,9.73178936767578,10.388130920410156,10.083306091308593,9.599133270263671,10.806225555419921,10.02176739501953,9.914265411376952,10.02176739501953,10.130177276611327,10.86509014892578,10.621197479248046,9.556393402099609,10.262497680664062,9.74640347290039,9.808167236328124,10.238243835449218,10.159847991943359,10.228413360595702,9.75106884765625,9.733826416015624,9.537564056396484,9.709793823242187,10.02176739501953,9.728894012451171,9.735867279052734,9.932640808105468,10.965451019287109,,9.70096661376953,10.137108581542968,10.269539611816406,10.621197479248046,9.978806274414062,9.605305450439452,10.02176739501953,9.82639385986328,9.43369366455078,11.02176739501953,10.02176739501953,10.476250427246093,9.853741424560546,9.835984008789062,9.98252178955078,10.02176739501953,10.064999359130859,9.884087341308593,10.02176739501953,10.02176739501953,,9.424305694580077,9.783379333496093,10.472702758789062,9.783379333496093,9.695122497558593,10.610802429199218,11.02176739501953,9.686890380859374,10.123169677734374,10.634873168945312
544,9.856310028076173,8.807518142700197,9.398397583007814,9.682108062744142,9.26699270629883,9.688284057617189,10.062955993652345,9.856310028076173,10.218229431152345,9.236967224121095,10.601381439208986,9.718546051025392,8.71288885498047,10.847501892089845,,9.349626678466798,9.570409912109376,9.372022766113282,9.236967224121095,9.31307424926758,9.856310028076173,10.799993652343751,9.856310028076173,9.650732177734376,9.448488372802736,,9.670526641845704,8.372690338134767,9.856310028076173,9.957712310791017,10.759630340576173,9.856310028076173,9.40292562866211,10.04058660888672,9.856310028076173,9.784731048583986,10.149187225341798,,9.535509246826173,9.590280670166017,9.617921966552736,8.782501358032228,9.398397583007814,9.856310028076173,8.24177183532715,10.85434164428711,9.535509246826173,9.670526641845704,10.616884368896486,9.55001272583008,10.222673553466798,10.139627593994142,9.42098440551758,10.85434164428711,9.570409912109376,9.40292562866211,9.856310028076173,9.633588928222657,10.856310028076173,10.720037597656251,9.633588928222657,,9.629598754882814,9.734743255615236,9.34262289428711,10.104082244873048,9.670526641845704,9.674303192138673,9.568369049072267,9.308416503906251,9.349626678466798,9.925348419189454,9.401529449462892,9.570409912109376,9.76718344116211,10.616884368896486,,9.344926971435548,9.856310028076173,9.932348388671876,10.382604736328126,9.660936492919923,9.169561523437501,9.570409912109376,9.222108978271486,9.057489532470704,10.616884368896486,9.383474487304689,,9.236967224121095,9.361078399658204,9.27798666381836,9.08535208129883,9.777815002441407,9.856310028076173,9.287828582763673,9.398397583007814,,9.423452514648439,9.287828582763673,10.307245391845704,9.13680471801758,9.751360076904298,10.44534506225586,10.856310028076173,9.542760986328126,9.817064422607423,9.856310028076173
545,8.931380767822265,8.642060775756836,9.183139343261718,9.51665069580078,7.321967620849609,8.702235717773437,9.370051879882812,8.207232971191406,9.206717987060546,9.071509857177734,,9.112529296875,8.547431488037109,10.659564514160156,,8.77933837890625,8.698192138671875,8.724071044921875,9.071509857177734,9.147616882324218,9.690852661132812,,8.029134292602539,9.321101684570312,9.378879089355468,,8.680249710083007,8.207232971191406,7.629363555908203,9.792254943847656,,9.152217407226562,9.23746826171875,9.875129241943359,8.931380767822265,9.619273681640625,8.076314468383789,,9.10643341064453,9.060058135986328,8.837150115966796,8.617043991088867,8.849124450683593,8.614175338745117,8.076314468383789,7.906022567749023,9.079783935546875,8.690852661132812,9.690852661132812,9.384555358886718,,8.617043991088867,9.464141387939453,9.690852661132812,8.809371490478515,8.791144866943359,8.289023895263671,8.931380767822265,10.217147369384765,9.583350677490234,8.614175338745117,,9.4344287109375,9.60808135986328,9.17716552734375,9.17100860595703,9.505069274902343,9.23607208251953,9.521640319824218,8.962470550537109,8.7972216796875,9.759891052246093,8.666100997924804,8.724071044921875,9.53129913330078,,,9.179469604492187,7.629363555908203,8.289023895263671,9.46189453125,8.690852661132812,8.076314468383789,8.791144866943359,8.617043991088867,8.892032165527343,,8.614175338745117,,8.614175338745117,8.614175338745117,8.931380767822265,8.919894714355468,7.188699264526367,9.413508911132812,8.788844604492187,9.232940216064453,,9.257995147705078,8.690852661132812,8.02718879699707,8.715472717285156,9.417689819335937,9.917430419921875,,9.27611114501953,8.607591171264648,8.617043991088867
546,8.520092864990236,8.476603408813478,9.01768197631836,9.351193328857423,7.1565102539062515,8.53677835083008,8.628430267333986,8.041775604248048,9.041260620117189,8.906052490234377,,9.108933349609377,8.381974121093752,10.494107147216798,,8.613881011962892,8.532734771728517,8.558613677978517,8.906052490234377,8.98215951538086,9.525395294189455,,7.863676925659181,9.155644317626955,9.21342172241211,,8.51479234313965,8.44213380432129,7.463906188964845,9.626797576904298,,8.683667083740236,8.940976043701173,,8.765923400878908,9.453816314697267,7.910857101440431,,8.940976043701173,8.89460076904297,8.671692749023439,7.463906188964845,8.683667083740236,8.44871797180176,7.910857101440431,7.740565200805666,8.914326568603517,8.525395294189455,9.525395294189455,9.21909799194336,,8.45158662414551,9.298684020996095,9.525395294189455,8.643914123535158,8.625687500000002,8.123566528320314,7.767681976318361,10.051690002441408,9.417893310546877,8.44213380432129,,9.268971343994142,9.442623992919923,8.532734771728517,9.005551239013673,8.533398529052736,9.070614715576173,9.35618295288086,8.797013183593752,8.631764312744142,9.594433685302736,8.500643630981447,8.558613677978517,9.365841766357423,,,9.01768197631836,7.463906188964845,8.123566528320314,9.296437164306642,8.525395294189455,7.910857101440431,8.625687500000002,8.45158662414551,8.726574798583986,,8.45158662414551,,8.44871797180176,8.44871797180176,8.765923400878908,8.75443734741211,7.023241897583009,9.248051544189455,8.62338723754883,7.463906188964845,,9.09253778076172,8.525395294189455,7.861731430053712,8.550015350341798,9.25223245239258,9.751973052978517,,9.110653778076173,8.44213380432129,8.45158662414551
547,,8.311146041870117,8.448423645019531,9.084574005126953,,,6.857784530639648,,,7.136297485351562,,8.794416687011719,8.21651675415039,,,8.448423645019531,,8.126379272460937,7.28905322265625,8.990186950683594,,,,8.865873596191406,7.8886358947753905,,,6.6374666900634764,,,,8.610395690917969,8.699667236328125,,7.425754806518555,9.022535583496094,,,8.237856170654297,8.126379272460937,,,8.518209716796875,,,7.575107833862305,8.748869201660156,6.9910528869628905,,9.274278900146484,,,9.053640625,,6.9910528869628905,7.28905322265625,,8.138351699829101,,,8.27667643737793,,8.98595263671875,9.277166625976562,,,,9.359937927246094,8.953058502197266,,8.466306945800781,,8.335186264038086,8.106031677246094,9.359937927246094,,,9.359937927246094,,,,6.359937927246094,7.74539973449707,7.94919612121582,,,,,,7.136297485351562,,,,,,,,,8.321651718139648,,7.6962740631103514,7.044073364257812,9.359937927246094,,,9.064024230957031,,
548,,7.701083801269533,8.282966278076174,8.919116638183596,,,,,,,,8.628959320068361,8.051059387207033,,,8.444938323974611,,,,9.194480560302736,,,,8.700416229248049,7.723178527832033,,,6.472009323120119,,,,,8.534209869384767,,,8.159698150634767,,,,7.96092190551758,,,9.101890228271486,,,,9.107123992919924,,,9.108821533203127,,,8.888183258056642,,,8.076816223144533,,7.972894332885744,,,8.076816223144533,,9.194480560302736,9.121772430419924,,,,9.194480560302736,9.17213024902344,,8.300849578857424,,9.194480560302736,,9.194480560302736,,,9.194480560302736,,,,,7.960919998168947,8.282966278076174,,,,,,,,,,,,,,,8.159698150634767,,7.530816696166994,,9.194480560302736,,,8.898566864013674,,
549,,7.535626434326172,9.029023193359375,8.626713775634766,,,,,,,,9.029023193359375,7.885602020263672,,,9.029023193359375,,,,9.029023193359375,,,,8.534958862304688,7.557721160888672,,,,,,,,9.029023193359375,,,7.9942407836914064,,,,,,,9.029023193359375,,,,8.941666625976563,,,8.972348236083985,,,8.949139617919922,,,,,,,,,,,,,,,9.029023193359375,9.006672882080078,,9.029023193359375,,,,,,,,,,,,8.858895324707031,8.117508911132813,,,,,,,,,,,,,,,7.9942407836914064,,7.365359329223633,,9.029023193359375,,,,,
550,,7.370169067382811,8.863565826416014,,,,,,,,,8.863565826416014,7.284763717651366,,,,,,,8.863565826416014,,,,,7.392263793945311,,,,,,,,8.863565826416014,,,6.888853454589842,,,,,,,8.783682250976561,,,,8.730127716064452,,,8.806890869140624,,,8.783682250976561,,,,,,,,,,,,,,,8.863565826416014,8.841215515136717,,8.678617858886717,,,,,,,,,,,,,7.952051544189452,,,,,,,,,,,,,,,7.8287834167480455,,8.863565826416014,,,,,,,
551,,7.204711700439454,8.698108459472657,,,,,,,,,,7.119306350708008,,,,,,,,,,,,7.226806427001954,,,,,,,,,,,6.723396087646485,,,,,,,8.618224884033204,,,,,,,8.641433502197266,,,8.618224884033204,,,,,,,,,,,,,,,,,,,,,,,,,,,,,,,6.744256759643555,,,,,,,,,,,,,,,6.802646423339844,,8.698108459472657,,,,,,,
552,,6.687344696044924,8.5326510925293,,,,,,,,,,6.953848983764651,,,,,,,,,,,,7.610310699462893,,,,,,,,,,,,,,,,,,,,,,,,,6.598126556396487,,,8.452767517089846,,,,,,,,,,,,,,,,,,,,,,,,,,,,,,,6.578799392700198,,,,,,,,,,,,,,,,,6.868741180419924,,,,,,,
553,,6.521887329101563,,,,,,,,,,,6.78839161682129,,,,,,,,,,,,,,,,,,,,,,,,,,,,,,,,,,,,,6.432669189453126,,,8.287310150146485,,,,,,,,,,,,,,,,,,,,,,,,,,,,,,,6.413342025756837,,,,,,,,,,,,,,,,,6.703283813476563,,,,,,,
554,,6.356429962158202,,,,,,,,,,,6.202377227783202,,,,,,,,,,,,,,,,,,,,,,,,,,,,,,,,,,,,,6.267211822509765,,,8.121852783203124,,,,,,,,,,,,,,6.90400877380371,,,,,,,,,,,,,,,,,6.416004089355468,,,,,,,,,,,,,,,,,6.537826446533202,,,,,,,
555,,6.190972595214845,,,,,,,,,,,6.036919860839845,,,,,,,,,,,,,,,,,,,,,,,,,,,,,,,,,,,,,6.101754455566407,,,7.0349400329589855,,,,,,,,,,,,,,,,,,,,,,,,,,,,,,,6.2505467224121105,,,,,,,,,,,,,,,,,7.102772979736329,,,,,,,
556,,6.025515228271484,,,,,,,,,,,5.871462493896484,,,,,,,,,,,,,,,,,,,,,,,,,,,,,,,,,,,,,5.936297088623046,,,6.8694826660156245,,,,,,,,,,,,,,,,,,,,,,,,,,,,,,,6.0850893554687495,,,,,,,,,,,,,,,,,6.937315612792968,,,,,,,
557,,5.8600578613281264,,,,,,,,,,,5.7060051269531264,,,,,,,,,,,,,,,,,,,,,,,,,,,,,,,,,,,,,5.770839721679689,,,6.596468002319337,,,,,,,,,,,,,,,,,,,,,,,,,,,,,,,5.919631988525392,,,,,,,,,,,,,,,,,6.771858245849611,,,,,,,
558,,5.6946004943847655,,,,,,,,,,,5.5405477600097655,,,,,,,,,,,,,,,,,,,,,,,,,,,,,,,,,,,,,6.032380493164062,,,6.431010635375976,,,,,,,,,,,,,,,,,,,,,,,,,,,,,,,5.669595153808594,,,,,,,,,,,,,,,,,6.60640087890625,,,,,,,
559,,5.374449523925783,,,,,,,,,,,5.161030563354494,,,,,,,,,,,,,,,,,,,,,,,,,,,,,,,,,,,,,5.866923126220705,,,5.596586975097658,,,,,,,,,,,,,,,,,,,,,,,,,,,,,,,5.504137786865236,,,,,,,,,,,,,,,,,5.596586975097658,,,,,,,
560,,5.208992156982422,,,,,,,,,,,4.995573196411133,,,,,,,,,,,,,,,,,,,,,,,,,,,,,,,,,,,,,5.812082443237305,,,5.680715713500977,,,,,,,,,,,,,,,,,,,,,,,,,,,,,,,5.338680419921875,,,,,,,,,,,,,,,,,5.431129608154297,,,,,,,
561,,5.043534790039061,,,,,,,,,,,4.830115829467772,,,,,,,,,,,,,,,,,,,,,,,,,,,,,,,,,,,,,5.646625076293944,,,5.939372573852538,,,,,,,,,,,,,,,,,,,,,,,,,,,,,,,5.3330703124999985,,,,,,,,,,,,,,,,,4.696010147094725,,,,,,,
562,,4.498289978027344,,,,,,,,,,,4.15436068725586,,,,,,,,,,,,,,,,,,,,,,,,,,,,,,,,,,,,,5.317696487426758,,,5.77391520690918,,,,,,,,,,,,,,,,,,,,,,,,,,,,,,,5.167612945556641,,,,,,,,,,,,,,,,,4.530552780151368,,,,,,,
563,,4.332832611083987,,,,,,,,,,,3.9889033203125024,,,,,,,,,,,,,,,,,,,,,,,,,,,,,,,,,,,,,5.152239120483401,,,4.165264404296877,,,,,,,,,,,,,,,,,,,,,,,,,,,,,,,,,,,,,,,,,,,,,,,,,,,,,,,
564,,4.167375244140626,,,,,,,,,,,3.8234459533691414,,,,,,,,,,,,,,,,,,,,,,,,,,,,,,,,,,,,,4.98678175354004,4.880912460327149,,3.9998070373535164,,,,,,,,,,,,,,,,,,,,,,,,,,,,,,,,,,,,,,,,,,,,,,,,,,,,,,,
565,,4.001917877197265,,,,,,,,,,,3.6579885864257804,,,,,,,,,,,,,,,,,,,,,,,,,,,,,,,,,,,,,4.821324386596679,4.715455093383788,,3.8343496704101554,,,,,,,,,,,,,,,,,,,,,,,,,,,,,,,,,,,,,,,,,,,,,,,,,,,,,,,
566,,3.8364605102539073,,,,,,,,,,,3.492531219482423,,,,,,,,,,,,,,,,,,,,,,,,,,,,,,,,,,,,,4.655867019653321,4.549997726440431,,,,,,,,,,,,,,,,,,,,,,,,,,,,,,,,,,,,,,,,,,,,,,,,,,,,,,,,,
567,,3.6710031433105463,,,,,,,,,,,3.327073852539062,,,,,,,,,,,,,,,,,,,,,,,,,,,,,,,,,,,,,4.49040965270996,4.38454035949707,,,,,,,,,,,,,,,,,,,,,,,,,,,,,,,,,,,,,,,,,,,,,,,,,,,,,,,,,
568,,1.8529807739257826,,,,,,,,,,,3.1616164855957045,,,,,,,,,,,,,,,,,,,,,,,,,,,,,,,,,,,,,4.324952285766603,4.219082992553712,,,,,,,,,,,,,,,,,,,,,,,,,,,,,,,,,,,,,,,,,,,,,,,,,,,,,,,,,
569,,1.6875234069824216,,,,,,,,,,,2.9961591186523435,,,,,,,,,,,,,,,,,,,,,,,,,,,,,,,,,,,,,4.905506652832031,4.053625625610351,,,,,,,,,,,,,,,,,,,,,,,,,,,,,,,,,,,,,,,,,,,,,,,,,,,,,,,,,
570,,1.5220660400390642,,,,,,,,,,,0.47343055725097827,,,,,,,,,,,,,,,,,,,,,,,,,,,,,,,,,,,,,4.740049285888674,3.888168258666994,,,,,,,,,,,,,,,,,,,,,,,,,,,,,,,,,,,,,,,,,,,,,,,,,,,,,,,,,
571,,1.3566086730957032,,,,,,,,,,,0.0,,,,,,,,,,,,,,,,,,,,,,,,,,,,,,,,,,,,,4.355052276611328,3.722710891723633,,,,,,,,,,,,,,,,,,,,,,,,,,,,,,,,,,,,,,,,,,,,,,,,,,,,,,,,,
572,,1.1911513061523458,,,,,,,,,,,0.0,,,,,,,,,,,,,,,,,,,,,,,,,,,,,,,,,,,,,4.189594909667971,3.4081618041992208,,,,,,,,,,,,,,,,,,,,,,,,,,,,,,,,,,,,,,,,,,,,,,,,,,,,,,,,,
573,,1.0256939392089848,,,,,,,,,,,0.0,,,,,,,,,,,,,,,,,,,,,,,,,,,,,,,,,,,,,4.02413754272461,4.171808288574219,,,,,,,,,,,,,,,,,,,,,,,,,,,,,,,,,,,,,,,,,,,,,,,,,,,,,,,,,
574,,0.8602365722656273,,,,,,,,,,,0.0,,,,,,,,,,,,,,,,,,,,,,,,,,,,,,,,,,,,,3.8586801757812523,4.006350921630862,,,,,,,,,,,,,,,,,,,,,,,,,,,,,,,,,,,,,,,,,,,,,,,,,,4.07717077636719,,,,,,,
575,,0.6947792053222663,,,,,,,,,,,0.0,,,,,,,,,,,,,,,,,,,,,,,,,,,,,,,,,,,,,3.2591579437255866,2.513121414184571,,,,,,,,,,,,,,,,,,,,,,,,,,,,,,,,,,,,,,,,,,,,,,,,,,3.911713409423829,,,,,,,
576,,0.8602365722656273,,,,,,,,,,,0.0,,,,,,,,,,,,,,,,,,,,,,,,,,,,,,,,,,,,,3.4246153106689476,2.678578781127932,,,,,,,,,,,,,,,,,,,,,,,,,,,,,,,,,,,,,,,,,,,,,,,,,,4.07717077636719,,,,,,,
577,,0.0,,,,,,,,,,,0.0,,,,,,,,,,,,,,,,,,,,,,,,,,,,,,,,,,,,,3.590072677612305,2.8440361480712895,,,,,,,,,,,,,,,,,,,,,,,,,,,,,,,,,,,,,,,,,,,,,,,,,,4.242628143310547,,,,,,,
578,,0.0,,,,,,,,,,,0.0,,,,,,,,,,,,,,,,,,,,,,,,,,,,,,,,,,,,4.706700012207033,3.755530044555666,3.0094935150146505,,,,,,,,,,,3.687618896484377,,,,,,,,,,,,,,,,,,,,,,,,,,,,,,,,,,,,,,,4.408085510253908,,,,,,,
579,,0.0,,,,,,,,,,,0.0,,,,,,,,,,,,,,,,,,,,,,,,,,,,,,,,,,,,4.872157379150391,3.9209874114990235,3.174950881958008,,,,,,,,,,,3.8530762634277345,,,,,,,,,,,,,,,,,,,,,,,,,,,,,,,,,,,,,,,2.635194107055664,,,,,,,
580,,0.0,,,,,,,,,,,0.0,,,,,,,,,,,,,,,,,,,,,,,,,,,,,,,,,,,,2.7121676635742205,4.0864447784423845,3.340408248901369,,,,,,,,,,,4.0185336303710955,,,,,,,,,,,,,,,,,,,,,,,,,,,,,,,,,,,,,,,2.800651473999025,,,,,,,
581,,0.0,,,,,,,,,,,0.0,,,,,,,,,,,,,,,,,,,,,,,,,,,,,,,,,,,,2.877625030517578,4.251902145385742,3.5058656158447263,,,,,,,,,,,4.183990997314453,,,,,,,,,,,,,,,,,,,,,,,,,,,,,,,,,,,,,,,2.9661088409423826,,,,,,,
582,,0.0,,,,,,,,,,,0.0,,,,,,,,,,,,,,,,,,,,,,,,,,,,,,,,,,,,3.043082397460939,4.485491912841798,3.6713229827880873,,,,,,,,,,,4.349448364257814,,,,,,,,,,,,,,,,,,,,,,,,,,,,,,,,,,,,,,,3.1315662078857436,,,,,,,
583,,0.0,,,,,,,,,,,0.0,,,,,,,,,,,,,,,,,,,,,,,,,,,,,,,,,,,,3.2085397644042963,4.650949279785156,3.8367803497314448,,,,,,,,,,,4.514905731201171,,,,,,,,,,,,,,,,,,,,,,,,,,,,,,,,,,,,,,,3.297023574829101,,,,,,,
584,,0.0,,,,,,,,,,,0.0,,,,,,,,,,,,,,,,,,,,,,,,,,,,,,,,,,,,3.3739971313476573,4.816406646728517,4.002237716674806,,,,,,,,,,,4.680363098144532,,,,,,,,,,,,,,,,,,,,,,,,,,,,,,,,,,,,,,,3.462480941772462,,,,,,,
585,,0.10416511535644446,,,,,,,,,,,0.016165771484374147,,,,,,,,,,,,,,,,,,,,,,,,,,,,,,,,,,,,3.5394544982910148,4.981864013671874,4.167695083618163,,,,,,,,,,,4.84582046508789,,,,,,,,,,,,,,,,,,,,,,,,,,,,,,,,,,,,,,,3.6279383087158195,,,,,,,
586,,0.26962248229980545,,,,,,,,,,,0.18162313842773514,,,,,,,,,,,,,,,,,,,,,,,,,,,,,,,,,,,,3.7049118652343758,5.147321380615235,2.9913326873779305,,,,,,,,,,,3.545310653686524,,,,,,,,,,,,,,,,,,,,,,,,,,,,,,,,,,,,,,,3.7933956756591805,,,,,,,
587,,0.0,,,,,,,,,,,0.34708050537109614,,,,,,,,,,,,,,,,,,,,,,,,,,,,,,,,,,,,5.684978759765627,5.312778747558596,3.1567900543212914,,,,,,,,,,,3.710768020629885,,,,,,,,,,,,,,,,,,,,,,,,,,,,,,,,,,,,,,,3.9588530426025414,,,,,,,
588,,0.0,,,,,,,,,,,0.5125378723144536,,,,,,,,,,,,,,,,,,,,,,,,,,,,,,,,,,,,5.850436126708985,5.478236114501954,2.1542424316406255,,,,,,,,,,,3.8762253875732426,,,,,,,,,,,,,,,,,,,,,,,,,,,,,,,,,,,,,,,4.124310409545899,,,,,,,
589,,0.0,,,,,,,,,,,0.677995239257811,,,,,,,,,,,,,,,,,,,,,,,,,,,,,,,,,,,,6.015893493652342,5.643693481445311,2.319699798583983,,,,,,,,,,,5.82117608642578,,,,,,,,,,,,,,,,,,,,,,,,,,,,,,,,,,,,,,,4.595876251220702,,,,,,,
590,,0.0,,,,,,,,,,,0.843452606201172,,,,,,,,,,,,,,,,,,,,,,,,,,,,,,,,,,,,5.670028839111328,6.223060760498047,2.485157165527344,,,,,,,,,,,5.986633453369141,,,,,,,,,,,,,,,,,,,,,,,,,,,,,,,,,,,,,,,4.761333618164063,,,,,,,
591,,0.0,,,,,,,,,,,1.008909973144533,,,,,,,,,,,,,,,,,,,,,,,,,,,,,,,,,,,,5.835486206054689,6.388518127441408,2.650614532470705,,,,,,,,,,,6.152090820312502,,,,,,,,,,,,,,,,,,,,,,,,,,,,,,,,,,,,,,,2.9037635650634783,,,,,,,
592,,0.0,,,,,,,,,,,1.1743673400878905,,,,,,,,,4.643231781005859,,,,,,,,,,,,,,,,,,,,,,,,,,,6.000943572998047,,2.8160718994140623,,,,,,,,,,,3.2124723510742186,,,,,,,,,,,,,,,,,,,,,,,,,,,,,,,,,,,,,,,3.0692209320068358,,,,,,,
593,,0.0,,,,,,,,,,,1.1345329589843764,,,,,,,,,,,,,,,,,,,,,,,,,,,,,,,,,,,,3.2779064483642593,,1.5939407653808608,,,,,,,,,,,3.3779297180175796,,,,,,,,,,,,,,,,,,,,,,,,,,,,,,,,,,,,,,,3.2346782989501968,,,,,,,
594,,0.0,,,,,,,,,,,1.299990325927734,,,,,,,,,,,,,,,,,,,,,,,,,,,,,,,,,,,,3.2818037567138667,,1.3375174102783198,,,,,,,,,,,3.543387084960937,,,,,,,,,,,,,,,,,,,,,,,,,,,,,,,,,,,,,,,2.9702898559570308,,,,,,,
595,,0.0,,,,,,,,,,,1.4654476928710949,,,,,,,,,,,,,,,,,,,,,,,,,,,,,,,,,,,,3.4472611236572277,4.03627899169922,1.5029747772216808,,,,,,,,,,,3.388062744140626,,,,,,,,,,,,,,,,,,,,,,,,,,,,,,,,,,,,,,,2.999818115234376,,,,,,,
596,,0.0,,,,,,,,,,,1.8241690673828117,,,,,,,,,,,,,,,,,,,,,,,,,,,,,,,,,,,,3.5991019287109367,,1.6684321441650383,,,,,,,,,,,3.883327392578124,,,,,,,,,,,4.201736358642577,,,,,,,,,,,,,,,,,,,,,,,,,,,,3.1652754821777336,,,,,,,
597,,0.9589600830078133,,,4.499395874023438,,,,,,,,2.964344528198243,,,,,,,,,,,,,,,,,,,,,,,,,,,,,,,,,5.616074111938477,,,3.7645592956542977,,1.699015167236329,,,,,,,,,,,4.048784759521485,,,,,,,,,,,4.411346939086915,,,,,,,,,,,4.411346939086915,,5.410688903808595,,,,,,,,,,,4.5603375701904305,3.993345764160157,,,3.727140930175782,,,,,4.526073959350587,,
598,,1.1244174499511708,,,4.717255737304686,,,,,,,4.735551025390624,3.1298018951416005,,,,,,4.536687042236327,,,6.416978027343749,4.501181747436522,,,,,4.815316345214843,4.803349639892577,,,,,,,,,,,,,,,,5.435885574340819,4.891955520629882,4.590943481445311,,4.320950653076171,,1.8644725341796864,4.710541870117186,,,,,,,,,,4.698783065795897,,4.602738525390624,,,,4.976889755249022,4.838242675781249,5.014819290161132,,,5.524575378417968,,,,,,4.801650192260741,,,,,4.130108978271483,,4.996705200195311,,5.118657257080077,4.865605499267577,,5.781531478881835,,,4.801650192260741,,,6.086819793701171,3.9045001525878895,,4.602738525390624,3.8925982971191395,,,,,4.976889755249022,,6.288903381347655
599,,2.9423711547851568,,,5.639167572021485,,4.725631500244141,,,6.48215463256836,,7.409553314208985,4.709010864257813,6.252277160644532,,,5.9280507812500005,6.688428665161133,6.172910476684571,,6.6752336273193364,6.58243539428711,4.666639114379883,6.650619293212891,6.650619293212891,4.7544877777099614,,4.362758422851563,5.999124313354493,4.733035827636719,5.842471862792969,7.143319869995118,,4.71305062866211,,6.172910476684571,5.748117233276368,4.862689758300782,,,6.105821395874024,5.142347122192383,,6.252277160644532,4.701185012817383,6.454360748291016,4.756400848388672,6.035125518798829,4.486408020019532,,4.285135055541993,5.735591674804688,6.9413869628906255,4.967107559204102,4.646749282836915,,,6.650619293212891,6.852254653930665,,,5.436237121582032,4.967107559204102,5.011653686523438,,4.985404754638672,7.1239431152343755,6.125253463745118,7.1239431152343755,4.3825490722656255,6.159194732666016,,5.690032745361329,5.051105285644532,6.937791610717774,4.71305062866211,6.4267995605468755,,6.9413869628906255,,,,,5.246707702636719,5.3867604980468755,6.953252578735352,,4.678659225463868,6.172910476684571,,5.946988845825196,6.120008255004883,6.924186492919922,4.967107559204102,,6.7733571777343755,7.175494934082032,4.05663087463379,,6.5870168457031255,4.947797561645508,5.842471862792969,,6.593316818237305,,7.106223846435547,,6.780322814941407
600,,4.7798332214355455,,,5.804624938964842,,5.547789001464842,5.669771575927733,,6.647611999511717,6.675405883789061,5.552217864990233,4.8744682312011705,6.031290435791014,5.581140899658202,,5.935459518432616,6.338367843627928,5.829655075073241,,,,5.1965202331542955,5.863565826416014,5.647232437133788,4.8248771667480455,,4.863565826416014,6.16458168029785,5.271459960937499,5.337465667724608,6.341493988037108,,5.162968063354491,5.422752761840819,5.340750122070311,5.4938835144042955,4.881428146362303,,,6.647611999511717,5.367912673950194,,5.409153366088866,4.958576583862303,6.619818115234374,4.858522796630858,5.291536712646483,4.891088867187499,,4.45059242248535,5.9010490417480455,5.669027709960936,4.891088867187499,4.957834625244139,5.647232437133788,,7.08964385986328,5.6266654968261705,,5.380575561523436,5.601694488525389,5.151317977905272,5.482441329956053,,5.935459518432616,5.4938835144042955,5.482441329956053,,4.903562927246092,5.362364196777342,,5.863565826416014,5.216562652587889,,5.307804489135741,5.623831176757811,,,,5.601694488525389,,,5.412165069580077,5.647232437133788,5.317598724365233,,4.973211669921874,6.338367843627928,5.340750122070311,4.800238037109374,6.285465621948241,7.08964385986328,4.966715240478514,,6.938814544677733,5.863565826416014,4.895031356811522,,5.863565826416014,5.075657272338866,5.863565826416014,,6.031288528442381,,,,5.557636642456053
601,,4.9452905883789064,,,5.288329147338867,6.092900299072266,5.332036041259766,5.835228942871094,,5.207942031860352,5.58821012878418,5.672942184448242,5.842289947509766,5.470025085449219,5.22968962097168,5.672942184448242,5.231400512695313,5.698227905273438,5.821784042358399,,5.288329147338867,,5.029023193359375,5.660420440673828,5.445996307373047,5.051102661132813,,5.242619537353516,5.22976400756836,5.14828207397461,5.141316436767578,5.503989242553711,5.620493911743164,5.4297876586914064,5.4249353637695314,5.571383499145508,5.223212265014649,5.056202911376953,,,5.304465316772461,5.764740966796875,,5.574610733032227,5.191708587646485,5.408749603271485,5.098900817871094,5.218909286499024,5.050877593994141,,4.616049789428711,5.4249353637695314,5.672942184448242,5.05654623413086,5.1232919921875,5.527821563720703,,5.67886068725586,5.7921228637695314,,5.377707504272461,5.698227905273438,5.172810577392578,5.123887084960938,5.528832458496094,5.240620635986328,5.166678451538086,5.58821012878418,5.391675018310547,5.056202911376953,5.43691732788086,,5.764740966796875,5.207942031860352,,5.0290308227539064,,,6.029023193359375,,5.528832458496094,5.672942184448242,5.528832458496094,5.205307983398438,5.075959228515625,5.483056091308594,,5.050877593994141,5.754582427978516,5.506207489013672,4.965695404052735,5.205559753417969,5.079247497558594,5.159247421264649,5.528832458496094,5.22976400756836,5.528832458496094,5.060488723754883,5.58821012878418,5.546032928466797,5.241114639282227,5.176436447143555,,5.528832458496094,,,,5.723094009399414
602,,6.138080261230471,6.077430389404299,,6.138080261230471,6.258357666015627,5.753560684204103,5.241416595458986,,5.453786514282228,5.799171112060549,5.997829101562502,6.007747314453127,5.474681518554689,5.395146987915041,6.150046966552736,5.806255004882814,5.80143704223633,5.9669281463623065,5.689225814819338,5.817927978515627,,5.401630065917971,5.406572006225588,,5.9896027069091815,,5.406572006225588,5.697095535278322,5.799171112060549,5.306773803710939,6.054158828735353,5.800695083618166,5.978156707763674,6.180057189941408,5.530681274414064,6.119228027343752,5.308330200195314,,,5.221660278320314,5.930198333740236,6.1220795135498065,5.753667495727541,5.357165954589846,5.960380218505861,5.863685272216799,5.420024536132814,5.7049652557373065,,5.183681152343752,5.800695083618166,6.138080261230471,5.458058975219728,5.470025680541994,5.645265243530275,,5.844318054199221,5.308330200195314,6.1220795135498065,5.799171112060549,5.863685272216799,5.645265243530275,5.664733551025392,5.875230453491213,5.689225814819338,5.332135818481447,5.484321258544924,6.558776519775392,5.978156707763674,5.804053924560549,6.077430389404299,5.930198333740236,6.004521987915041,6.247790954589846,5.455497406005861,,,5.473380706787111,6.221135757446291,5.997829101562502,6.054158828735353,5.890172622680666,6.194480560302736,5.241416595458986,6.558776519775392,,5.313739440917971,5.517089508056642,6.194480560302736,5.157260559082033,5.37101712036133,5.87010159301758,5.930198333740236,5.890172622680666,6.1123444061279315,6.247790954589846,5.880328796386721,6.1123444061279315,5.762050292968752,6.008021972656252,5.474681518554689,,5.997829101562502,5.80143704223633,,,5.689225814819338
603,6.456869384765625,6.303537628173828,,6.359937927246094,6.382452270507812,6.359937927246094,6.359937927246094,6.132385513305664,,6.359937927246094,6.359937927246094,6.359937927246094,6.173204681396484,6.359937927246094,5.83684375,6.553798934936523,6.100765487670898,6.562166473388672,6.370298645019531,6.435125610351562,6.738119384765625,,6.133013031005859,6.277801773071289,,6.359937927246094,,6.1920016021728514,6.432714721679687,6.359937927246094,6.225282928466797,6.219616195678711,6.380790969848633,6.143614074707031,6.553798934936523,6.382452270507812,6.435125610351562,6.312450668334961,,,6.359937927246094,6.386593124389648,6.359937927246094,6.359937927246094,6.359937927246094,6.363344451904297,6.029142639160156,5.737245819091797,5.870422622680664,,5.99010302734375,6.3813727111816405,6.553798934936523,5.623516342163086,5.99010302734375,5.993444702148437,,6.380790969848633,6.286541244506836,6.362764617919922,6.359937927246094,6.700559875488281,6.359937927246094,6.362764617919922,6.359937927246094,6.359937927246094,6.363344451904297,6.42377116394043,6.359937927246094,6.348606369018555,6.555712005615234,6.562166473388672,6.3455145568847655,6.359937927246094,6.359937927246094,6.295023223876953,6.553798934936523,6.391855499267578,6.362764617919922,6.553798934936523,6.775678894042969,6.375007888793945,6.439707061767578,6.359937927246094,6.359937927246094,6.359937927246094,,5.980772277832031,6.4316046447753905,6.359937927246094,6.085497161865234,6.341379425048828,6.359937927246094,6.359937927246094,6.362764617919922,6.359937927246094,6.359937927246094,6.359937927246094,6.382452270507812,6.380790969848633,6.370298645019531,6.341379425048828,,6.553798934936523,6.4185087890625,,,6.364168426513672
604,7.225016494750978,6.468994995117189,6.243128677368166,6.525395294189455,6.557312866210939,7.246483703613283,6.532929321289064,6.525395294189455,,6.525395294189455,6.525395294189455,6.683901687622072,6.535820861816408,6.525395294189455,7.098578353881837,6.535820861816408,7.12436380004883,,6.525395294189455,6.682581802368166,7.14594354248047,,6.525395294189455,6.525395294189455,,6.684271713256837,,6.528221984863283,6.525395294189455,6.557312866210939,6.525395294189455,6.525395294189455,6.525395294189455,6.5970620117187515,6.8285378417968765,6.682581802368166,6.529625793457033,6.525395294189455,,,7.12436380004883,6.843373199462892,6.525395294189455,6.535820861816408,6.535756011962892,6.8285378417968765,6.525395294189455,6.525395294189455,6.525395294189455,,6.809473892211916,6.527510543823244,6.607115646362306,6.525395294189455,6.525395294189455,6.74085321044922,,6.527510543823244,6.451998611450197,6.546248336791994,6.8285378417968765,7.52480210876465,6.670033355712892,6.57599725341797,6.525395294189455,6.7758034667968765,6.529625793457033,6.529625793457033,7.124930282592775,6.57599725341797,6.760363479614259,6.525395294189455,,6.535820861816408,,6.693621536254884,6.243128677368166,6.529625793457033,6.525395294189455,,6.304772277832033,6.684271713256837,6.88808335876465,6.525395294189455,6.525395294189455,,,6.525395294189455,6.5474099121093765,6.601113220214845,6.525395294189455,6.589228530883791,6.525395294189455,6.5474099121093765,6.540465255737306,6.546248336791994,7.049755950927736,6.623768707275392,6.572815795898439,6.529625793457033,6.535756011962892,7.110545059204103,,6.517155548095705,6.525395294189455,7.328667541503908,,6.601601501464845
605,7.501307983398437,7.400897521972656,6.408586044311523,7.412278671264648,7.3245768737792964,7.603694458007812,7.511897583007812,6.978427429199218,,7.2760024261474605,7.2760024261474605,7.290387649536132,7.690852661132812,6.924079437255859,7.690852661132812,7.384307403564453,7.289821166992187,7.690852661132812,7.399859924316406,7.284741897583007,7.311400909423828,,7.463244934082031,7.058803100585937,,7.4362712097167964,,7.629136581420898,,7.2751479339599605,6.941260833740234,7.676364440917968,7.495156784057617,6.762519378662109,7.5393691253662105,7.395816345214843,7.680291671752929,6.9092936706542964,,,7.6331095886230464,7.290387649536132,7.6717333984375,7.290387649536132,7.549497146606445,7.672091979980468,7.4393115234375,7.2760024261474605,7.264035720825195,,6.974931259155273,7.5393691253662105,7.637691040039062,7.37589599609375,7.5799174499511714,7.404033203125,,,7.679481048583984,7.334142227172851,7.682504196166992,7.690259475708007,7.031501312255859,7.34872200012207,7.421687622070312,6.941260833740234,7.291408081054687,7.501307983398437,7.492267150878906,7.290387649536132,7.417645950317382,7.676272888183593,,7.676364440917968,,7.3245768737792964,7.569695968627929,7.690852661132812,7.530330200195312,7.667060394287109,,7.682504196166992,7.690259475708007,7.284741897583007,6.859078903198242,7.433652420043945,,6.690852661132812,7.411725540161132,6.962169189453125,7.680903930664062,7.301787872314453,7.417541046142578,7.412278671264648,7.373630065917968,7.632253189086914,7.412278671264648,7.690852661132812,7.618175048828125,7.302520294189453,7.676364440917968,7.672091979980468,,,6.941260833740234,7.4362712097167964,,7.598065872192382
606,7.856310028076173,7.856310028076173,,7.751556533813478,7.856310028076173,7.769151824951173,7.228654998779298,7.856310028076173,,7.856310028076173,7.856310028076173,7.856310028076173,7.856310028076173,7.856310028076173,7.856310028076173,7.806696075439454,7.856310028076173,,7.856310028076173,7.73515333557129,7.766996520996095,,7.844503540039064,7.856310028076173,,7.785596984863282,,7.856310028076173,,7.4414597930908215,7.856310028076173,7.856310028076173,7.5602952423095715,7.856310028076173,7.751556533813478,7.856310028076173,,7.856310028076173,,,7.856310028076173,7.73515333557129,7.856310028076173,7.856310028076173,7.856310028076173,7.807668823242189,7.856310028076173,7.856310028076173,7.856310028076173,,7.827844757080079,7.856310028076173,7.785596984863282,7.856310028076173,7.856310028076173,7.856310028076173,,,7.844938415527345,7.856310028076173,7.856310028076173,7.795732635498048,7.856310028076173,,7.73515333557129,7.856310028076173,7.456865447998048,7.190038818359376,7.282322067260743,7.847108978271486,7.4414597930908215,7.856310028076173,,7.856310028076173,,7.856310028076173,7.856310028076173,,7.5660935821533215,,,7.785596984863282,7.282322067260743,7.856310028076173,7.856310028076173,7.763521331787111,,7.526338714599611,7.856310028076173,7.856310028076173,7.846361297607423,7.803148406982423,7.763521331787111,7.4414597930908215,7.192857879638673,7.775488037109376,,7.856310028076173,7.282322067260743,7.856310028076173,7.856310028076173,7.856310028076173,,,7.856310028076173,7.751556533813478,,7.766996520996095
607,8.10494496154785,8.02176739501953,,7.998156326293945,8.116486328125,7.785706298828124,7.897991912841796,8.134260910034179,,8.839649932861327,8.309071319580077,8.02176739501953,9.177544372558593,8.02176739501953,8.02176739501953,7.426527755737304,8.417454498291015,,8.02176739501953,,,,8.288943069458007,8.234499710083007,,,,9.08065869140625,,7.785706298828124,8.973747985839843,8.309071319580077,,8.02176739501953,7.0217673950195305,7.917027252197265,,8.02176739501953,,,8.309071319580077,,8.02176739501953,8.10494496154785,7.877497451782226,,8.116486328125,8.02176739501953,8.02176739501953,,7.974842803955077,8.343746917724609,,8.957747238159179,8.02176739501953,8.020897644042968,,,8.004416244506835,8.898495452880859,,9.341954010009765,,,,8.84075047302246,,,8.839649932861327,8.85092999267578,,8.707173126220702,,7.449229019165038,,8.02176739501953,8.359778182983398,,8.0816962890625,,,8.0816962890625,,7.889462249755859,8.02176739501953,8.839649932861327,,8.015095489501952,8.075619476318359,8.02176739501953,8.02176739501953,,7.197474258422851,,,9.341954010009765,,8.309071319580077,7.18121792602539,7.859629409790038,8.02176739501953,,,,8.370884674072265,,,7.897991912841796
608,9.187224761962892,8.062442199707032,,9.187224761962892,9.208533660888673,9.187224761962892,,9.166985885620118,,,,9.29067172241211,9.343001739501954,8.175418273925782,9.187224761962892,,9.208533660888673,,8.16298617553711,,,,9.351264373779298,8.561879531860352,,,,,,,,9.29067172241211,,8.800753967285157,,8.860610382080079,,8.61619891357422,,,,,8.996451751708985,,,,8.307444946289063,8.187224761962892,8.187224761962892,,8.049279586791993,9.22984637451172,,9.12320460510254,8.498956100463868,8.187224761962892,,,8.08559359741211,8.79381121826172,,,,,,9.029240982055665,,,9.187224761962892,,,9.32751025390625,,,,8.800753967285157,8.785746948242188,,,,,8.76744403076172,,8.454759017944337,9.187224761962892,,,8.180552856445313,9.427440063476563,8.799321548461915,9.029240982055665,,,,,,,9.208533660888673,,,8.76851596069336,,,,8.618283645629884,,,
609,,8.22789956665039,,9.033721939086913,8.25438882446289,8.532598510742186,,7.76183511352539,,,,7.885080352783202,,8.160335556030272,8.30407907104492,,,,8.276718154907226,,,,,8.352682128906249,,,,,,,8.414793029785155,,,8.352682128906249,,8.131141677856444,,8.158290878295897,,,,,8.131141677856444,,,,,8.392501846313476,8.30407907104492,,8.025770202636718,9.033721939086913,,8.317647949218749,8.267961517333983,8.300304428100585,,,8.352682128906249,7.78898240661621,,,,,,8.789468780517577,,,8.650842681884765,,,8.173610702514647,,,,7.943410888671874,8.00132371520996,,,,,7.502199188232421,,8.172735229492186,8.118812576293944,,,8.171863571166991,,7.76183511352539,8.623657241821288,,,,,,,,,,8.200754180908202,,,,8.173067108154296,,,
610,8.58059944152832,8.596478118896485,,8.485539093017579,8.339165344238282,8.698055877685547,,8.816300048828126,,,,,,8.51813949584961,9.003487243652344,,,,8.527004852294922,,8.126499786376954,,,8.51813949584961,,,,,,,,,,8.51813949584961,,8.586247100830079,,8.51813949584961,,,,,8.557959213256837,,,,,8.557959213256837,8.51813949584961,,8.191227569580079,,,8.48310531616211,8.789114608764649,8.51813949584961,,,8.51813949584961,8.51813949584961,,,,,,8.10265983581543,,,8.816300048828126,,,9.003487243652344,,,,8.954926147460938,8.547575607299805,,,,,,,8.51813949584961,,9.226322784423829,,8.51813949584961,,8.51813949584961,8.789114608764649,,,,,,,,,,8.51813949584961,,,,8.51813949584961,,,
611,9.409789337158202,,,9.683596862792967,,8.761935485839842,,,,,,,,8.677058471679686,,,,,,,,,,9.26915670776367,,,,,,,,,,8.761935485839842,,9.302268280029296,,,,,,,9.296036972045897,,,,,9.00160528564453,9.317033065795897,,8.683596862792967,,,,,9.00160528564453,,,9.00160528564453,8.761935485839842,,,,,,8.268117202758788,,,,,,,,,,,8.254550231933592,,,,,,,9.683596862792967,,,,9.683596862792967,,,,,,,,,,,,,8.683596862792967,,,,,,,
612,,,,,,,,,,,,,,8.845785034179688,,,,,,,,,,,,,,,,,,,,,,,,,,,,,,,,,,7.728202713012696,7.842805755615235,,8.849054229736328,,,,,,,,,,,,,,,,,,,,,,,,,,,,,,,,,8.098420989990235,,,,7.842805755615235,,,,,,,,,,,,,7.842805755615235,,,,,,,
613,8.01451159667969,,,,,,,,7.89002085876465,,,,,8.01451159667969,,,,,,,,,,,,,,,,,,,,,,,,,,,,,,,,,,7.893660079956057,8.033455383300783,,8.015018951416018,,,,,,,,,,,,,,,,,,,,,,,,,,,,,,,,,,,,,,,,,,,,,,,,,,,,,,,,,
614,,,,,,,,,8.055478225708008,,,,,,,,,,,,,,,,,,,,,,,,,,,,,,,,,,,,,,,,8.19891275024414,,8.180476318359375,,,,,,,,,,,,,,,,,,,,,,,,,,,,,,,,,,,,,,,,,,,,,,,,,,,,,,,,,
615,,,,,,,,,8.220935592651365,,,,,8.220935592651365,,,,,,,,,,,,,,,,,,,,,,,,,,,,,,,,,,,8.11724067687988,,8.16017509460449,,,,,,,,,,,,,,,,,,,,,,,,,,,,,,,,,,,,,,,,,,,,,,,,,,,,,,,,,
616,,,,8.238354095458984,,9.64821661376953,,,8.386392959594726,,,,,,,,,,,,,,,,,,,,,,,,,,,,,,,,,,,,,,,,8.282698043823242,,8.325632461547851,,,,,,,,,,,,,,,,,,,,,,,,,,,,,,,,,,,,,,,,,,,,,,,,,,,,,,,,,
617,,,,9.317793853759767,,9.813673980712892,,,8.551850326538087,,,,,,,,,,,,,,,,,,,,,,,,,,,,,,,,,,,,,,,,8.448155410766603,,8.491089828491212,,,,,,,,,,,,,,,,,,,,,,,,,,,,,,,,,,,,,,,,,,,,,,,,,,,,0.0,,,,,
618,,,,,,,,,8.717307693481445,,,,,,,0.10051501464843682,,,,,,,,,,,,,1.7059875793457024,,,,,,,,,,,,,,,,,,,,9.841798431396484,,8.738683349609374,,,,,,,,,,,,,,,,,,,,,,,,,,,,,,,,,,,,,,,,,,,,,,,,,,,,0.0,,,,,
619,,,,,,,,,8.882765060424806,,,,,,,0.0,,,,,,,0.0,,,,,,0.0,,,,,,,,,,,,,,,,,,,,10.007255798339845,,10.007255798339845,,,,,,,,,,,,,,,,,,,,,,,,,,,,,,,,,,,,,,,,,,,,,,,,,,,,0.15901780700683688,,,,,
620,,,,,,,,,9.55362594604492,,,,,,,0.0,,,0.0,,,,0.01441085815429588,,,,,,0.0,,,,,,,,,,,,,,,,,,,,,,10.172713165283202,,,,,,,,,,,,,,,,,,,,,,,,,,,,,,,,,,,,,,,,,,,,,,,,,,,,0.3244751739501943,,,,,
621,,,,11.175599578857423,,,,,9.719083312988282,,,,,,,0.0,0.0,,0.028386596679688125,,,,0.0,,,,,,0.0,,,,,,,,,,,,,,,,,,,,,,10.338170532226563,,,,,,,,,,0.0,,,,,,,,,,,,,,,,11.338170532226563,,,,0.0,,,,,,,,,,,,,,,,,,,,,,0.0,,,,,
622,,,,9.50362789916992,,,,,9.88454067993164,,,,,,,0.0,0.0,9.50362789916992,0.19384396362304557,,,,0.0,,,,,,0.0,,,,,,,9.485359313964842,,,,,,,,,,,,,,,10.490541580200194,,,,,9.82921612548828,,,,,0.0,,,,,,,,,,,,,,,,10.689912918090819,,,,0.0,,,,,,,,,,,,,,,,,10.720104339599608,,,,,0.0,,,,,
623,,,,9.669085266113282,,,,,10.049998046875,,,,,,,0.0,0.0,9.669085266113282,0.35930133056640656,,,,0.0,,,,,,0.0,,,,,,,9.650816680908203,,,,,,,,,,,,,,,9.978541137695313,,,,,9.994673492431641,,,,,0.0,,,,,,,,,,,,,,,,10.85537028503418,,,,0.0,,,,,,,,,,,,,,,,,10.885561706542969,,,,9.669085266113282,0.0,,,,,
624,,,,9.834542633056643,10.108115554809572,,,,10.215455413818361,,,,,,,0.0,0.0,9.834542633056643,0.0,9.834542633056643,,,0.0,,11.287156463623049,,10.160130859375002,,0.0,,,,,,,9.816274047851564,,,,,,,,9.834542633056643,,,,,,,10.143998504638674,,,,,10.160130859375002,9.816274047851564,,,,0.0,9.834542633056643,,,,,,,,9.86905229187012,,,,,,,11.39577233886719,,,,0.4479058990478535,,,,,,,,,,,,9.816274047851564,,,,,11.05101907348633,,,0.0,9.834542633056643,0.0,,,,0.0,
625,,,,10.0,10.27357292175293,,,10.430896759033203,10.380912780761719,,,,,,,0.0,0.0,10.0,0.0,10.0,,,0.0,,11.452613830566406,,10.32558822631836,,0.0,,,,,,,9.981731414794922,,,,,,,,10.0,,,,,,,10.309455871582031,0.9211273193359375,,,,10.32558822631836,9.981731414794922,,,,0.0,10.0,,,,,10.066619873046875,,,10.034509658813477,,,,,,,11.561229705810547,,,,0.6133632659912109,,,,,,11.551811218261719,,,,10.507011413574219,,9.981731414794922,,,,,10.048046112060547,,,0.0,10.0,0.0,,,,0.0,
626,,,,10.0,10.27357292175293,,,10.430896759033203,10.380912780761719,,,,,,,0.0,0.0,10.0,0.0,10.0,0.0,,0.0,,11.452613830566406,,10.32558822631836,,0.0,,,,,,,9.981731414794922,,,,,,,,10.0,,,,,,,10.309455871582031,0.9211273193359375,,,,10.32558822631836,9.981731414794922,,,,0.0,10.0,,,,,10.066619873046875,,,10.034509658813477,10.0,10.0,,10.007434844970703,10.403823852539062,,11.561229705810547,,,10.0,0.6133632659912109,,,,,,11.551811218261719,10.309455871582031,,,10.507011413574219,,9.981731414794922,,,,,10.048046112060547,,,0.0,10.0,0.0,,,,0.0,
627,10.0,0.0,10.0,10.0,9.753969192504883,,,10.430896759033203,10.380912780761719,,0.0,,,10.0,,0.0,0.0,10.0,0.0,10.0,0.0,10.286392211914062,0.0,,10.0,10.0,10.32558822631836,,0.0,,9.440366744995117,,,10.0,,9.981731414794922,,,,9.715188980102539,,10.0,10.29496955871582,10.0,,,9.982009887695312,10.0,10.0,,10.309455871582031,0.9211273193359375,,,10.0,10.32558822631836,9.981731414794922,,9.784858703613281,0.0,0.0,10.0,2.00177001953125,,,,10.066619873046875,,,10.034509658813477,10.0,9.920219421386719,10.0,10.007434844970703,10.403823852539062,,10.390287399291992,10.286392211914062,,10.0,10.643463134765625,10.048046112060547,,10.0,,9.985910415649414,11.551811218261719,10.309455871582031,9.982009887695312,9.937891006469727,10.507011413574219,9.587167739868164,9.981731414794922,,,10.003717422485352,,10.048046112060547,,9.757198333740234,0.0,10.0,0.0,9.883529663085938,10.301902770996094,,0.0,
628,10.417360305786133,0.0,9.751348495483398,9.706708908081055,9.753969192504883,0.16054344177246094,,10.430896759033203,9.81649398803711,9.900306701660156,0.0,9.786361694335938,2.1137866973876953,10.0,9.553985595703125,0.0,0.0,10.0,0.0,10.0,0.0,10.286392211914062,0.0,,10.0,10.068960189819336,9.915616989135742,,0.0,9.340923309326172,9.440366744995117,0.0,,9.753969192504883,,9.981731414794922,,,9.553985595703125,9.715188980102539,,10.0,10.29496955871582,10.0,9.724626541137695,,9.982009887695312,10.0,10.0,0.0,9.948736190795898,0.0,10.0,9.935632705688477,10.0,9.786361694335938,9.724626541137695,9.213638305664062,9.784858703613281,0.0,9.1422119140625,10.0,2.00177001953125,9.723766326904297,9.831867218017578,,10.066619873046875,9.56120491027832,9.603515625,9.76861572265625,9.40400505065918,9.920219421386719,10.0,10.007434844970703,9.627197265625,9.56120491027832,10.390287399291992,10.286392211914062,9.539188385009766,10.0,10.643463134765625,10.048046112060547,10.0,10.0,10.277812957763672,9.985910415649414,9.9830322265625,9.937585830688477,9.982009887695312,9.937891006469727,10.507011413574219,9.587167739868164,9.786361694335938,9.553985595703125,9.0,10.003717422485352,9.9334716796875,9.920997619628906,9.673065185546875,9.757198333740234,0.0,10.0,0.737091064453125,9.883529663085938,10.301902770996094,9.819633483886719,0.0,9.476247787475586
629,9.925451278686523,0.0,10.119253158569336,9.706708908081055,9.753969192504883,9.723766326904297,9.772520065307617,9.786975860595703,9.81649398803711,9.900306701660156,0.0,10.0,9.581483840942383,9.799179077148438,9.553985595703125,0.0,0.0,9.949840545654297,0.0,9.581483840942383,0.0,10.286392211914062,0.0,9.581483840942383,9.947368621826172,9.92266845703125,10.0,10.0,0.0,9.340923309326172,9.440366744995117,0.0,10.031431198120117,9.879251480102539,9.772520065307617,10.0,10.019695281982422,10.003250122070312,9.553985595703125,9.715188980102539,9.695301055908203,9.772520065307617,10.015928268432617,9.909902572631836,9.724626541137695,9.999092102050781,10.0,10.0,9.0,0.0,9.949474334716797,9.0,10.0,10.0,10.0,9.786361694335938,9.724626541137695,9.213638305664062,9.784858703613281,0.0,9.1422119140625,9.460517883300781,2.00177001953125,9.723766326904297,9.831867218017578,9.97384262084961,9.935571670532227,9.56120491027832,9.603515625,9.76861572265625,9.40400505065918,9.947368621826172,9.828046798706055,9.945629119873047,9.627197265625,9.56120491027832,10.0,9.619789123535156,9.539188385009766,9.940485000610352,9.617198944091797,9.627197265625,9.981725692749023,9.806598663330078,10.063972473144531,10.0,10.0,9.963460922241211,10.0,9.937891006469727,9.969493865966797,9.587167739868164,9.786361694335938,9.553985595703125,9.502763748168945,9.902477264404297,9.9334716796875,9.920997619628906,9.673065185546875,9.757198333740234,0.0,9.816104888916016,0.737091064453125,10.02657699584961,9.053081512451172,10.0,0.0,9.476247787475586
630,9.619789123535156,0.0,10.119253158569336,9.864999771118164,9.947368621826172,9.687427520751953,4.938682556152344,9.786975860595703,9.81649398803711,9.468683242797852,8.115802764892578,9.170251846313477,2.8799476623535156,10.0,9.130252838134766,0.20587539672851562,0.0,9.949840545654297,0.0,8.567083358764648,0.0,8.179716110229492,0.0,9.229957580566406,9.316421508789062,4.939815521240234,10.0,10.0,0.0,8.4334716796875,7.205081939697266,0.0,10.031431198120117,9.76584243774414,9.772520065307617,9.050601959228516,10.019695281982422,10.003250122070312,8.145355224609375,9.878986358642578,10.0,9.01034927368164,10.015928268432617,9.909902572631836,10.0,9.949922561645508,10.0,10.0,0.0,0.0,9.060955047607422,9.0,9.858638763427734,9.17031478881836,10.0,9.539188385009766,9.920312881469727,4.14082145690918,9.91043472290039,4.866363525390625,4.15070915222168,7.202419281005859,4.878025054931641,9.230934143066406,9.808834075927734,6.778713226318359,9.935571670532227,9.518033981323242,9.0,9.429771423339844,9.962932586669922,9.947368621826172,8.943613052368164,8.62887954711914,10.0,9.561445236206055,9.904972076416016,9.619789123535156,9.038509368896484,9.879251480102539,9.76816177368164,9.963418960571289,9.959190368652344,9.239673614501953,9.648906707763672,10.0,9.552377700805664,9.103910446166992,9.246267318725586,9.086738586425781,9.969493865966797,8.979576110839844,10.0,9.0,8.184925079345703,9.802789688110352,9.553985595703125,9.883514404296875,8.884016036987305,9.81549072265625,0.0,9.183412551879883,3.9326095581054688,10.02657699584961,9.053081512451172,10.0,0.0,6.465799331665039
631,4.866363525390625,3.3579483032226562,6.994606018066406,4.173084259033203,6.745904922485352,5.148908615112305,4.938682556152344,2.969310760498047,4.8922271728515625,3.6441192626953125,1.8534469604492188,4.605039596557617,0.0,4.4957122802734375,9.130252838134766,0.17426681518554688,0.032260894775390625,5.125602722167969,1.2663249969482422,1.4063949584960938,0.0,0.6236076354980469,2.558443069458008,9.229957580566406,9.316421508789062,1.9006118774414062,8.884979248046875,4.345848083496094,0.42769622802734375,1.6562385559082031,7.205081939697266,0.069061279296875,3.9155712127685547,4.7887420654296875,5.083057403564453,9.050601959228516,6.016452789306641,4.181861877441406,8.145355224609375,4.597311019897461,4.747997283935547,9.01034927368164,4.92634391784668,4.930339813232422,7.138393402099609,6.1761322021484375,8.55047607421875,7.354717254638672,0.1880817413330078,0.0,4.173015594482422,4.072074890136719,7.799980163574219,9.17031478881836,8.826944351196289,3.1899375915527344,4.999307632446289,4.14082145690918,5.0,0.9330825805664062,4.15070915222168,0.359893798828125,4.878025054931641,9.230934143066406,4.73090934753418,6.778713226318359,3.7456283569335938,3.491769790649414,9.0,9.429771423339844,5.328083038330078,4.123846054077148,2.3514671325683594,8.62887954711914,4.633358001708984,3.578327178955078,7.581867218017578,3.974824905395508,4.007673263549805,5.298383712768555,8.172689437866211,8.372795104980469,8.408397674560547,4.5580596923828125,7.4969635009765625,8.842437744140625,4.982204437255859,9.103910446166992,3.9123611450195312,2.718385696411133,4.273601531982422,1.0328407287597656,8.707883834838867,9.0,4.5299835205078125,6.752010345458984,2.81561279296875,5.022176742553711,8.884016036987305,3.669404983520508,0.0,9.183412551879883,3.9326095581054688,5.944086074829102,2.0986709594726562,7.922990798950195,2.934009552001953,0.6613540649414062
632,0.0,0.0052394866943359375,1.2045574188232422,0.0,0.015047073364257812,0.0,0.6481971740722656,0.0,0.0,3.6441192626953125,1.8534469604492188,0.0,0.0,0.0,2.7921371459960938,0.17426681518554688,0.032260894775390625,0.0,0.0,1.4063949584960938,0.0,0.0,0.0,3.6441192626953125,2.736846923828125,1.9006118774414062,0.8025360107421875,0.0,0.0,1.6562385559082031,0.17426681518554688,0.069061279296875,3.9155712127685547,0.0,0.0,1.3072280883789062,0.0,0.0,0.39475250244140625,0.0,0.0,2.9589595794677734,0.0,0.0,0.18398666381835938,1.8828277587890625,0.04111289978027344,0.0,0.0,0.0,0.0,0.0,0.0193023681640625,3.357593536376953,1.3072280883789062,3.1899375915527344,0.0,0.0,0.0,0.0,0.0,0.0,0.0,1.6439857482910156,0.0,0.0,0.0,0.0,0.8772201538085938,1.2142524719238281,0.0,4.123846054077148,2.3514671325683594,2.2370567321777344,0.0,3.578327178955078,0.0,0.04262351989746094,0.0,0.0,0.0,3.6549224853515625,3.0,0.0,0.0,2.560657501220703,0.0,2.7602157592773438,0.0,0.0,0.0,1.0328407287597656,2.384552001953125,1.0622310638427734,0.749969482421875,0.0,0.0,0.0,0.0,3.669404983520508,0.0,2.384552001953125,0.0,0.0,0.0,0.2739887237548828,0.2023773193359375,0.0
633,0.0,0.0,0.0,0.0,0.0,0.0,0.0,0.0,0.0,0.0,0.0,0.0,0.0,0.0,0.0,0.0,0.0,0.0,0.0,0.0,0.20137977600097656,0.0,0.0,0.0,0.0,0.0,0.0,0.0,0.0,0.0,0.0,0.0,0.0,0.0,0.0,0.0,0.0,0.0,0.0,0.0,0.0,0.0,0.0,0.0,0.0,0.0,0.0,0.0,0.0,0.0,0.0,0.0,0.0,0.0,0.0,0.0,0.0,0.0,0.0,0.0,0.0,0.0,0.0,0.0,0.0,0.0,0.0,0.0,0.0,0.0,0.0,0.0,0.0,0.0,0.0,0.0,0.0,0.0,0.0,0.0,0.0,0.0,0.0,0.0,0.0,0.0,0.0,0.0,0.0,0.0,0.0,0.0,0.0,0.0,0.0,0.0,0.0,0.0,0.0,0.0,0.0,0.0,0.0,0.0,0.0,0.0,0.0,0.0
634,0.0,0.0,0.0,0.0,0.0,0.0,0.0,0.0,0.0,0.0,0.0,0.0,0.0,0.0,0.0,0.0,0.0,0.0,0.0,0.0,0.20137977600097656,0.0,0.0,0.0,0.0,0.0,0.0,0.0,0.0,0.0,0.0,0.0,0.0,0.0,0.0,0.0,0.0,0.0,0.0,0.0,0.0,0.0,0.0,0.0,0.0,0.0,0.0,0.0,0.0,0.0,0.0,0.0,0.0,0.0,0.0,0.0,0.0,0.0,0.0,0.0,0.0,0.0,0.0,0.0,0.0,0.0,0.0,0.0,0.0,0.0,0.0,0.0,0.0,0.0,0.0,0.0,0.0,0.0,0.0,0.0,0.0,0.0,0.0,0.0,0.0,0.0,0.0,0.0,0.0,0.0,0.0,0.0,0.0,0.0,0.0,0.0,0.0,0.0,0.0,0.0,0.0,0.0,0.0,0.0,0.0,0.0,0.0,0.0
635,0.0,0.0,0.0,0.0,0.0,0.0,0.0,0.0,0.0,0.0,0.0,0.0,0.0,0.0,0.0,0.0,0.0,0.0,0.0,0.0,0.0,0.0,0.0,0.0,0.0,0.0,0.0,0.0,0.0,0.0,0.0,0.0,0.0,0.0,0.0,0.0,0.0,0.0,0.0,0.0,0.0,0.0,0.0,0.0,0.0,0.0,0.0,0.0,0.0,0.0,0.0,0.0,0.0,0.0,0.0,0.0,0.0,0.0,0.0,0.0,0.0,0.0,0.0,0.0,0.0,0.0,0.0,0.0,0.0,0.0,0.0,0.0,0.0,0.0,0.0,0.0,0.0,0.0,0.0,0.0,0.0,0.0,0.0,0.0,0.0,0.0,0.0,0.0,0.0,0.0,0.0,0.0,0.0,0.0,0.0,0.0,0.0,0.0,0.0,0.0,0.0,0.0,0.0,0.0,0.0,0.0,0.0,0.0
636,0.0,0.0,0.0,0.0,0.0,0.0,0.0,0.0,0.0,0.0,0.0,0.0,0.0,0.0,0.0,0.0,0.0,0.0,0.0,0.0,0.0,0.0,0.0,0.0,0.0,0.0,0.0,0.0,0.0,0.0,0.0,0.0,0.0,0.0,0.0,0.0,0.0,0.0,0.0,0.0,0.0,0.0,0.0,0.0,0.0,0.0,0.0,0.0,0.0,0.0,0.0,0.0,0.0,0.0,0.0,0.0,0.0,0.0,0.0,0.0,0.0,0.0,0.0,0.0,0.0,0.0,0.0,0.0,0.0,0.0,0.0,0.0,0.0,0.0,0.0,0.0,0.0,0.0,0.0,0.0,0.0,0.0,0.0,0.0,0.0,0.0,0.0,0.0,0.0,0.0,0.0,0.0,0.0,0.0,0.0,0.0,0.0,0.0,0.0,0.0,0.0,0.0,0.0,0.0,0.0,0.0,0.0,0.0
637,0.0,0.0,0.0,0.0,0.0,0.0,0.0,0.0,0.0,0.0,0.0,0.0,0.0,0.0,0.0,0.0,0.0,0.0,0.0,0.0,0.0,0.0,0.0,0.0,0.0,0.0,0.0,0.0,0.0,0.0,0.0,0.0,0.0,0.0,0.0,0.0,0.0,0.0,0.0,0.0,0.0,0.0,0.0,0.0,0.0,0.0,0.0,0.0,0.0,0.0,0.0,0.0,0.0,0.0,0.0,0.0,0.0,0.0,0.0,0.0,0.0,0.0,0.0,0.0,0.0,0.0,0.0,0.0,0.0,0.0,0.0,0.0,0.0,0.0,0.0,0.0,0.0,0.0,0.0,0.0,0.0,0.0,0.0,0.0,0.0,0.0,0.0,0.0,0.0,0.0,0.0,0.0,0.0,0.0,0.0,0.0,0.0,0.0,0.0,0.0,0.0,0.0,0.0,0.0,0.0,0.0,0.0,0.0
638,0.0,0.0,0.0,0.0,0.0,0.0,0.0,0.0,0.0,0.0,0.0,0.0,0.0,0.0,0.0,0.0,0.0,0.0,0.0,0.0,0.0,0.0,0.0,0.0,0.0,0.0,0.0,0.0,0.0,0.0,0.0,0.0,0.0,0.0,0.0,0.0,0.0,0.0,0.0,0.0,0.0,0.0,0.0,0.0,0.0,0.0,0.0,0.0,0.0,0.0,0.0,0.0,0.0,0.0,0.0,0.0,0.0,0.0,0.0,0.0,0.0,0.0,0.0,0.0,0.0,0.0,0.0,0.0,0.0,0.0,0.0,0.0,0.0,0.0,0.0,0.0,0.0,0.0,0.0,0.0,0.0,0.0,0.0,0.0,0.0,0.0,0.0,0.0,0.0,0.0,0.0,0.0,0.0,0.0,0.0,0.0,0.0,0.0,0.0,0.0,0.0,0.0,0.0,0.0,0.0,0.0,0.0,0.0
639,0.0,0.0,0.0,0.0,0.0,0.0,0.0,0.0,0.0,0.0,0.0,0.0,0.0,0.0,0.0,0.0,0.0,0.0,0.0,0.0,0.0,0.0,0.0,0.0,0.0,0.0,0.0,0.0,0.0,0.0,0.0,0.0,0.0,0.0,0.0,0.0,0.0,0.0,0.0,0.0,0.0,0.0,0.0,0.0,0.0,0.0,0.0,0.0,0.0,0.0,0.0,0.0,0.0,0.0,0.0,0.0,0.0,0.0,0.0,0.0,0.0,0.0,0.0,0.0,0.0,0.0,0.0,0.0,0.0,0.0,0.0,0.0,0.0,0.0,0.0,0.0,0.0,0.0,0.0,0.0,0.0,0.0,0.0,0.0,0.0,0.0,0.0,0.0,0.0,0.0,0.0,0.0,0.0,0.0,0.0,0.0,0.0,0.0,0.0,0.0,0.0,0.0,0.0,0.0,0.0,0.0,0.0,0.0
640,0.0,0.0,0.0,0.0,0.0,0.0,0.0,0.0,0.0,0.0,0.0,0.0,0.0,0.0,0.0,0.0,0.0,0.0,0.0,0.0,0.0,0.0,0.0,0.0,0.0,0.0,0.0,0.0,0.0,0.0,0.0,0.0,0.0,0.0,0.0,0.0,0.0,0.0,0.0,0.0,0.0,0.0,0.0,0.0,0.0,0.0,0.0,0.0,0.0,0.0,0.0,0.0,0.0,0.0,0.0,0.0,0.0,0.0,0.0,0.0,0.0,0.0,0.0,0.0,0.0,0.0,0.0,0.0,0.0,0.0,0.0,0.0,0.0,0.0,0.0,0.0,0.0,0.0,0.0,0.0,0.0,0.0,0.0,0.0,0.0,0.0,0.0,0.0,0.0,0.0,0.0,0.0,0.0,0.0,0.0,0.0,0.0,0.0,0.0,0.0,0.0,0.0,0.0,0.0,0.0,0.0,0.0,0.0
641,0.0,0.0,0.0,0.0,0.0,0.0,0.0,0.0,0.0,0.0,0.0,0.0,0.0,0.0,0.0,0.0,0.0,0.0,0.0,0.0,0.0,0.0,0.0,0.0,0.0,0.0,0.0,0.0,0.0,0.0,0.0,0.0,0.0,0.0,0.0,0.0,0.0,0.0,0.0,0.0,0.0,0.0,0.0,0.0,0.0,0.0,0.0,0.0,0.0,0.0,0.0,0.0,0.0,0.0,0.0,0.0,0.0,0.0,0.0,0.0,0.0,0.0,0.0,0.0,0.0,0.0,0.0,0.0,0.0,0.0,0.0,0.0,0.0,0.0,0.0,0.0,0.0,0.0,0.0,0.0,0.0,0.0,0.0,0.0,0.0,0.0,0.0,0.0,0.0,0.0,0.0,0.0,0.0,0.0,0.0,0.0,0.0,0.0,0.0,0.0,0.0,0.0,0.0,0.0,0.0,0.0,0.0,0.0
642,0.0,0.0,0.0,0.0,0.0,0.0,0.0,0.0,0.0,0.0,0.0,0.0,0.0,0.0,0.0,0.0,0.0,0.0,0.0,0.0,0.0,0.0,0.0,0.0,0.0,0.0,0.0,0.0,0.0,0.0,0.0,0.0,0.0,0.0,0.0,0.0,0.0,0.0,0.0,0.0,0.0,0.0,0.0,0.0,0.0,0.0,0.0,0.0,0.0,0.0,0.0,0.0,0.0,0.0,0.0,0.0,0.0,0.0,0.0,0.0,0.0,0.0,0.0,0.0,0.0,0.0,0.0,0.0,0.0,0.0,0.0,0.0,0.0,0.0,0.0,0.0,0.0,0.0,0.0,0.0,0.0,0.0,0.0,0.0,0.0,0.0,0.0,0.0,0.0,0.0,0.0,0.0,0.0,0.0,0.0,0.0,0.0,0.0,0.0,0.0,0.0,0.0,0.0,0.0,0.0,0.0,0.0,0.0
643,0.0,0.0,0.0,0.0,0.0,0.0,0.0,0.0,0.0,0.0,0.0,0.0,0.0,0.0,0.0,0.0,0.0,0.0,0.0,0.0,0.0,0.0,0.0,0.0,0.0,0.0,0.0,0.0,0.0,0.0,0.0,0.0,0.0,0.0,0.0,0.0,0.0,0.0,0.0,0.0,0.0,0.0,0.0,0.0,0.0,0.0,0.0,0.0,0.0,0.0,0.0,0.0,0.0,0.0,0.0,0.0,0.0,0.0,0.0,0.0,0.0,0.0,0.0,0.0,0.0,0.0,0.0,0.0,0.0,0.0,0.0,0.0,0.0,0.0,0.0,0.0,0.0,0.0,0.0,0.0,0.0,0.0,0.0,0.0,0.0,0.0,0.0,0.0,0.0,0.0,0.0,0.0,0.0,0.0,0.0,0.0,0.0,0.0,0.0,0.0,0.0,0.0,0.0,0.0,0.0,0.0,0.0,0.0
644,0.0,0.0,0.0,0.0,0.0,0.0,0.0,0.0,,0.0,0.0,1.6512908935546875,0.0,0.0,0.0,0.0,0.0,0.0,0.0,0.0,0.0,0.0,0.0,0.0,0.0,0.0,0.0,0.0,0.0,0.0,0.0,0.0,0.0,0.0,0.0,0.0,0.0,0.0,0.0,0.0,0.0,0.0,0.0,0.0,0.0,0.0,0.0,0.0,0.0,0.0,0.0,0.0,0.0,0.0,0.0,0.0,0.0,0.0,0.0,0.0,0.0,0.0,0.0,0.0,0.0,0.0,0.0,0.0,0.0,0.0,0.0,0.0,0.0,0.0,0.0,0.0,0.0,0.0,0.0,0.0,0.0,0.0,0.0,0.0,0.0,0.0,0.0,0.0,0.0,0.0,0.0,0.0,0.0,0.0,0.0,0.0,0.0,0.0,0.0,0.0,0.0,0.0,0.0,0.0,0.0,0.0,0.0,0.0
645,0.0,0.0,0.0,0.0,0.0,0.0,0.0,0.0,,4.3723602294921875,7.772687911987305,1.6512908935546875,0.0,0.0,0.0,0.0,0.0,0.0,0.0,0.0,0.0,0.0,0.0,0.8848323822021484,6.709577560424805,0.0,0.0,0.0,0.0,0.0,0.0,0.0,0.0,0.0,0.0,0.0,0.0,0.0,0.0,0.0,0.0,0.0,0.0,0.0,0.0,0.0,0.0,0.0,0.0,0.0,0.0,0.0,0.0,0.0,0.0,0.0,0.0,0.0,0.0,0.0,0.0,0.0,0.0,0.0,0.0,0.0,0.0,0.0,0.0,0.0,0.0,0.0,0.0,0.0,0.0,0.0,0.0,0.0,0.0,0.0,0.0,0.0,0.0,0.0,0.0,0.0,0.0,0.0,0.0,0.0,0.0,0.0,0.0,0.0,0.0,0.0,0.0,0.0,0.0,0.0,0.0,0.0,0.0,0.0,0.0,0.0,0.0,0.0
646,0.0,0.0,0.0,0.0,0.0,0.0,0.0,0.0,,9.472118377685547,11.101646423339844,1.7794570922851562,0.0,0.0,0.0,0.0,0.0,0.0,0.0,0.0,0.0,0.0,0.0,0.0,6.139438629150391,0.0,0.0,0.0,0.0,0.0,0.0,0.0,0.0,0.0,0.0,0.0,0.0,0.0,0.0,0.0,0.0,0.0,0.0,0.0,0.0,0.0,0.12875938415527344,0.0,0.0,0.0,0.0,0.0,0.0,0.0,0.0,0.0,0.0,0.0,0.0,0.0,0.0,0.0,0.0,0.0,0.0,0.0,0.0,0.0,0.0,0.0,0.0,0.0,0.0,0.0,0.0,0.0,0.0,0.0,0.0,0.0,0.0,0.0,0.0,0.0,0.0,0.0,0.0,0.0,0.0,0.0,0.0,0.0,0.0,0.0,2.1753673553466797,0.0,0.0,0.0,0.0,0.0,0.0,0.0,0.0,0.0,0.0,0.0,0.0,0.0
647,0.0,0.0,0.0,0.0,0.0,0.0,0.0,0.0,,0.0,0.0,0.0,0.0,0.0,0.0,0.0,0.0,0.0,0.0,0.0,0.0,0.0,0.0,0.0,0.0,0.0,0.0,0.0,0.0,0.0,0.0,0.0,0.0,0.0,0.0,0.0,0.0,0.0,0.0,0.0,0.0,0.0,0.0,0.0,0.0,0.0,0.0,0.0,0.0,0.0,0.0,0.0,0.0,0.0,0.0,0.0,0.0,0.0,0.0,0.0,0.0,0.0,0.0,0.0,0.0,0.0,0.0,0.0,0.0,0.0,0.0,0.0,0.0,0.0,0.0,0.0,0.0,0.0,0.0,0.0,0.0,0.0,0.0,0.0,0.0,0.0,0.0,0.0,0.0,0.0,0.0,0.0,0.0,0.0,0.0,0.0,0.0,0.0,0.0,0.0,0.0,0.0,0.0,0.0,0.0,0.0,0.0,0.0
648,0.0,0.0,0.0,0.0,0.0,0.0,0.0,0.0,0.0,0.0,0.0,0.0,0.0,0.0,0.0,0.0,0.0,0.0,0.0,0.0,0.0,0.0,0.0,0.0,0.0,0.0,0.0,0.0,0.0,0.0,0.0,0.0,0.0,0.0,0.0,0.0,0.0,0.0,0.0,0.0,0.0,0.0,0.0,0.0,0.0,0.0,0.0,0.0,0.0,0.0,0.0,0.0,0.0,0.0,0.0,0.0,0.0,0.0,0.0,0.0,0.0,0.0,0.0,0.0,0.0,0.0,0.0,0.0,0.0,0.0,0.0,0.0,0.0,0.0,0.0,0.0,0.0,0.0,0.0,0.0,0.0,0.0,0.0,0.0,0.0,0.0,0.0,0.0,0.0,0.0,0.0,0.0,0.0,0.0,0.0,0.0,0.0,0.0,0.0,0.0,0.0,0.0,0.0,0.0,0.0,0.0,0.0,0.0
649,0.0,0.0,0.0,0.0,0.0,0.0,0.0,0.0,0.0,0.0,0.0,0.0,0.0,0.0,0.0,0.0,0.0,0.0,0.0,0.0,0.0,0.0,0.0,0.0,0.0,0.0,0.0,0.0,0.0,0.0,0.0,0.0,0.0,0.0,0.0,0.0,0.0,0.0,0.0,0.0,0.0,0.0,0.0,0.0,0.0,0.0,0.0,0.0,0.0,0.0,0.0,0.0,0.0,0.0,0.0,0.0,0.0,0.0,0.0,0.0,0.0,0.0,0.0,0.0,0.0,0.0,0.0,0.0,0.0,0.0,0.0,0.0,0.0,0.0,0.0,0.0,0.0,0.0,0.0,0.0,0.0,0.0,0.0,0.0,0.0,0.0,0.0,0.0,0.0,0.0,0.03851509094238281,0.0,0.0,0.0,0.0,0.0,0.0,0.0,0.0,0.0,0.0,0.0,0.0,0.0,0.0,0.0,0.0,0.0
650,2.5249099731445312,0.0,0.0,,0.0,0.0,,0.0,0.0,0.0,0.0,0.0,0.0,,0.0,,3.8774185180664062,0.0,,4.002910614013672,,0.0,0.0,0.0,0.0,,0.0,,,,,0.0,0.0,,,0.0,0.0,0.0,,,,,0.07588577270507812,0.04209136962890625,0.0,,0.0,0.0,0.5417537689208984,0.0,0.0,1.9703140258789062,,,7.452001571655273,,0.0,0.0,0.0,,,7.8146209716796875,0.1611347198486328,0.0,0.0,3.8803253173828125,0.9005088806152344,3.2983760833740234,3.2895050048828125,,0.0,0.0,0.72906494140625,0.7287483215332031,7.916847229003906,0.0,0.0,1.8255462646484375,0.0,0.0,0.0,0.0,2.9887237548828125,0.0,0.0,0.0,0.0,0.0,,,0.03851509094238281,,0.0,0.0,0.0,0.0,,0.0,6.816944122314453,2.982860565185547,0.0,,,0.0,0.0,0.0,,
651,,,,,,,,,,,,,,,,,,,,,,,,,7.794094085693359,,,,,,,,,,,,,,,,,,,,,,,,,,,,,,,,,,,,,,,,,,,,,,,,,,,,,,,,,,,,,,4.937280654907227,,,,,,,,,,,,,,,,,,,,,
652,,,,,,,,,,,,,,,,,,,,,,,,,,,,,,,,,,,,,,,,,,,,,,,,,,,,,,,,,,,,,,,,,,,,,,,,,,,,,,,,,,,,,,,,,,,,,,,,,,,,,,,,,,,,
653,,,,,,,,,,,,,,,,,,,,,,,,,,,,,,,,,,,,,,,,,,,,,,,,,,,,,,,,,,,,,,,,,,,,,,,,,,,,,,,,,,,,,,,,,,,,,,,,,,,,,,,,,,,,
654,,,,,,,,,,,,,,,,,,,,,,,,,,,,,,,,,,,,,,,,,,,,,,,,,,,,,,,,,,,,,,,,,,,,,,,,,,,,,,,,,,,,,,,,,,,,,,,,,,,,,,,1.3730087280273438,,,,,
655,0.0,0.0,0.0,0.0,0.009199142456054688,0.0,0.0,,0.0,0.0,0.0,0.0,0.0,0.0,0.0,0.0,0.0,0.0,,0.0,0.0,0.0,,0.0,0.0,0.0,0.0,,0.0,0.2589111328125,,,0.0,,,,0.0,0.0,1.8006057739257812,0.0,0.0,0.0,,0.0,0.0,0.0,0.0,0.3833293914794922,0.0,0.0,,,0.0,0.0,,0.0,0.012464523315429688,0.16403770446777344,0.0,0.4042015075683594,0.0,1.846099853515625,,0.0,0.0,,0.0,0.0,0.0,,,0.0,,0.0,,,0.0,0.0,0.0,0.0,0.0,,,,1.4033145904541016,1.5649089813232422,0.0,0.0,0.0,0.0,0.0,0.0,,0.0,0.0,0.0,0.0,,0.0,,,,1.3730087280273438,,0.0,0.0,0.0,
656,0.0,0.0,0.0,0.0,0.0,0.0,0.0,0.0,0.0,0.0,0.0,0.0,0.0,0.0,0.0,0.0,0.0,0.0,0.0,0.0,0.0,0.0,0.0,0.0,0.0,0.0,0.0,0.0,0.0,0.0,0.0,0.0,0.0,0.0,0.0,0.0,0.0,0.0,0.0,0.0,0.0,0.0,0.0,0.0,0.0,0.0,0.0,0.0,0.0,0.0,0.0,0.0,0.0,0.0,0.0,0.0,0.0,0.0,0.0,0.0,0.0,0.0,0.0,0.0,0.0,0.0,0.0,0.0,0.0,0.0,0.0,0.0,0.0,0.0,0.0,0.0,0.0,0.0,0.0,0.0,0.0,0.0,0.0,0.0,0.0,0.0,0.0,0.0,0.0,0.0,0.0,0.0,0.0,0.0,0.0,0.0,0.0,0.0,0.0,0.0,0.0,0.0,0.0,0.0,0.0,0.0,0.0,0.0
657,,0.0,,0.0,0.41173744201660156,0.0,,,0.0,0.9696445465087891,,0.0,0.0,,,,,0.0,,0.0,,,,0.0,0.0,,,0.0,,,0.0,0.0,,0.0,,,,0.0,,,,0.0,0.0,0.0,0.0,0.0,0.0,0.0,,,0.0,0.0,,0.0,0.0,0.0,0.0,0.0,1.7879104614257812,,0.0,0.0,0.0,,,,0.0,,0.0,0.0,1.4893684387207031,0.0,0.0,0.0,0.0,,,,0.0,0.0,0.0,0.9831638336181641,,0.0,0.0,0.0,0.0,,,0.0,0.0,,0.0,,,0.0,0.0,0.0,,,,0.0,,0.0,,0.0,0.0,0.0
658,,,,,,,,,,,,,,,,,,,,,,,,,,,,,,,,,,,,,,,,,,,,,,,,,,,,,,,,,,,,,,,,,,,,,,,,,,,,,,,,,,,,,,,,,,,,,,,,,,,,,,,,,,,,
659,,,,,,,,,,,,,,,,,,,,,,,,,,,,,,,,,,,,,,,,,,,,,,,,,,,,,,,,,,,,,,,,,,,,,,,,,,,,,,,,,,,,,,,,,,,,,,,,,,,,,,,,,,,,
660,,,,,0.0,0.0,,,,,,,,,,,,,,1.0129890441894531,,,,,,,,,,,,,,,,,,,,,,,,,,3.178546905517578,,0.0,,,,,,,1.6900711059570312,,,,,,,,,,,,,,4.396762847900391,,,,,,,,,,,,,,,,,,,,,,,,,,,,,,,,,,,,,,,
661,0.40235328674316406,0.0,,3.8510665893554688,0.0,0.0,,,0.8846473693847656,0.0,0.9022655487060547,0.0,,,,,,,,0.0,,0.3003730773925781,,,0.6851406097412109,,,,,,,0.7022933959960938,0.24915504455566406,,,,,,,,,0.15718460083007812,0.6865634918212891,0.0,0.0,0.0,0.7072868347167969,0.0,,2.8552188873291016,0.9094161987304688,0.3408222198486328,,1.4972057342529297,0.0,0.8917388916015625,0.0,,0.0,,0.9102649688720703,1.4415016174316406,,,,,0.0,0.0,0.0,,0.0,0.0,0.1322307586669922,0.0,0.0,0.0,,1.5713386535644531,,0.0,0.0,0.0,0.0,,,,0.1865997314453125,,,0.0,,,,0.0449676513671875,,2.6401443481445312,0.0,,,0.0,,2.748556137084961,,,,0.0,1.2946662902832031,0.0
662,0.0,0.0,,0.0,0.0,0.0,,,4.305112838745117,0.0,0.0,0.0,,,,,,,2.661844253540039,0.0,,0.0,,4.48130989074707,1.6765289306640625,,0.9053783416748047,0.8111934661865234,,1.8599262237548828,1.7147064208984375,0.0,0.24915504455566406,0.0,1.9913825988769531,2.506805419921875,,,,,0.6039638519287109,0.0,0.4506511688232422,0.0,0.0,0.0,0.15091896057128906,0.0,0.0,0.0,0.36713218688964844,0.0,,0.0,0.0,0.0,0.0,,0.0,0.0,0.0,0.027082443237304688,0.9782867431640625,1.718008041381836,0.013530731201171875,,0.0,0.0,0.0,1.4303092956542969,0.0,0.0,0.0,0.0,0.0,0.0,,1.192148208618164,,0.0,0.0,0.0,0.0,2.566011428833008,0.1675548553466797,2.315370559692383,0.0,,,0.0,1.0023212432861328,,2.2791004180908203,0.0,0.5456161499023438,1.5713386535644531,0.0,2.5051097869873047,,0.0,,0.0,,1.1896839141845703,,0.0,0.8644809722900391,0.0
663,0.0,0.0,1.6292400360107422,0.0,0.0,0.0,2.934762954711914,,,0.0,0.0,0.0,,,,,,,0.49254608154296875,0.0,1.2280750274658203,0.0,1.5988216400146484,2.0521469116210938,1.0,,0.0,0.0,,0.0,0.0,0.0,0.0,0.0,0.8665580749511719,3.2147560119628906,1.3900146484375,0.9715023040771484,1.9052276611328125,2.278636932373047,0.0,0.0,0.0,0.0,0.0,0.0,0.0,0.0,0.0,0.0,0.0,0.0,4.7010650634765625,0.0,0.0,0.0,0.0,2.0589637756347656,0.0,0.0,0.0,0.0,0.6073112487792969,0.43770599365234375,0.0,3.427804946899414,0.0,0.0,0.0,0.4699821472167969,0.0,0.0,0.0,0.0,0.0,0.0,2.8161354064941406,1.192148208618164,,0.0,0.0,0.0,0.0,1.028493881225586,0.0,0.2995624542236328,0.0,,1.8234634399414062,0.0,1.0023212432861328,1.9252948760986328,0.0569610595703125,0.0,0.0,1.2280750274658203,0.0,0.6154441833496094,3.636005401611328,0.0,,0.0,,0.0,3.0964317321777344,0.0,0.0,0.0
664,0.0,0.0,0.2195758819580078,0.0,0.0,0.0,0.0,,,0.0,0.0,0.0,0.0,3.3317527770996094,4.794040679931641,,,,0.0,0.0,0.0,0.0,0.0,1.6811141967773438,,0.0,0.0,0.0,0.6065902709960938,0.0,0.0,0.0,0.0,0.0,0.0,1.4285888671875,0.0,0.0,0.0,0.0,0.0,0.0,0.0,0.0,0.0,0.0,0.0,0.0,0.0,0.0,0.0,0.0,0.09832000732421875,0.0,0.0,0.0,0.0,0.0,0.0,0.0,0.0,0.0,0.0,0.43770599365234375,0.0,0.8439102172851562,0.0,0.0,0.0,0.0,0.0,0.0,0.0,0.0,0.0,0.0,0.0,0.0,,0.0,0.0,0.0,0.0,0.0,0.0,0.0,0.0,,0.0,0.0,0.0,1.9252948760986328,0.0,0.0,0.0,0.0,0.0,0.0,1.4086894989013672,0.0,0.6200599670410156,0.0,,0.0,0.0,0.0,0.0,0.0
665,0.0,0.0,0.0,0.0,0.0,0.0,0.0,0.0,,0.0,0.0,0.0,0.0,0.0,0.0,0.0,,0.0,0.0,0.0,0.0,0.0,0.0,0.0,0.0,0.0,0.0,0.0,0.0,0.0,0.0,0.0,0.0,0.0,0.0,0.0,0.0,0.0,0.0,0.0,0.0,0.0,0.0,0.0,0.0,0.0,0.0,0.0,0.0,0.0,0.0,0.0,0.0,0.0,0.0,0.0,0.0,0.0,0.0,0.0,0.0,0.0,0.0,0.0,0.0,0.0,0.0,0.0,0.0,0.0,0.0,0.0,0.0,0.0,0.0,0.0,0.0,0.0,,0.0,0.0,0.0,0.0,0.0,0.0,0.0,0.0,0.0,0.0,0.0,0.0,0.0,0.0,0.0,0.0,0.0,0.0,0.0,0.0,0.0,0.0,0.0,0.0,0.0,0.0,0.0,0.0,0.0
666,0.0,0.0,0.0,0.0,0.0,0.0,0.0,0.0,,0.0,0.0,0.0,0.0,0.0,0.0,0.0,0.1174774169921875,0.0,0.0,0.0,0.0,0.0,0.0,6.6132659912109375,0.0,0.0,0.0,0.0,0.0,0.0,0.0,0.0,0.0,0.0,0.0,0.0,0.0,0.0,0.0,0.0,0.0,0.0,0.0,0.0,0.0,0.0,0.0,0.0,0.0,0.0,0.0,0.0,0.0,0.0,0.0,0.0,0.0,0.0,0.0,0.0,0.0,0.0,0.0,0.0,0.0,0.0,0.0,0.0,0.0,0.0,0.0,0.0,0.0,0.0,0.0,0.0,0.0,0.0,,0.0,0.0,0.0,0.0,0.0,0.0,0.0,0.0,0.9366874694824219,0.0,0.0,0.0,0.0,0.0,0.0,0.0,0.0,0.0,0.0,0.0,0.0,0.0,0.0,0.0,0.0,0.0,0.0,0.0,0.0
667,0.0,0.0,0.0,0.0,0.0,0.0,0.0,0.0,,0.0,0.0,0.0,0.0,0.0,0.0,0.0,0.0,0.0,0.0,0.0,0.0,0.0,0.0,,0.0,0.0,0.0,0.0,0.0,0.0,0.0,0.0,0.0,0.0,0.0,0.0,0.0,0.0,0.0,0.0,0.0,0.0,0.0,0.0,0.0,0.0,0.0,0.0,0.0,0.0,0.0,0.0,0.0,0.0,0.0,0.0,0.0,0.0,0.0,0.0,0.0,0.0,0.0,0.0,0.0,0.0,0.0,0.0,0.0,0.0,0.0,0.0,0.0,0.0,0.0,0.0,0.0,0.0,,0.0,0.0,0.0,0.0,0.0,0.0,0.0,0.0,0.430328369140625,0.0,0.0,0.0,0.0,0.0,0.0,0.0,0.0,0.0,0.0,0.0,0.0,0.0,0.0,0.0,0.0,0.0,0.0,0.0,0.0
668,0.0,0.0,0.0,0.0,0.0,0.0,0.0,0.0,,0.0,0.0,0.0,0.0,0.0,0.0,0.0,0.0,0.0,0.0,0.0,0.0,0.0,0.0,0.0,0.0,0.0,0.0,0.0,0.0,0.0,0.0,0.0,0.0,0.0,0.0,0.0,0.0,0.0,0.0,0.0,0.0,0.0,0.0,0.0,0.0,0.0,0.0,0.0,0.0,0.0,0.0,0.0,0.0,0.0,0.0,0.0,0.0,0.0,0.0,0.0,0.0,0.0,0.0,0.0,0.0,0.0,0.0,0.0,0.0,0.0,0.0,0.0,0.0,0.0,0.0,0.0,0.0,0.0,0.2855072021484375,0.0,0.0,0.0,0.0,0.0,0.0,0.0,0.0,0.0,0.0,0.0,0.0,0.0,0.0,0.0,0.0,0.0,0.0,0.0,0.0,0.0,0.0,0.0,0.0,0.0,0.0,0.0,0.0,0.0
669,0.0,0.0,0.0,0.0,0.0,0.0,0.0,0.0,,0.0,0.0,0.8143711090087891,0.0,0.0,0.0,0.0,0.0,0.0,0.0,0.0,0.0,0.0,0.0,,0.0,0.0,0.0,0.0,0.0,0.0,0.0,0.0,0.0,0.0,0.0,0.0,0.0,0.0,0.0,0.0,0.0,0.0,0.0,0.0,0.0,0.0,0.0,0.0,0.0,0.0,0.0,0.0,0.0,0.0,0.0,0.0,0.0,0.0,0.0,0.0,0.0,0.0,0.0,0.0,0.0,0.0,0.0,0.0,0.0,0.0,0.0,0.0,0.0,0.0,0.0,0.0,0.0,0.0,6.458248138427734,0.0,0.0,0.0,0.0,0.0,0.0,0.0,0.0,0.0,0.0,0.0,0.0,0.0,0.0,0.0,0.0,0.0,0.0,0.0,0.0,0.0,0.0,0.0,0.0,0.0,0.0,0.0,0.0,0.0
670,0.0,0.0,0.0,0.0,0.0,0.0,0.0,0.0,,0.0,0.0,4.908161163330078,0.0,0.0,0.0,0.0,0.0,0.0,0.0,0.0,0.0,0.0,0.0,,0.0,0.0,0.0,0.0,0.0,0.0,0.0,0.0,0.0,0.0,0.0,0.0,0.0,0.0,0.0,0.0,0.0,0.0,0.0,0.0,0.0,0.0,0.0,0.0,0.0,0.0,0.0,0.0,0.0,0.0,0.0,0.0,0.0,0.0,0.0,0.0,0.0,0.0,0.0,0.0,0.0,0.0,0.0,0.0,0.0,0.0,0.0,0.0,0.0,0.0,0.0,0.0,0.0,0.0,6.458248138427734,0.0,0.0,0.0,0.0,0.0,0.0,0.0,0.0,0.0,0.0,0.0,0.0,0.0,0.0,0.0,0.0,0.0,0.0,0.0,0.0,0.0,0.0,0.0,0.0,0.0,0.0,0.0,0.0,0.0
671,0.0,0.0,0.0,0.0,0.0,0.0,0.0,0.0,,0.0,0.0,,0.0,0.0,0.0,0.0,0.0,0.0,0.0,0.0,0.0,0.0,0.0,,0.0,0.0,0.0,0.0,0.0,0.0,0.0,0.0,0.0,0.0,0.0,0.0,0.0,0.9185810089111328,0.0,0.0,0.0,0.0,0.0,0.0,0.0,0.0,0.0,0.0,0.0,0.0,0.0,0.0,0.0,0.0,0.0,0.0,0.0,0.0,0.0,0.0,0.0,0.0,0.0,0.0,0.0,0.0,0.0,0.0,0.0,0.0,0.0,0.0,0.0,0.0,0.0,0.0,0.0,0.0,,0.0,0.0,0.0,0.0,0.0,0.0,0.0,0.0,0.0,0.0,0.0,0.0,0.0,0.0,0.0,0.0,0.0,0.0,0.0,0.0,0.0,0.0,0.0,0.0,0.0,0.0,0.0,0.0,0.0
672,0.0,0.0,0.0,0.0,0.0,0.0,0.10643386840820312,0.0,,0.0,0.0,,0.0,0.0,0.0,0.0,0.0,0.7827243804931641,0.0,0.0,0.0,0.0,0.0,,0.0,0.0,0.0,0.0,0.0,0.0,0.0,0.0,0.0,0.0,5.104738235473633,0.0,0.0,0.9185810089111328,0.0,0.0,0.0,0.0,0.0,0.0,0.0,0.0,0.0,0.0,0.0,0.0,0.0,0.0,0.0,0.0,0.0,0.0,0.0,0.0,0.0,0.0,0.0,1.8930168151855469,0.0,0.0,0.0,0.0,0.0,0.0,3.4474544525146484,0.0,0.0,0.0,0.0,0.0,0.0,0.0,0.0,0.0,,0.0,0.0,0.0,0.0,0.0,0.0,0.0,0.08339691162109375,0.0,0.0,0.0,0.0,0.0,0.0,0.0,0.0,0.0,0.0,0.0,0.0,0.0,0.0,0.0,2.2643184661865234,0.0,0.0,0.10060501098632812,0.0,0.0
673,0.0,0.0,0.0,0.0,0.0,0.0,2.7957096099853516,0.0,,0.0,0.0,,0.0,0.0,0.0,0.0,0.0,0.7827243804931641,0.0,0.0,0.0,1.4207878112792969,0.0,,0.0,0.0,0.0,1.6761150360107422,0.0,2.2667007446289062,0.5822696685791016,0.0,0.0,0.0,,0.0,0.0,5.010688781738281,0.0,0.0,0.0,0.0,0.3806324005126953,0.0,0.0,0.0,0.0,0.0,0.0,0.0,0.0,0.0,0.0,0.0,1.1283493041992188,0.0,0.0,0.0,0.0,0.0,0.0,1.8930168151855469,0.0,0.0,0.0,0.0,2.8253726959228516,2.746234893798828,3.4474544525146484,1.7120532989501953,0.0,0.0,0.0,0.0,0.0,0.0,0.0,0.0,,0.0,0.0,0.0,0.0,0.0,0.0,0.0,0.08339691162109375,0.0,0.0,0.0,0.0,0.0,0.0,0.7827243804931641,0.0,0.0,0.0,0.0,0.0,0.0,0.0,0.0,,0.0,0.0,7.491855621337891,0.0,0.0
674,0.0,0.0,0.0,0.0,0.0,0.0,,0.0,,2.426454544067383,0.9152736663818359,,0.0,0.0,0.0,0.9045639038085938,0.0,,0.0,,0.0,,0.0,,0.3661518096923828,0.0,0.0,,0.0,,8.194393157958984,4.201568603515625,0.0,0.0,,0.0,0.0,,0.0,0.0,0.0,1.0380477905273438,4.763328552246094,0.3330192565917969,0.0,2.633209228515625,0.0,0.1813831329345703,0.0,0.0,0.8965339660644531,0.0,0.0,0.0,,0.0567474365234375,0.7653865814208984,0.0,0.0,0.0,0.0,,0.0,,0.0,0.0,,,,,1.8885231018066406,0.0,0.0,0.0,1.7831573486328125,0.0048828125,2.7259521484375,0.0,,0.0,0.8469924926757812,,0.0,0.0,8.185474395751953,0.0,,0.0,1.1354293823242188,0.0,0.0,2.743988037109375,0.0,,5.832063674926758,0.0,0.2706565856933594,0.0,0.0,0.0,0.0,0.0,,0.19955062866210938,0.9045639038085938,,0.0,0.0
675,2.470855712890625,0.0195770263671875,4.089109420776367,4.105005264282227,0.6522789001464844,2.6634483337402344,,1.0217514038085938,,,,,0.0,0.0,1.5726814270019531,0.9045639038085938,4.046733856201172,,0.0,,0.0,,0.022640228271484375,,,0.0,0.0,,0.0,,,,0.0,0.0,,3.5094757080078125,2.0898094177246094,,1.510061264038086,0.0,0.254913330078125,,4.763328552246094,,2.062671661376953,,0.0,,0.0016880035400390625,4.168176651000977,,3.1887989044189453,,0.0,,,,3.977245330810547,,4.453920364379883,2.1956920623779297,,0.3257598876953125,,0.8375301361083984,2.8357887268066406,,,,,,0.0,,0.0,,,,0.0,,2.225658416748047,0.8469924926757812,,0.0,1.484689712524414,,,,0.8570766448974609,,6.115818023681641,0.0,,3.208538055419922,,,3.5111618041992188,5.159029006958008,0.0,,3.1047191619873047,0.0,0.0,,5.480058670043945,,,4.919921875,
676,,0.5577526092529297,,,1.4698505401611328,,,,,,,,0.0,0.04595756530761719,,3.0858078002929688,,,,,2.7643890380859375,,0.876129150390625,,,0.0,,,0.0,,,,0.0,0.5389175415039062,,,,,,1.5916824340820312,1.6884651184082031,,,,,,1.7696304321289062,,0.5765876770019531,,,3.1887989044189453,,0.5765876770019531,,,,,,,,,,,,,,,,,,,,2.599933624267578,,,,0.0,,,1.079244613647461,,0.9163284301757812,,,,,0.8570766448974609,,,0.3450794219970703,,,,,,,2.263559341430664,,,0.01732635498046875,0.0,,,,,,
677,,,,,,,,,,,,,0.0,7.346946716308594,,,,,,,,,,,,6.330314636230469,,,2.074573516845703,,,,4.58003044128418,,,,,,,6.226947784423828,,,,,,,,,,,,,,,,,,,,,,,,,,,,,,,,,,,,,,0.0,,,3.9398670196533203,,,,,,,2.991823196411133,,,0.3450794219970703,,,,,,,,,,7.234716415405273,,,,,,,
678,,,,,,,,,,,,,,,,,,,,,,,,,,,,,,,,,,,,,,,,,,,,,,,,,,,,,,,,,,,,,,,,,,,,,,,,,,,,,,,,,,,,,,,,4.750770568847656,,,,,,,,,,,,,,,,,,,,
679,,,,,,,,,,,,,,,,,,,,,,,,,,,,,,,,,,,,,,,,,,,,,,,,,,,,,,,,,,,,,,,,,,,,,,,,,,,,,,,,,10.319974899291992,,,,,,,,,,,,,,,,,,,,,,,,,,,
680,,,,,,,,,,,,,,,,,,,,,,,,,,,,,,,,,,,,,,,,,,,,,,,,,,,,,,,,,,,,,,,,,,,,,,,,,,,,,,,,,,,,,,,,,,,,,,,,,,,,,,,,,,,,
681,,,,,,,,,,,,,,,,,,,,,,,,,,,,,,,,,,,,,,,,,,,,,,,,,,,,,,,,,,,,,,,,,,,,,,,,,,,,,,,,,,,,,,,,,,,,,,,,,,,,,,,,,,,,
682,,,,0.0,,,0.0,,,,0.0,0.0,,,,,,,,,,,,0.0,,,,,,,,,,,0.0,,,,,,,,,,,,,,,,,,,,0.0,,,,,0.0,,,,,,,0.0,,,0.0,,,,,,,,,0.0,,0.0,0.0,,,,0.0,0.0,,,0.0,,0.0,,,,,,,,,,,,,,,,
683,0.0,,0.0,0.0,0.0,0.0,0.0,0.0,0.0,0.0,0.0,0.0,0.0,0.0,0.0,0.0,,0.0,0.0,,0.0,0.0,0.0,0.0,0.0,,0.0,0.0,,0.0,0.0,0.0,0.0,0.0,0.0,0.0,0.0,0.0,0.0,0.0,0.0,,0.0,0.0,0.0,0.0,0.0,0.0,0.0,0.0,0.0,0.0,0.0,0.0,0.0,0.0,0.0,0.0,0.0,0.0,0.0,,0.0,0.0,0.0,0.0,0.0,0.0,0.0,0.0,0.0,0.0,0.0,0.0,0.0,0.0,0.0,0.0,0.0,0.0,0.0,0.0,0.0,0.0,0.0,0.0,0.0,0.0,0.0,0.0,0.0,0.0,0.0,0.0,,0.0,0.0,0.0,,0.0,,0.0,0.0,0.0,0.0,0.0,0.0,
684,0.0,0.0,0.0,0.0,0.0,0.0,0.0,0.0,0.0,0.0,0.0,0.0,0.0,0.0,0.0,0.0,0.0,0.0,0.0,0.0,0.0,0.0,0.0,0.0,0.0,0.0,0.0,0.0,0.0,0.0,0.0,0.0,0.0,0.0,0.0,0.0,0.0,0.0,0.0,0.0,0.0,0.0,0.0,0.0,0.0,0.0,0.0,0.0,0.0,0.0,0.0,0.0,0.0,0.0,0.0,0.0,0.0,0.0,0.0,0.0,0.0,0.0,0.0,0.0,0.0,0.0,0.0,0.0,0.0,0.0,0.0,0.0,0.0,0.0,0.0,0.0,0.0,0.0,0.0,0.0,0.0,0.0,0.0,0.0,0.0,0.0,0.0,0.0,0.0,0.0,0.0,0.0,0.0,0.0,0.0,0.0,0.0,0.0,0.0,0.0,0.0,0.0,0.0,0.0,0.0,0.0,0.0,0.0
685,0.0,0.0,0.0,0.0,0.0,0.0,0.0,0.0,0.0,0.0,0.0,0.0,0.0,0.0,0.0,0.0,0.0,0.0,0.0,0.0,0.0,0.0,0.0,0.0,0.0,0.0,0.0,0.0,0.0,0.0,0.0,0.0,0.0,0.0,0.0,0.0,0.0,0.0,0.0,0.0,0.0,0.0,0.0,0.0,0.0,0.0,0.0,0.0,0.0,0.0,0.0,0.0,0.0,0.0,0.0,0.0,0.0,0.0,0.0,0.0,0.0,0.0,0.0,0.0,0.0,0.0,0.0,0.0,0.0,0.0,0.0,0.0,0.0,0.0,0.0,0.0,0.0,0.0,0.0,0.0,0.0,0.0,0.0,0.0,0.0,0.0,0.0,0.0,0.0,0.0,0.0,0.0,0.0,0.0,0.0,0.0,0.0,0.0,0.0,0.0,0.0,0.0,0.0,0.0,0.0,0.0,0.0,0.0
686,0.0,0.0,0.0,0.0,0.0,0.0,0.0,0.0,0.0,0.0,0.0,0.0,0.0,0.0,0.0,0.0,0.0,0.0,0.0,0.0,0.0,0.0,0.0,0.0,0.0,0.0,0.0,0.0,0.0,0.0,0.0,0.0,0.0,0.0,0.0,0.0,0.0,0.0,0.0,0.0,0.0,0.0,0.0,0.0,0.0,0.0,0.0,0.0,0.0,0.0,0.0,0.0,0.0,0.0,0.0,0.0,0.0,0.0,0.0,0.0,0.0,0.0,0.0,0.0,0.0,0.0,0.0,0.0,0.0,0.0,0.0,0.0,0.0,0.0,0.0,0.0,0.0,0.0,0.0,0.0,0.0,0.0,0.0,0.0,0.0,0.0,0.0,0.0,0.0,0.0,0.0,0.0,0.0,0.0,0.0,0.0,0.0,0.0,0.0,0.0,0.0,0.0,0.0,0.0,0.0,0.0,0.0,0.0
687,0.0,0.0,0.0,0.0,0.0,0.0,0.0,0.0,0.0,0.0,0.0,0.0,0.0,0.0,0.0,0.0,0.0,0.0,0.0,0.0,0.0,0.0,0.0,0.0,0.0,0.0,0.0,0.0,0.0,0.0,0.0,0.0,0.0,0.0,0.0,0.0,0.0,0.0,0.0,0.0,0.0,0.0,0.0,0.0,0.0,0.0,0.0,0.0,0.0,0.0,0.0,0.0,0.0,0.0,0.0,0.0,0.0,0.0,0.0,0.0,0.0,0.0,0.0,0.0,0.0,0.0,0.0,0.0,0.0,0.0,0.0,0.0,0.0,0.0,0.0,0.0,0.0,0.0,0.0,0.0,0.0,0.0,0.0,0.0,0.0,0.0,0.0,0.0,0.0,0.0,0.0,0.0,0.0,0.0,0.0,0.0,0.0,0.0,0.0,0.0,0.0,0.0,0.0,0.0,0.0,0.0,0.0,0.0
688,0.0,0.0,0.0,0.0,0.0,0.0,0.0,0.0,0.0,0.0,0.0,0.0,0.0,0.0,0.0,0.0,0.0,0.0,0.0,0.0,0.0,0.0,0.0,0.0,0.0,0.0,0.0,0.0,0.0,0.0,0.0,0.0,0.0,0.0,0.0,0.0,0.0,0.0,0.0,0.0,0.0,0.0,0.0,0.0,0.0,0.0,0.0,0.0,0.0,0.0,0.0,0.0,0.0,0.0,0.0,0.0,0.0,0.0,0.0,0.0,0.0,0.0,0.0,0.0,0.0,0.0,0.0,0.0,0.0,0.0,0.0,0.0,0.0,0.0,0.0,0.0,0.0,0.0,0.0,0.0,0.0,0.0,0.0,0.0,0.0,0.0,0.0,0.0,0.0,0.0,0.0,0.0,0.0,0.0,0.0,0.0,0.0,0.0,0.0,0.0,0.0,0.0,0.0,0.0,0.0,0.0,0.0,0.0
689,0.0,0.0,0.0,0.0,0.0,0.0,0.0,0.0,0.0,0.0,0.0,0.0,0.0,0.0,0.0,0.0,0.0,0.0,0.0,0.0,0.0,0.0,0.0,0.0,0.0,0.0,0.0,0.0,0.0,0.0,0.0,0.0,0.0,0.0,0.0,0.0,0.0,0.0,0.0,0.0,0.0,0.0,0.0,0.0,0.0,0.0,0.0,0.0,0.0,0.0,0.0,0.0,0.0,0.0,0.0,0.0,0.0,0.0,0.0,0.0,0.0,0.0,0.0,0.0,0.0,0.0,0.0,0.0,0.0,0.0,0.0,0.0,0.0,0.0,0.0,0.0,0.0,0.0,0.0,0.0,0.0,0.0,0.0,0.0,0.0,0.0,0.0,0.0,0.0,0.0,0.0,0.0,0.0,0.0,0.0,0.0,0.0,0.0,0.0,0.0,0.0,0.0,0.0,0.0,0.0,0.0,0.0,0.0
690,0.0,0.0,0.0,0.0,0.0,0.0,0.0,0.0,0.0,0.0,0.0,0.0,0.0,0.0,0.0,0.0,0.0,0.0,0.0,0.0,0.0,0.0,0.0,0.0,0.0,0.0,0.0,0.0,0.0,0.0,0.0,0.0,0.0,0.0,0.0,0.0,0.0,0.0,0.0,0.0,0.0,0.0,0.0,0.0,0.0,0.0,0.0,0.0,0.0,0.0,0.0,0.0,0.0,0.0,0.0,0.0,0.0,0.0,0.0,0.0,0.0,0.0,0.0,0.0,0.0,0.0,0.0,0.0,0.0,0.0,0.0,0.0,0.0,0.0,0.0,0.0,0.0,0.0,1.0644264221191406,0.0,0.0,0.0,0.0,0.0,0.0,0.0,0.0,0.0,0.0,0.0,0.0,0.0,0.0,0.0,0.0,0.0,0.0,0.0,0.0,0.0,0.0,0.0,0.0,0.0,0.0,0.0,0.0,0.0
691,0.0,0.0,0.0,0.4850044250488281,0.0,0.0,0.0,0.0,0.0,0.0,0.0,0.0,0.0,0.0,0.0,0.0,0.0,0.0,0.0,0.0,0.0,0.0,0.0,0.0,0.0,0.0,0.0,0.0,0.0,0.0,0.0,0.0,0.0,0.0,0.0,0.0,0.0,0.0,0.0,0.0,0.0,0.0,0.0,0.0,0.0,0.0,0.0,0.0,0.0,0.0,0.0,0.0,0.0,0.0,0.0,0.0,0.0,0.0,0.0,0.0,0.0,0.0,0.0,0.0,0.0,0.0,0.0,0.0,0.5453701019287109,0.4646949768066406,0.0,0.0,0.0,0.0,0.0,0.0,0.0,0.0,,0.0,0.0,0.0,0.0,0.0,0.0,0.0,0.0,0.0,0.0,0.0,0.0,0.0,0.0,0.0,0.0,0.0,0.0,0.0,0.0,0.0,0.0,0.0,,0.0,0.0,0.0,0.0,0.0
692,0.04023933410644531,0.0,0.0,1.5352897644042969,0.0,0.0,,0.0,0.0,0.0,0.522186279296875,0.0,0.0,0.0,0.0,0.12106704711914062,0.0,2.319356918334961,1.3191680908203125,0.0,0.0,0.25256919860839844,0.0,0.0,0.0,0.0,1.0,0.7857151031494141,0.0,0.553131103515625,0.0,0.7571296691894531,0.0,0.0,0.9821434020996094,0.0,0.0,0.0,0.0,0.0,0.0,0.0,0.0,0.0,0.0,0.0,0.0,0.0,0.0,0.5664234161376953,0.0,0.0,0.0,0.0,1.1784648895263672,1.0450725555419922,0.0,0.0,0.0,1.5352916717529297,0.0,0.0,0.0,0.522186279296875,0.0,0.0,4.4512939453125,1.6183319091796875,0.5453701019287109,1.4157886505126953,0.3896808624267578,0.0,0.0,0.0,0.4155616760253906,0.0,0.0,0.0,,0.0,0.0,0.5337505340576172,0.0,0.0,0.2853260040283203,1.8693618774414062,0.06748008728027344,0.0,0.8932991027832031,0.7961826324462891,0.0,1.8464794158935547,0.0,0.0,0.0,0.0,0.0,0.0,0.0,0.0,0.0,0.0,,0.0,0.8713645935058594,0.0,0.0,0.0
693,0.74383544921875,0.0,0.0,0.9917392730712891,0.0,0.0,,0.0,0.0,0.0,0.8311843872070312,0.0,0.0,0.4418067932128906,0.0,0.12106704711914062,0.0,1.345855712890625,0.9659347534179688,0.0,0.058170318603515625,0.5425453186035156,0.6505565643310547,0.0,0.0,0.0,1.0,0.7857151031494141,0.0,1.0773372650146484,0.20473098754882812,0.7571296691894531,0.0,0.0,0.7966289520263672,0.0,0.2551116943359375,0.3410968780517578,0.0,0.05859565734863281,0.0,0.0,0.0,0.0,0.0,0.0,0.0,0.0,0.28798675537109375,0.5664234161376953,0.529815673828125,0.0,0.0,0.0,1.0613212585449219,0.9351959228515625,0.0,0.0,0.0,1.0389938354492188,0.0,0.0,0.0,0.852813720703125,0.7040252685546875,0.0,1.8483924865722656,1.442556381225586,1.0415630340576172,1.4585208892822266,0.3896808624267578,0.0,0.0,0.0,0.4155616760253906,0.5746612548828125,0.0,0.0,,0.0,0.0,0.9056472778320312,0.0,0.0,0.8788566589355469,0.9407005310058594,0.9299602508544922,0.0,0.7254371643066406,0.9753589630126953,0.0,1.0597038269042969,0.0,0.0,0.060001373291015625,0.0,0.0,0.0,0.0,0.0,0.0,0.0,,0.0,0.8713645935058594,0.0,0.0,0.0
694,0.0,0.0,0.0,0.0,0.0,0.0,0.8310356140136719,0.0,0.0,0.0,0.02765655517578125,0.0,0.0,0.0,0.0,0.08725357055664062,0.0,0.0,0.6333942413330078,0.0,0.0,0.0,0.08725357055664062,0.0,0.0,0.0,0.0,0.351165771484375,0.0,0.6746940612792969,0.0,0.4813995361328125,0.0,0.0,0.0,0.0,0.0,0.0,0.0,0.0,0.0,0.0,0.0,0.0,0.0,0.0,0.0,0.0,0.0,0.0,0.0684814453125,0.0,0.0,0.0,0.0,0.0,0.0,0.0,0.0,0.15626907348632812,0.0,0.0,0.0,0.0,0.05824470520019531,0.0,0.89886474609375,0.6746940612792969,0.8472957611083984,0.2798442840576172,0.0,0.0,0.0,0.0,0.0,0.0,0.0,0.0,0.0,0.0,0.0,0.6310939788818359,0.0,0.0,0.0,0.20756149291992188,0.0,0.0,0.0,0.0,0.0,0.0,0.0,0.0,0.0,0.0,0.0,0.0,0.0,0.0,0.0,0.0,0.0,0.0,0.2807044982910156,0.0,0.0,0.0
695,0.0,0.0,0.0,0.0,0.0,0.0,0.0,0.0,0.0,0.0,0.0,0.0,0.0,0.0,0.0,0.0,0.0,0.0,0.0,0.0,0.0,0.0,0.0,0.0,0.0,0.0,0.0,0.0,0.0,0.0,0.0,0.0,0.0,0.0,0.0,0.0,0.0,0.0,0.0,0.0,0.0,0.0,0.0,0.0,0.0,0.0,0.0,0.0,0.0,0.0,0.0,0.0,0.0,0.0,0.0,0.0,0.0,0.0,0.0,0.0,0.0,0.0,0.0,0.0,0.0,0.0,0.0,0.0,0.0,0.0,0.0,0.0,0.0,0.0,0.0,0.0,0.0,0.0,0.0,0.0,0.0,0.0,0.0,0.0,0.0,0.0,0.0,0.0,0.0,0.0,0.0,0.0,0.0,0.0,0.0,0.0,0.0,0.0,0.0,0.0,0.0,0.0,0.0,0.0,0.0,0.0,0.0,0.0
696,0.0,0.0,0.0,0.0,0.0,0.0,0.0,0.0,0.0,0.0,0.0,0.0,0.0,0.0,0.0,0.0,0.0,0.0,0.0,0.0,0.0,0.0,0.0,0.0,0.0,0.0,0.0,0.0,0.0,0.0,0.0,0.0,0.0,0.0,0.0,0.0,0.0,0.0,0.0,0.0,0.0,0.0,0.0,0.0,0.0,0.0,0.0,0.0,0.0,0.0,0.0,0.0,0.0,0.0,0.0,0.0,0.0,0.0,0.0,0.0,0.0,0.0,0.0,0.0,0.0,0.0,0.0,0.0,0.0,0.0,0.0,0.0,0.0,0.0,0.0,0.0,0.0,0.0,0.0,0.0,0.0,0.0,0.0,0.0,0.0,0.0,0.0,0.0,0.0,0.0,0.0,0.0,0.0,0.0,0.0,0.0,0.0,0.0,0.0,0.0,0.0,0.0,0.0,0.0,0.0,0.0,0.0,0.0
697,0.0,0.0,0.0,0.0,0.0,0.0,0.0,0.0,0.0,0.0,0.0,0.0,0.0,0.0,0.0,0.0,0.0,0.0,0.0,0.0,0.0,0.0,0.0,0.0,0.0,0.0,0.0,0.0,0.0,0.0,0.0,0.0,0.0,0.0,0.0,0.0,0.0,0.0,0.0,0.0,0.0,0.0,0.0,0.0,0.0,0.0,0.0,0.0,0.0,0.0,0.0,0.0,0.0,0.0,0.0,0.0,0.0,0.0,0.0,0.0,0.0,0.0,0.0,0.0,0.0,0.0,0.0,0.0,0.0,0.0,0.0,0.0,0.0,0.0,0.0,0.0,0.0,0.0,0.0,0.0,0.0,0.0,0.0,0.0,0.0,0.0,0.0,0.0,0.0,0.0,0.0,0.0,0.0,0.0,0.0,0.0,0.0,0.0,0.0,0.0,0.0,0.0,0.0,0.0,0.0,0.0,0.0,0.0
698,0.0,0.0,0.0,0.0,0.0,0.0,0.0,0.0,0.0,0.0,0.0,0.0,0.0,0.0,0.0,0.0,0.0,0.0,0.0,0.0,0.0,0.0,0.0,0.0,0.0,0.0,0.0,0.0,0.0,0.0,0.0,0.0,0.0,0.0,0.0,0.0,0.0,0.0,0.0,0.0,0.0,0.0,0.0,0.0,0.0,0.0,0.0,0.0,0.0,0.0,0.0,0.0,0.0,0.0,0.0,0.0,0.0,0.0,0.0,0.0,0.0,0.0,0.0,0.0,0.0,0.0,0.0,0.0,0.0,0.0,0.0,0.0,0.0,0.0,0.0,0.0,0.0,0.0,0.0,0.0,0.0,0.0,0.0,0.0,0.0,0.0,0.0,0.0,0.0,0.0,0.0,0.0,0.0,0.0,0.0,0.0,0.0,0.0,0.0,0.0,0.0,0.0,0.0,0.0,0.0,0.0,0.0,0.0
699,0.0,0.0,0.0,0.0,0.0,0.0,0.0,0.0,0.0,0.0,0.0,0.0,0.0,0.0,0.0,0.0,0.0,0.0,0.0,0.0,0.0,0.0,0.0,0.0,0.0,0.0,0.0,0.0,0.0,0.0,0.0,0.0,0.0,0.0,0.0,0.0,0.0,0.0,0.0,0.0,0.0,0.0,0.0,0.0,0.0,0.0,0.0,0.0,0.0,0.0,0.0,0.0,0.0,0.0,0.0,0.0,0.0,0.0,0.0,0.0,0.0,0.0,0.0,0.0,0.0,0.0,0.0,0.0,0.0,0.0,0.0,0.0,0.0,0.0,0.0,0.0,0.0,0.0,0.0,0.0,0.0,0.0,0.0,0.0,0.0,0.0,0.0,0.0,0.0,0.0,0.0,0.0,0.0,0.0,0.0,0.0,0.0,0.0,0.0,0.0,0.0,0.0,0.0,0.0,0.0,0.0,0.0,0.0
700,0.0,0.0,0.0,0.0,0.0,0.0,0.0,0.0,0.0,0.0,0.0,0.0,0.0,0.0,0.0,0.0,0.0,0.0,0.0,0.0,0.0,0.0,0.0,0.0,0.0,0.0,0.0,0.0,0.0,0.0,0.0,0.0,0.0,0.0,0.0,0.0,0.0,0.0,0.0,0.0,0.0,0.0,0.0,0.0,0.0,0.0,0.0,0.0,0.0,0.0,0.0,0.0,0.0,0.0,0.0,0.0,0.0,0.0,0.0,0.0,0.0,0.0,0.0,0.0,0.0,0.0,0.0,0.0,0.0,0.0,0.0,0.0,0.0,0.0,0.0,0.0,0.0,0.0,0.0,0.0,0.0,0.0,0.0,0.0,0.0,0.0,0.0,0.0,0.0,0.0,0.0,0.0,0.0,0.0,0.0,0.0,0.0,0.0,0.0,0.0,0.0,0.0,0.0,0.0,0.0,0.0,0.0,0.0
701,0.0,0.0,0.0,0.0,0.0,0.0,0.0,0.0,0.0,0.0,0.0,0.0,0.0,0.0,0.0,0.0,0.0,0.0,0.0,0.0,0.0,0.0,0.0,0.0,0.0,0.0,0.0,0.0,0.0,0.0,0.0,0.0,0.0,0.0,0.0,0.0,0.0,0.0,0.0,0.0,0.0,0.0,0.0,0.0,0.0,0.0,0.0,0.0,0.0,0.0,0.0,0.0,0.0,0.0,0.0,0.0,0.0,0.0,0.0,0.0,0.0,0.0,0.0,0.0,0.0,0.0,0.0,0.0,0.0,0.0,0.0,0.0,0.0,0.0,0.0,0.0,0.0,0.0,0.0,0.0,0.0,0.0,0.0,0.0,0.0,0.0,0.0,0.0,0.0,0.0,0.0,0.0,0.0,0.0,0.0,0.0,0.0,0.0,0.0,0.0,0.0,0.0,0.0,0.0,0.0,0.0,0.0,0.0
702,0.0,0.0,0.0,0.0,0.0,0.0,0.0,0.0,0.0,0.0,0.0,0.0,0.0,0.0,0.0,0.0,0.0,0.0,0.0,0.0,0.0,0.0,0.0,0.0,0.0,0.0,0.0,0.0,0.0,0.0,0.0,0.0,0.0,0.0,0.0,0.0,0.0,0.0,0.0,0.0,0.0,0.0,0.0,0.0,0.0,0.0,0.0,0.0,0.0,0.0,0.0,0.0,0.0,0.0,0.0,0.0,0.0,0.0,0.0,0.0,0.0,0.0,0.0,0.0,0.0,0.0,0.0,0.0,0.0,0.0,0.0,0.0,0.0,0.0,0.0,0.0,0.0,0.0,0.0,0.0,0.0,0.0,0.0,0.0,0.0,0.0,0.0,0.0,0.0,0.0,0.0,0.0,0.0,0.0,0.0,0.0,0.0,0.0,0.0,0.0,0.0,0.0,0.0,0.0,0.0,0.0,0.0,0.0
703,0.0,0.0,0.0,0.0,0.0,0.0,0.0,0.0,0.0,0.0,0.0,0.0,0.0,0.0,0.0,0.0,0.0,0.0,0.0,0.0,0.0,0.0,0.0,0.0,0.0,0.0,0.0,0.0,0.0,0.0,0.0,0.0,0.0,0.0,0.0,0.0,0.0,0.0,0.0,0.0,0.0,0.0,0.0,0.0,0.0,0.0,0.0,0.0,0.0,0.0,0.0,0.0,0.0,0.0,0.0,0.0,0.0,0.0,0.0,0.0,0.0,0.0,0.0,0.0,0.0,0.0,0.0,0.0,0.0,0.0,0.0,0.0,0.0,0.0,0.0,0.0,0.0,0.0,0.0,0.0,0.0,0.0,0.0,0.0,0.0,0.0,0.0,0.0,0.0,0.0,0.0,0.0,0.0,0.0,0.0,0.0,0.0,0.0,0.0,0.0,0.0,0.0,0.0,0.0,0.0,0.0,0.0,0.0
704,0.0,0.0,0.0,0.0,0.0,0.0,0.0,0.0,0.0,0.0,0.0,0.0,0.0,0.0,0.0,0.0,0.0,0.0,0.0,0.0,0.0,0.0,0.0,0.0,0.0,0.0,0.0,0.0,0.0,0.0,0.0,0.0,0.0,0.0,0.0,0.0,0.0,0.0,0.0,0.0,0.0,0.0,0.0,0.0,0.0,0.0,0.0,0.0,0.0,0.0,0.0,0.0,0.0,0.0,0.0,0.0,0.0,0.0,0.0,0.0,0.0,0.0,0.0,0.0,0.0,0.0,0.0,0.0,0.0,0.0,0.0,0.0,0.0,0.0,0.0,0.0,0.0,0.0,0.0,0.0,0.0,0.0,0.0,0.0,0.0,0.0,0.0,0.0,0.0,0.0,0.0,0.0,0.0,0.0,0.0,0.0,0.0,0.0,0.0,0.0,0.0,0.0,0.0,0.0,0.0,0.0,0.0,0.0
705,0.0,0.0,0.0,0.0,0.0,0.0,0.0,0.0,0.0,0.0,0.0,0.0,0.0,0.0,0.0,0.0,0.0,0.0,0.0,0.0,0.0,0.0,0.0,0.0,0.0,0.0,0.0,0.0,0.0,0.0,0.0,0.0,0.0,0.0,0.0,0.0,0.0,0.0,0.0,0.0,0.0,0.0,0.0,0.0,0.0,0.0,0.0,0.0,0.0,0.0,0.0,0.0,0.0,0.0,0.0,0.0,0.0,0.0,0.0,0.0,0.0,0.0,0.0,0.0,0.0,0.0,0.0,0.0,0.0,0.0,0.0,0.0,0.0,0.0,0.0,0.0,0.0,0.0,0.0,0.0,0.0,0.0,0.0,0.0,0.0,0.0,0.0,0.0,0.0,0.0,0.0,0.0,0.0,0.0,0.0,0.0,0.0,0.0,0.0,0.0,0.0,0.0,0.0,0.0,0.0,0.0,0.0,0.0
706,0.0,0.0,0.0,0.0,0.0,0.0,0.0,0.0,0.0,0.0,0.0,0.0,0.0,0.0,0.0,0.0,0.0,0.0,0.0,0.0,0.0,0.0,0.0,0.0,0.0,0.0,0.0,0.0,0.0,0.0,0.0,0.0,0.0,0.0,0.0,0.0,0.0,0.0,0.0,0.0,0.0,0.0,0.0,0.0,0.0,0.0,0.0,0.0,0.0,0.0,0.0,0.0,0.0,0.0,0.0,0.0,0.0,0.0,0.0,0.0,0.0,0.0,0.0,0.0,0.0,0.0,0.0,0.0,0.0,0.0,0.0,0.0,0.0,0.0,0.0,0.0,0.0,0.0,0.0,0.0,0.0,0.0,0.0,0.0,0.0,0.0,0.0,0.0,0.0,0.0,0.0,0.0,0.0,0.0,0.0,0.0,0.0,0.0,0.0,0.0,0.0,0.0,0.0,0.0,0.0,0.0,0.0,0.0
707,0.0,0.0,0.0,0.0,0.0,0.0,0.0,0.0,0.0,0.0,0.0,0.0,0.0,0.0,0.0,0.0,0.0,0.0,0.0,0.0,0.0,0.0,0.0,0.0,0.0,0.0,0.0,0.0,0.0,0.0,0.0,0.0,0.0,0.0,0.0,0.0,0.0,0.0,0.0,0.0,0.0,0.0,0.0,0.0,0.0,0.0,0.0,0.0,0.0,0.0,0.0,0.0,0.0,0.0,0.0,0.0,0.0,0.0,0.0,0.0,0.0,0.0,0.0,0.0,0.0,0.0,0.0,0.0,0.0,0.0,0.0,0.0,0.0,0.0,0.0,0.0,0.0,0.0,0.0,0.0,0.0,0.0,0.0,0.0,0.0,0.0,0.0,0.0,0.0,0.0,0.0,0.0,0.0,0.0,0.0,0.0,0.0,0.0,0.0,0.0,0.0,0.0,0.0,0.0,0.0,0.0,0.0,0.0
708,0.0,0.0,0.0,0.0,0.0,0.0,0.0,0.0,0.0,0.0,0.0,0.0,0.0,0.0,0.0,0.0,0.0,0.0,0.0,0.0,0.0,0.0,0.0,0.0,0.0,0.0,0.0,0.0,0.0,0.0,0.0,0.0,0.0,0.0,0.0,0.0,0.0,0.0,0.0,0.0,0.0,0.0,0.0,0.0,0.0,0.0,0.0,0.0,0.0,0.0,0.0,0.0,0.0,0.0,0.0,0.0,0.0,0.0,0.0,0.0,0.0,0.0,0.0,0.0,0.0,0.0,0.0,0.0,0.0,0.0,0.0,0.0,0.0,0.0,0.0,0.0,0.0,0.0,0.0,0.0,0.0,0.0,0.0,0.0,0.0,0.0,0.0,0.0,0.0,0.0,0.0,0.0,0.0,0.0,0.0,0.0,0.0,0.0,0.0,0.0,0.0,0.0,0.0,0.0,0.0,0.0,0.0,0.0
709,0.0,0.0,0.0,0.0,0.0,0.0,0.0,0.0,0.0,0.0,0.0,0.0,0.0,0.0,0.0,0.0,0.0,0.0,0.0,0.0,0.0,0.0,0.0,0.0,0.0,0.0,0.0,0.0,0.0,0.0,0.0,0.0,0.0,0.0,0.0,0.0,0.0,0.0,0.0,0.0,0.0,0.0,0.0,0.0,0.0,0.0,0.0,0.0,0.0,0.0,0.0,0.0,0.0,0.0,0.0,0.0,0.0,0.0,0.0,0.0,0.0,0.0,0.0,0.0,0.0,0.0,0.0,0.0,0.0,0.0,0.0,0.0,0.0,0.0,0.0,0.0,0.0,0.0,0.0,0.0,0.0,0.0,0.0,0.0,0.0,0.0,0.0,0.0,0.0,0.0,0.0,0.0,0.0,0.0,0.0,0.0,0.0,0.0,0.0,0.0,0.0,0.0,0.0,0.0,0.0,0.0,0.0,0.0
710,0.0,0.0,0.0,0.0,0.0,0.0,0.0,0.0,0.0,0.0,0.0,0.0,0.0,0.0,0.0,0.0,0.0,0.0,0.0,0.0,0.0,0.0,0.0,0.0,0.0,0.0,0.0,0.0,0.0,0.0,0.0,0.0,0.0,0.0,0.0,0.0,0.0,0.0,0.0,0.0,0.0,0.0,0.0,0.0,0.0,0.0,0.0,0.0,0.0,0.0,0.0,0.0,0.0,0.0,0.0,0.0,0.0,0.0,0.0,0.0,0.0,0.0,0.0,0.0,0.0,0.0,0.0,0.0,0.0,0.0,0.0,0.0,0.0,0.0,0.0,0.0,0.0,0.0,0.0,0.0,0.0,0.0,0.0,0.0,0.0,0.0,0.0,0.0,0.0,0.0,0.0,0.0,0.0,0.0,0.0,0.0,0.0,0.0,0.0,0.0,0.0,0.0,0.0,0.0,0.0,0.0,0.0,0.0
711,0.0,0.0,0.0,0.0,0.0,0.0,0.0,0.0,0.0,0.0,0.0,0.0,0.0,0.0,0.0,0.0,0.0,0.0,0.0,0.0,0.0,0.0,0.0,0.0,0.0,0.0,0.0,0.0,0.0,0.0,0.0,0.0,0.0,0.0,0.0,0.0,0.0,0.0,0.0,0.0,0.0,0.0,0.0,0.0,0.0,0.0,0.0,0.0,0.0,0.0,0.0,0.0,0.0,0.0,0.0,0.0,0.0,0.0,0.0,0.0,0.0,0.0,0.0,0.0,0.0,0.0,0.0,0.0,0.0,0.0,0.0,0.0,0.0,0.0,0.0,0.0,0.0,0.0,0.0,0.0,0.0,0.0,0.0,0.0,0.0,0.0,0.0,0.0,0.0,0.0,0.0,0.0,0.0,0.0,0.0,0.0,0.0,0.0,0.0,0.0,0.0,0.0,0.0,0.0,0.0,0.0,0.0,0.0
712,0.0,0.0,0.0,0.0,0.0,0.0,0.0,0.0,0.0,0.0,0.0,0.0,0.0,0.0,0.0,0.0,0.0,0.0,0.0,0.0,0.0,0.0,0.0,0.0,0.0,0.0,0.0,0.0,0.0,0.0,0.0,0.0,0.0,0.0,0.0,0.0,0.0,0.0,0.0,0.0,0.0,0.0,0.0,0.0,0.0,0.0,0.0,0.0,0.0,0.0,0.0,0.0,0.0,0.0,0.0,0.0,0.0,0.0,0.0,0.0,0.0,0.0,0.0,0.0,0.0,0.0,0.0,0.0,0.0,0.0,0.0,0.0,0.0,0.0,0.0,0.0,0.0,0.0,0.0,0.0,0.0,0.0,0.0,0.0,0.0,0.0,0.0,0.0,0.0,0.0,0.0,0.0,0.0,0.0,0.0,0.0,0.0,0.0,0.0,0.0,0.0,0.0,0.0,0.0,0.0,0.0,0.0,0.0
713,0.0,0.0,0.0,0.0,0.0,0.0,0.0,0.0,0.0,0.0,0.0,0.0,0.0,0.0,0.0,0.0,0.0,0.0,0.0,0.0,0.0,0.0,0.0,0.0,0.0,0.0,0.0,0.0,0.0,0.0,0.0,0.0,0.0,0.0,0.0,0.0,0.0,0.0,0.0,0.0,0.0,0.0,0.0,0.0,0.0,0.0,0.0,0.0,0.0,0.0,0.0,0.0,0.0,0.0,0.0,0.0,0.0,0.0,0.0,0.0,0.0,0.0,0.0,0.0,0.0,0.0,0.0,0.0,0.0,0.0,0.0,0.0,0.0,0.0,0.0,0.0,0.0,0.0,0.0,0.0,0.0,0.0,0.0,0.0,0.0,0.0,0.0,0.0,0.0,0.0,0.0,0.0,0.0,0.0,0.0,0.0,0.0,0.0,0.0,0.0,0.0,0.0,0.0,0.0,0.0,0.0,0.0,0.0
714,0.0,0.0,0.0,0.0,0.0,0.0,0.0,0.0,0.0,0.0,0.0,0.0,0.0,0.0,0.0,0.0,0.0,0.0,0.0,0.0,0.0,0.0,0.0,0.0,0.0,0.0,0.0,0.0,0.0,0.0,0.0,0.0,0.0,0.0,0.0,0.0,0.0,0.0,0.0,0.0,0.0,0.0,0.0,0.0,0.0,0.0,0.0,0.0,0.0,0.0,0.0,0.0,0.0,0.0,0.0,0.0,0.0,0.0,0.0,0.0,0.0,0.0,0.0,0.0,0.0,0.0,0.0,0.0,0.0,0.0,0.0,0.0,0.0,0.0,0.0,0.0,0.0,0.0,0.0,0.0,0.0,0.0,0.0,0.0,0.0,0.0,0.0,0.0,0.0,0.0,0.0,0.0,0.0,0.0,0.0,0.0,0.0,0.0,0.0,0.0,0.0,0.0,0.0,0.0,0.0,0.0,0.0,0.0
715,0.0,0.0,0.0,0.0,0.0,0.0,0.0,0.0,0.0,0.0,0.0,0.0,0.0,0.0,0.0,0.0,0.0,0.0,0.0,0.0,0.0,0.0,0.0,0.0,0.0,0.0,0.0,0.0,0.0,0.0,0.0,0.0,0.0,0.0,0.0,0.0,0.0,0.0,0.0,0.0,0.0,0.0,0.0,0.0,0.0,0.0,0.0,0.0,0.0,0.0,0.0,0.0,0.0,0.0,0.0,0.0,0.0,0.0,0.0,0.0,0.0,0.0,0.0,0.0,0.0,0.0,0.0,0.0,0.0,0.0,0.0,0.0,0.0,0.0,0.0,0.0,0.0,0.0,0.0,0.0,0.0,0.0,0.0,0.0,0.0,0.0,0.0,0.0,0.0,0.0,0.0,0.0,0.0,0.0,0.0,0.0,0.0,0.0,0.0,0.0,0.0,0.0,0.0,0.0,0.0,0.0,0.0,0.0
716,0.0,0.0,0.0,0.0,0.0,0.0,0.0,0.0,0.0,0.0,0.0,0.0,0.0,0.0,0.0,0.0,0.0,0.0,0.0,0.0,0.0,0.0,0.0,0.0,0.0,0.0,0.0,0.0,0.0,0.0,0.0,0.0,0.0,0.0,0.0,0.0,0.0,0.0,0.0,0.0,0.0,0.0,0.0,0.0,0.0,0.0,0.0,0.0,0.0,0.0,0.0,0.0,0.0,0.0,0.0,0.0,0.0,0.0,0.0,0.0,0.0,0.0,0.0,0.0,0.0,0.0,0.0,0.0,0.0,0.0,0.0,0.0,0.0,0.0,0.0,0.0,0.0,0.0,0.0,0.0,0.0,0.0,0.0,0.0,0.0,0.0,0.0,0.0,0.0,0.0,0.0,0.0,0.0,0.0,0.0,0.0,0.0,0.0,0.0,0.0,0.0,0.0,0.0,0.0,0.0,0.0,0.0,0.0
717,0.0,0.0,0.0,0.0,0.0,0.0,0.0,0.0,0.0,0.0,0.0,0.0,0.0,0.0,0.0,0.0,0.0,0.0,0.0,0.0,0.0,0.0,0.0,0.0,0.0,0.0,0.0,0.0,0.0,0.0,0.0,0.0,0.0,0.0,0.0,0.0,0.0,0.0,0.0,0.0,0.0,0.0,0.0,0.0,0.0,0.0,0.0,0.0,0.0,0.0,0.0,0.0,0.0,0.0,0.0,0.0,0.0,0.0,0.0,0.0,0.0,0.0,0.0,0.0,0.0,0.0,0.0,0.0,0.0,0.0,0.0,0.0,0.0,0.0,0.0,0.0,0.0,0.0,0.0,0.0,0.0,0.0,0.0,0.0,0.0,0.0,0.0,0.0,0.0,0.0,0.0,0.0,0.0,0.0,0.0,0.0,0.0,0.0,0.0,0.0,0.0,0.0,0.0,0.0,0.0,0.0,0.0,0.0
718,0.0,0.0,0.0,0.0,0.0,0.0,0.0,0.0,0.0,0.0,0.0,0.0,0.0,0.0,0.0,0.0,0.0,0.0,0.0,0.0,0.0,0.0,0.0,0.0,0.0,0.0,0.0,0.0,0.0,0.0,0.0,0.0,0.0,0.0,0.0,0.0,0.0,0.0,0.0,0.0,0.0,0.0,0.0,0.0,0.0,0.0,0.0,0.0,0.0,0.0,0.0,0.0,0.0,0.0,0.0,0.0,0.0,0.0,0.0,0.0,0.0,0.0,0.0,0.0,0.0,0.0,0.0,0.0,0.0,0.0,0.0,0.0,0.0,0.0,0.0,0.0,0.0,0.0,0.0,0.0,0.0,0.0,0.0,0.0,0.0,0.0,0.0,0.0,0.0,0.0,0.0,0.0,0.0,0.0,0.0,0.0,0.0,0.0,0.0,0.0,0.0,0.0,0.0,0.0,0.0,0.0,0.0,0.0
719,0.0,0.0,0.0,0.0,0.0,0.0,0.0,0.0,0.0,0.0,0.0,0.0,0.0,0.0,0.0,0.0,0.0,0.0,0.0,0.0,0.0,0.0,0.0,0.0,0.0,0.0,0.0,0.0,0.0,0.0,0.0,0.0,0.0,0.0,0.0,0.0,0.0,0.0,0.0,0.0,0.0,0.0,0.0,0.0,0.0,0.0,0.0,0.0,0.0,0.0,0.0,0.0,0.0,0.0,0.0,0.0,0.0,0.0,0.0,0.0,0.0,0.0,0.0,0.0,0.0,0.0,0.0,0.0,0.0,0.0,0.0,0.0,0.0,0.0,0.0,0.0,0.0,0.0,0.0,0.0,0.0,0.0,0.0,0.0,0.0,0.0,0.0,0.0,0.0,0.0,0.0,0.0,0.0,0.0,0.0,0.0,0.0,0.0,0.0,0.0,0.0,0.0,0.0,0.0,0.0,0.0,0.0,0.0
720,0.0,0.0,0.0,0.0,0.0,0.0,0.0,0.0,0.0,0.0,0.0,0.0,0.0,0.0,0.0,0.0,0.0,0.0,0.0,0.0,0.0,0.0,0.0,0.0,0.0,0.0,0.0,0.0,0.0,0.0,0.0,0.0,0.0,0.0,0.0,0.0,0.0,0.0,0.0,0.0,0.0,0.0,0.0,0.0,0.0,0.0,0.0,0.0,0.0,0.0,0.0,0.0,0.0,0.0,0.0,0.0,0.0,0.0,0.0,0.0,0.0,0.0,0.0,0.0,0.0,0.0,0.0,0.0,0.0,0.0,0.0,0.0,0.0,0.0,0.0,0.0,0.0,0.0,0.0,0.0,0.0,0.0,0.0,0.0,0.0,0.0,0.0,0.0,0.0,0.0,0.0,0.0,0.0,0.0,0.0,0.0,0.0,0.0,0.0,0.0,0.0,0.0,0.0,0.0,0.0,0.0,0.0,0.0
721,0.0,0.0,0.0,0.0,0.0,0.0,0.0,0.0,0.0,0.0,0.0,0.0,0.0,0.0,0.0,0.0,0.0,0.0,0.0,0.0,0.0,0.0,0.0,0.0,0.0,0.0,0.0,0.0,0.0,0.0,0.0,0.0,0.0,0.0,0.0,0.0,0.0,0.0,0.0,0.0,0.0,0.0,0.0,0.0,0.0,0.0,0.0,0.0,0.0,0.0,0.0,0.0,0.0,0.0,0.0,0.0,0.0,0.0,0.0,0.0,0.0,0.0,0.0,0.0,0.0,0.0,0.0,0.0,0.0,0.0,0.0,0.0,0.0,0.0,0.0,0.0,0.0,0.0,0.0,0.0,0.0,0.0,0.0,0.0,0.0,0.0,0.0,0.0,0.0,0.0,0.0,0.0,0.0,0.0,0.0,0.0,0.0,0.0,0.0,0.0,0.0,0.0,0.0,0.0,0.0,0.0,0.0,0.0
722,0.0,0.0,0.0,0.0,0.0,0.0,0.0,0.0,0.0,0.0,0.0,0.0,0.0,0.0,0.0,0.0,0.0,0.0,0.0,0.0,0.0,0.0,0.0,0.0,0.0,0.0,0.0,0.0,0.0,0.0,0.0,0.0,0.0,0.0,0.0,0.0,0.0,0.0,0.0,0.0,0.0,0.0,0.0,0.0,0.0,0.0,0.0,0.0,0.0,0.0,0.0,0.0,0.0,0.0,0.0,0.0,0.0,0.0,0.0,0.0,0.0,0.0,0.0,0.0,0.0,0.0,0.0,0.0,0.0,0.0,0.0,0.0,0.0,0.0,0.0,0.0,0.0,0.0,0.0,0.0,0.0,0.0,0.0,0.0,0.0,0.0,0.0,0.0,0.0,0.0,0.0,0.0,0.0,0.0,0.0,0.0,0.0,0.0,0.0,0.0,0.0,0.0,0.0,0.0,0.0,0.0,0.0,0.0
723,0.0,0.0,0.0,0.0,0.0,0.0,0.0,0.0,0.0,0.0,0.0,0.0,0.0,0.0,0.0,0.0,0.0,0.0,0.0,0.0,0.0,0.0,0.0,0.0,0.0,0.0,0.0,0.0,0.0,0.0,0.0,0.0,0.0,0.0,0.0,0.0,0.0,0.0,0.0,0.0,0.0,0.0,0.0,0.0,0.0,0.0,0.0,0.0,0.0,0.0,0.0,0.0,0.0,0.0,0.0,0.0,0.0,0.0,0.0,0.0,0.0,0.0,0.0,0.0,0.0,0.0,0.0,0.0,0.0,0.0,0.0,0.0,0.0,0.0,0.0,0.0,0.0,0.0,0.0,0.0,0.0,0.0,0.0,0.0,0.0,0.0,0.0,0.0,0.0,0.0,0.0,0.0,0.0,0.0,0.0,0.0,0.0,0.0,0.0,0.0,0.0,0.0,0.0,0.0,0.0,0.0,0.0,0.0
724,0.0,0.0,0.0,0.0,0.0,0.0,0.0,0.0,0.0,0.0,0.0,0.0,0.0,0.0,0.0,0.0,0.0,0.0,0.0,0.0,0.0,0.0,0.0,0.0,0.0,0.0,0.0,0.0,0.0,0.0,0.0,0.0,0.0,0.0,0.0,0.0,0.0,0.0,0.0,0.0,0.0,0.0,0.0,0.0,0.0,0.0,0.0,0.0,0.0,0.0,0.0,0.0,0.0,0.0,0.0,0.0,0.0,0.0,0.0,0.0,0.0,0.0,0.0,0.0,0.0,0.0,0.0,0.0,0.0,0.0,0.0,0.0,0.0,0.0,0.0,0.0,0.0,0.0,0.0,0.0,0.0,0.0,0.0,0.0,0.0,0.0,0.0,0.0,0.0,0.0,0.0,0.0,0.0,0.0,0.0,0.0,0.0,0.0,0.0,0.0,0.0,0.0,0.0,0.0,0.0,0.0,0.0,0.0
725,0.0,0.0,0.0,0.0,0.0,0.0,0.0,0.0,0.0,0.0,0.0,0.0,0.0,0.0,0.0,0.0,0.0,0.0,0.0,0.0,0.0,0.0,0.0,0.0,0.0,0.0,0.0,0.0,0.0,0.0,0.0,0.0,0.0,0.0,0.0,0.0,0.0,0.0,0.0,0.0,0.0,0.0,0.0,0.0,0.0,0.0,0.0,0.0,0.0,0.0,0.0,0.0,0.0,0.0,0.0,0.0,0.0,0.0,0.0,0.0,0.0,0.0,0.0,0.0,0.0,0.0,0.0,0.0,0.0,0.0,0.0,0.0,0.0,0.0,0.0,0.0,0.0,0.0,0.0,0.0,0.0,0.0,0.0,0.0,0.0,0.0,0.0,0.0,0.0,0.0,0.0,0.0,0.0,0.0,0.0,0.0,0.0,0.0,0.0,0.0,0.0,0.0,0.0,0.0,0.0,0.0,0.0,0.0
726,0.0,0.0,0.0,0.0,0.0,0.0,0.0,0.0,0.0,0.0,0.0,0.0,0.0,0.0,0.0,0.0,0.0,0.0,0.0,0.0,0.0,0.0,0.0,0.0,0.0,0.0,0.0,0.0,0.0,0.0,0.0,0.0,0.0,0.0,0.0,0.0,0.0,0.0,0.0,0.0,0.0,0.0,0.0,0.0,0.0,0.0,0.0,0.0,0.0,0.0,0.0,0.0,0.0,0.0,0.0,0.0,0.0,0.0,0.0,0.0,0.0,0.0,0.0,0.0,0.0,0.0,0.0,0.0,0.0,0.0,0.0,0.0,0.0,0.0,0.0,0.0,0.0,0.0,0.0,0.0,0.0,0.0,0.0,0.0,0.0,0.0,0.0,0.0,0.0,0.0,0.0,0.0,0.0,0.0,0.0,0.0,0.0,0.0,0.0,0.0,0.0,0.0,0.0,0.0,0.0,0.0,0.0,0.0
727,0.0,0.0,0.0,0.0,0.0,0.0,0.0,0.0,0.0,0.0,0.0,0.0,0.0,0.0,0.0,0.0,0.0,0.0,0.0,0.0,0.0,0.0,0.0,0.0,0.0,0.0,0.0,0.0,0.0,0.0,0.0,0.0,0.0,0.0,0.0,0.0,0.0,0.0,0.0,0.0,0.0,0.0,0.0,0.0,0.0,0.0,0.0,0.0,0.0,0.0,0.0,0.0,0.0,0.0,0.0,0.0,0.0,0.0,0.0,0.0,0.0,0.0,0.0,0.0,0.0,0.0,0.0,0.0,0.0,0.0,0.0,0.0,0.0,0.0,0.0,0.0,0.0,0.0,0.0,0.0,0.0,0.0,0.0,0.0,0.0,0.0,0.0,0.0,0.0,0.0,0.0,0.0,0.0,0.0,0.0,0.0,0.0,0.0,0.0,0.0,0.0,0.0,0.0,0.0,0.0,0.0,0.0,0.0
728,0.0,0.0,0.0,0.0,0.0,0.0,0.0,0.0,0.0,0.0,0.0,0.0,0.0,0.0,0.0,0.0,0.0,0.0,0.0,0.0,0.0,0.0,0.0,0.0,0.0,0.0,0.0,0.0,0.0,0.0,0.0,0.0,0.0,0.0,0.0,0.0,0.0,0.0,0.0,0.0,0.0,0.0,0.0,0.0,0.0,0.0,0.0,0.0,0.0,0.0,0.0,0.0,0.0,0.0,0.0,0.0,0.0,0.0,0.0,0.0,0.0,0.0,0.0,0.0,0.0,0.0,0.0,0.0,0.0,0.0,0.0,0.0,0.0,0.0,0.0,0.0,0.0,0.0,0.0,0.0,0.0,0.0,0.0,0.0,0.0,0.0,0.0,0.0,0.0,0.0,0.0,0.0,0.0,0.0,0.0,0.0,0.0,0.0,0.0,0.0,0.0,0.0,0.0,0.0,0.0,0.0,0.0,0.0
729,0.0,0.0,0.0,0.0,0.0,0.0,0.0,0.0,0.0,0.0,0.0,0.0,0.0,0.0,0.0,0.0,0.0,0.0,0.0,0.0,0.0,0.0,0.0,0.0,0.0,0.0,0.0,0.0,0.0,0.0,0.0,0.0,0.0,0.0,0.0,0.0,0.0,0.0,0.0,0.0,0.0,0.0,0.0,0.0,0.0,0.0,0.0,0.0,0.0,0.0,0.0,0.0,0.0,0.0,0.0,0.0,0.0,0.0,0.0,0.0,0.0,0.0,0.0,0.0,0.0,0.0,0.0,0.0,0.0,0.0,0.0,0.0,0.0,0.0,0.0,0.0,0.0,0.0,0.0,0.0,0.0,0.0,0.0,0.0,0.0,0.0,0.0,0.0,0.0,0.0,0.0,0.0,0.0,0.0,0.0,0.0,0.0,0.0,0.0,0.0,0.0,0.0,0.0,0.0,0.0,0.0,0.0,0.0
730,0.0,0.0,0.0,0.0,0.0,0.0,0.0,0.0,0.0,0.0,0.0,0.0,0.0,0.0,0.0,0.0,0.0,0.0,0.0,0.0,0.0,0.0,0.0,0.0,0.0,0.0,0.0,0.0,0.0,0.0,0.0,0.0,0.0,0.0,0.0,0.0,0.0,0.0,0.0,0.0,0.0,0.0,0.0,0.0,0.0,0.0,0.0,0.0,0.0,0.0,0.0,0.0,0.0,0.0,0.0,0.0,0.0,0.0,0.0,0.0,0.0,0.0,0.0,0.0,0.0,0.0,0.0,0.0,0.0,0.0,0.0,0.0,0.0,0.0,0.0,0.0,0.0,0.0,0.0,0.0,0.0,0.0,0.0,0.0,0.0,0.0,0.0,0.0,0.0,0.0,0.0,0.0,0.0,0.0,0.0,0.0,0.0,0.0,0.0,0.0,0.0,0.0,0.0,0.0,0.0,0.0,0.0,0.0
731,0.0,0.0,0.0,0.0,0.0,0.0,0.0,0.0,0.0,0.0,0.0,0.0,0.0,0.0,0.0,0.0,0.0,0.0,0.0,0.0,0.0,0.0,0.0,0.0,0.0,0.0,0.0,0.0,0.0,0.0,0.0,0.0,0.0,0.0,0.0,0.0,0.0,0.0,0.0,0.0,0.0,0.0,0.0,0.0,0.0,0.0,0.0,0.0,0.0,0.0,0.0,0.0,0.0,0.0,0.0,0.0,0.0,0.0,0.0,0.0,0.0,0.0,0.0,0.0,0.0,0.0,0.0,0.0,0.0,0.0,0.0,0.0,0.0,0.0,0.0,0.0,0.0,0.0,0.0,0.0,0.0,0.0,0.0,0.0,0.0,0.0,0.0,0.0,0.0,0.0,0.0,0.0,0.0,0.0,0.0,0.0,0.0,0.0,0.0,0.0,0.0,0.0,0.0,0.0,0.0,0.0,0.0,0.0
732,0.0,0.0,0.0,0.0,0.0,0.0,0.0,0.0,0.0,0.0,0.0,0.0,0.0,0.0,0.0,0.0,0.0,0.0,0.0,0.0,0.0,0.0,0.0,0.0,0.0,0.0,0.0,0.0,0.0,0.0,0.0,0.0,0.0,0.0,0.0,0.0,0.0,0.0,0.0,0.0,0.0,0.0,0.0,0.0,0.0,0.0,0.0,0.0,0.0,0.0,0.0,0.0,0.0,0.0,0.0,0.0,0.0,0.0,0.0,0.0,0.0,0.0,0.0,0.0,0.0,0.0,0.0,0.0,0.0,0.0,0.0,0.0,0.0,0.0,0.0,0.0,0.0,0.0,0.0,0.0,0.0,0.0,0.0,0.0,0.0,0.0,0.0,0.0,0.0,0.0,0.0,0.0,0.0,0.0,0.0,0.0,0.0,0.0,0.0,0.0,0.0,0.0,0.0,0.0,0.0,0.0,0.0,0.0
733,0.0,0.0,0.0,0.0,0.0,0.0,0.0,0.0,0.0,0.0,0.0,0.0,0.0,0.0,0.0,0.0,0.0,0.0,0.0,0.0,0.0,0.0,0.0,0.0,0.0,0.0,0.0,0.0,0.0,0.0,0.0,0.0,0.0,0.0,0.0,0.0,0.0,0.0,0.0,0.0,0.0,0.0,0.0,0.0,0.0,0.0,0.0,0.0,0.0,0.0,0.0,0.0,0.0,0.0,0.0,0.0,0.0,0.0,0.0,0.0,0.0,0.0,0.0,0.0,0.0,0.0,0.0,0.0,0.0,0.0,0.0,0.0,0.0,0.0,0.0,0.0,0.0,0.0,0.0,0.0,0.0,0.0,0.0,0.0,0.0,0.0,0.0,0.0,0.0,0.0,0.0,0.0,0.0,0.0,0.0,0.0,0.0,0.0,0.0,0.0,0.0,0.0,0.0,0.0,0.0,0.0,0.0,0.0
734,0.0,0.0,0.0,0.0,0.0,0.0,0.0,0.0,0.0,0.0,0.0,0.0,0.0,0.0,0.0,0.0,0.0,0.0,0.0,0.0,0.0,0.0,0.0,0.0,0.0,0.0,0.0,0.0,0.0,0.0,0.0,0.0,0.0,0.0,0.0,0.0,0.0,0.0,0.0,0.0,0.0,0.0,0.0,0.0,0.0,0.0,0.0,0.0,0.0,0.0,0.0,0.0,0.0,0.0,0.0,0.0,0.0,0.0,0.0,0.0,0.0,0.0,0.0,0.0,0.0,0.0,0.0,0.0,0.0,0.0,0.0,0.0,0.0,0.0,0.0,0.0,0.0,0.0,0.0,0.0,0.0,0.0,0.0,0.0,0.0,0.0,0.0,0.0,0.0,0.0,0.0,0.0,0.0,0.0,0.0,0.0,0.0,0.0,0.0,0.0,0.0,0.0,0.0,0.0,0.0,0.0,0.0,0.0
735,0.0,0.0,0.0,0.0,0.0,0.0,0.0,0.0,0.0,0.0,0.0,0.0,0.0,0.0,0.0,0.0,0.0,0.0,0.0,0.0,0.0,0.0,0.0,0.0,0.0,0.0,0.0,0.0,0.0,0.0,0.0,0.0,0.0,0.0,0.0,0.0,0.0,0.0,0.0,0.0,0.0,0.0,0.0,0.0,0.0,0.0,0.0,0.0,0.0,0.0,0.0,0.0,0.0,0.0,0.0,0.0,0.0,0.0,0.0,0.0,0.0,,0.0,0.0,0.0,0.0,0.0,0.0,0.0,0.0,0.0,0.0,0.0,0.0,0.0,0.0,0.0,0.0,0.0,0.0,0.0,0.0,0.0,0.0,0.0,0.0,0.0,0.0,0.0,0.0,0.0,0.0,0.0,0.0,0.0,0.0,0.0,0.0,0.0,0.0,0.0,0.0,0.0,0.0,0.0,0.0,0.0,0.0
736,0.0,0.0,0.0,0.0,0.0,0.0,0.0,0.0,0.0,0.0,0.0,0.0,0.0,0.0,0.0,0.0,0.0,0.0,0.0,0.0,0.0,0.0,0.0,0.0,0.0,0.0,0.0,0.0,0.0,0.0,0.0,0.0,0.0,0.0,0.0,0.0,0.0,0.0,0.0,0.0,0.0,0.0,0.0,0.0,0.0,0.0,0.0,0.0,0.0,0.0,0.0,0.0,0.0,0.0,0.0,0.0,0.0,0.0,0.0,0.0,0.0,,0.0,0.0,0.0,0.0,0.0,0.0,0.0,0.0,0.0,0.0,0.0,0.0,0.0,0.0,0.0,0.0,0.0,0.0,0.0,0.0,0.0,0.0,0.0,0.0,0.0,0.0,0.0,0.0,0.0,0.0,0.0,0.0,0.0,0.0,0.0,0.0,0.0,0.0,0.0,0.0,,0.0,0.0,0.0,0.0,0.0
737,0.0,0.0,0.0,0.0,0.0,0.0,0.0,0.0,0.0,0.0,0.0,0.0,0.0,0.0,0.0,0.0,0.0,0.0,0.0,0.0,0.0,0.0,0.0,0.0,0.0,0.0,,0.0,0.0,0.0,0.0,0.0,0.0,0.0,0.0,0.0,0.0,0.0,0.0,0.0,0.0,0.0,0.0,0.0,0.0,0.0,0.0,0.0,0.0,0.0,0.0,0.0,0.0,0.0,0.0,0.0,0.0,0.0,0.0,0.0,0.0,,0.0,0.0,0.0,0.0,0.0,0.0,0.0,0.0,0.0,0.0,0.0,0.0,0.0,0.0,0.0,0.0,0.0,0.0,0.0,0.0,0.0,0.0,0.0,,0.0,0.0,0.0,0.0,0.0,0.0,0.0,0.0,0.0,0.0,0.0,0.0,0.0,0.0,0.0,0.0,,0.0,0.0,0.0,0.0,0.0
738,0.0,0.0,,0.0,0.0,0.0,,0.0,0.0,0.0,,0.0,0.0,,0.0,0.0,0.0,,,,0.0,0.0,0.0,0.10484504699707031,0.3501853942871094,0.0,,,0.0,0.0,,,0.0,,0.024188995361328125,,0.0,0.0,,0.0,0.0,,0.0,0.0,0.0,0.0,,0.0,0.0,,0.0,0.0,0.0,0.0,0.0,0.0,0.0,0.0,0.0,0.0,0.0,,,0.0,,0.0,0.0,,0.0,0.0,,0.0,0.0,0.0,0.0,0.0,0.0,0.0,,0.0,,0.0,,,,,0.0,0.0,,0.0,,0.0,0.0,0.0,,0.3501853942871094,0.0,,0.0,0.0,0.0,0.0,,,0.0,0.0,,0.0
739,0.0,0.0,,,0.0,,,,,,,,0.0,,0.0,,,,,,0.0,0.0,0.6934185028076172,,,,,,,,,,,,0.024188995361328125,,0.0,,,0.0,0.0,,0.0,,,,,,,,,,,0.0,0.4243736267089844,,,,0.0,0.0,,,,,,0.0,0.0,,,0.0,,,,,,0.0,0.0,0.0,,0.0,,,,,,,,0.0,,,,,,,,,,,,,,,,,,,,
740,0.0,0.0,,,0.0,,,,,,,,,,,,,,,,0.0,0.0,,,,,,,,,,,,,,,,,,0.0,,,0.0,,,,,,,,,,,0.0,,,,,,0.0,,,,,,0.0,0.0,,,0.0,,,,,,0.0,0.0,,,0.0,,,,,,,,,,,,,,,,,,,,,,,,,,,,
741,0.0,,,,0.0,,,,,,,,,,,,,,,,,,,,,,,,,,,,,,,,,,,0.0,,,0.0,,,,,,,,,,,,,,,,,0.0,,,,,,0.0,,,,,,,,,,0.0,,,,0.0,,,,,,,,,,,,,,,,,,,,,,,,,,,,
742,0.0,,,,0.0,,,,,,,,,,,,,,,,,,,,,,,,,,,,,,,,,,,0.0,,,,,,,,,,,,,,,,,,,,0.0,,,,,,0.0,,,,,,,,,,0.0,,,,,,,,,,,,,,,,,,,,,,,,,,,,,,,,
743,,,,,,,,,,,,,,,,,,,,,,,,,,,,,,,,,,,,,,,,,,,,,,,,,,,,,,,,,,,,,,,,,,,,,,,,,,,,0.0,,,,,,,,,,,,,,,,,,,,,,,,,,,,,,,,
744,,,,,,,,,,,,,,,,,,,,,,,,,,,,,,,,,,,,,,,,,,,,,,,,,,,,,,,,,,,,,,,,,,,,,,,,,,,,,,,,,,,,,,,,,,,,,,,,,,,,,,,,,,,,
745,,,,,,,,,,,,,,,,,,,,,,,,,,,,,,,,,,,,,,,,,,,,,,,,,,,,,,,,,,,,,,,,,,,,,,,,,,,,,,,,,,,,,,,,,,,,,,,,,,,,,,,,,,,,
746,,,,,,,,,,,,,,,,,,,,,,,,,,,,,,,,,,,,,,,,,,,,,,,,,,,,,,,,,,,,,,,,,,,,,,,,,,,,,,,,,,,,,,,,,,,,,,,,,,,,,,,,,,,,
747,,,,,,,,,,,,,,,,,,,,,,,,,,,,,,,,,,,,,,,,,,,,,,,,,,,,,,,,,,,,,,,,,,,,,,,,,,,,,,,,,,,,,,,,,,,,,,,,,,,,,,,,,,,,
748,,,,,,,,,,,,,,,,,,,,,,,,,,,,,,,,,,,,,,,,,,,,,,,,,,,,,,,,,,,,,,,,,,,,,,,,,,,,,,,,,,,,,,,,,,,,,,,,,,,,,,,,,,,,
749,,,,,,,,,,,,,,,,,,,,,,,,,,,,,,,,,,,,,,,,,,,,,,,,,,,,,,,,,,,,,,,,,,,,,,,,,,,,,,,,,,,,,,,,,,,,,,,,,,,,,,,,,,,,
750,,,,,,,,,,,,,,,,,,,,,,,,,,,,,,,,,,,,,,,,,,,,,,,,,,,,,,,,,,,,,,,,,,,,,,,,,,,,,,,,,,,,,,,,,,,,,,,,,,,,,,,,,,,,
751,,,,,,,,,,,,,,,,,,,,,,,,,,,,,,,,,,,,,,,,,,,,,,,,,,,,,,,,,,,,,,,,,,,,,,,,,,,,,,,,,,,,,,,,,,,,,,,,,,,,,,,,,,,,
752,,,,,,,,,,,,,,,,,,,,,,,,,,,,,,,,,,,,,,,,,,,,,,,,,,,,,,,,,,,,,,,,,,,,,,,,,,,,,,,,,,,,,,,,,,,,,,,,,,,,,,,,,,,,
753,,,,,,,,,,,,,,,,,,,,,,,,,,,,,,,,,,,,,,,,,,,,,,,,,,,,,,,,,,,,,,,,,,,,,,,,,,,,,,,,,,,,,,,,,,,,,,,,,,,,,,,,,,,,
754,,,,,,,,,,,,,,,,,,,,,,,,,,,,,,,,,,,,,,,,,,,,,,,,,,,,,,,,,,,,,,,,,,,,,,,,,,,,,,,,,,,,,,,,,,,,,,,,,,,,,,,,,,,,
755,,,,,,,,,,,,,,,,,,,,,,,,,,,,,,,,,,,,,,,,,,,,,,,,,,,,,,,,,,,,,,,,,,,,,,,,,,,,,,,,,,,,,,,,,,,,,,,,,,,,,,,,,,,,
756,,,,,,,,,,,,,,,,,,,,,,,,,,,,,,,,,,,,,,,,,,,,,,,,,,,,,,,,,,,,,,,,,,,,,,,,,,,,,,,,,,,,,,,,,,,,,,,,,,,,,,,,,,,,
757,,,,,,3.36712646484375,,,,2.7813854217529297,,,,,,1.2645378112792969,3.001840591430664,,0.016765594482421875,,,,,,,3.1231918334960938,,,2.127338409423828,,3.150697708129883,,2.035066604614258,2.3014869689941406,0.0,,,,,,3.117359161376953,3.150697708129883,,3.150697708129883,,,,,,,,,,,,,1.2515487670898438,,3.1231918334960938,,0.0,,,,,,,2.682279586791992,3.117359161376953,,,,,2.127338409423828,,,0.6046180725097656,,3.3292407989501953,,3.0624561309814453,,,3.2038936614990234,,,,0.8935890197753906,,,2.1518592834472656,,,,,,,,,0.0,,,,,,,,
758,2.127338409423828,,0.0,0.0,,0.565399169921875,0.20009613037109375,0.0,0.0,0.0,0.27141761779785156,0.0,0.0,0.0,0.0,0.0,0.4175758361816406,0.0,0.016765594482421875,0.2722511291503906,0.011760711669921875,0.0,0.1121063232421875,0.0,0.975311279296875,3.1231918334960938,0.0,0.0,2.127338409423828,0.0,0.14295578002929688,0.0,0.40287208557128906,0.0,0.0,2.4836883544921875,0.08021354675292969,0.0,0.0,0.5997638702392578,0.1892852783203125,0.14295578002929688,2.127338409423828,0.4175758361816406,3.0537147521972656,0.25537109375,0.1121063232421875,,0.0,1.219156265258789,0.0,0.0,0.29298973083496094,0.14295578002929688,0.5997638702392578,,0.0,0.5465736389160156,0.5997638702392578,,0.0,,0.0,0.0,0.0,0.4175758361816406,1.219156265258789,0.0,0.565399169921875,0.0,0.0,0.0,,2.127338409423828,0.0,3.1810054779052734,0.6046180725097656,0.0,0.0,2.035066604614258,1.047353744506836,,0.0,0.41431617736816406,0.0,,0.0,0.8935890197753906,1.076934814453125,3.0125484466552734,0.0,0.0,0.0,0.06876945495605469,0.0,0.0,0.0,0.0,0.0,0.0,0.0,0.0,,,0.0,0.0,0.008382797241210938,1.219156265258789
759,0.0,0.5282058715820312,0.0,0.0,0.565399169921875,0.0,0.0,0.0,0.0,0.0,0.0,0.0,0.0,0.0,0.0,0.0,0.0,0.0,0.0,0.0,0.0,0.0,0.0,0.0,0.0,0.59490966796875,0.0,0.0,0.0,0.0,0.0,0.0,0.0,0.0,0.0,0.0,0.0,0.0,0.0,0.0,0.0,0.0,0.0,0.0,0.0,0.0,0.0,0.0,0.0,0.0,0.0,0.0,0.0,0.0,0.5997638702392578,0.0,0.0,0.0,0.5997638702392578,0.0,0.0,0.0,0.0,0.0,0.0,0.0,0.0,0.0,0.0,0.0,0.0,0.0,0.0,0.0,0.0,0.2722511291503906,0.0,0.0,0.0,0.0,0.0,0.0,0.0,0.41431617736816406,0.0,0.0,0.0,0.0,0.0,0.016765594482421875,0.0,0.0,0.0,0.0,0.0,0.0,0.0,0.0,0.0,0.0,0.0,0.0,0.0,0.0,0.0,0.0,0.008382797241210938,0.0
760,0.0,0.0,0.0,0.0,0.0,0.0,0.0,0.0,0.0,0.0,0.0,0.0,0.0,0.0,0.0,0.0,0.0,0.0,0.0,0.0,0.0,0.0,0.0,0.0,0.0,0.0,0.0,0.0,0.0,0.0,0.0,0.0,0.0,0.0,0.0,0.0,0.0,0.0,0.0,0.0,0.0,0.0,0.0,0.0,0.0,0.0,0.0,0.0,0.0,0.0,0.0,0.0,0.0,0.0,0.0,0.0,0.0,0.0,0.0,0.0,0.0,0.0,0.0,0.0,0.0,0.0,0.0,0.0,0.0,0.0,0.0,0.0,0.0,0.0,0.0,0.0,0.0,0.0,0.0,0.0,0.0,0.0,0.0,0.0,0.0,0.0,0.0,0.0,0.0,0.0,0.0,0.0,0.0,0.0,0.0,0.0,0.0,0.0,0.0,0.0,0.0,0.0,0.0,0.0,0.0,0.0,0.0,0.0
761,0.0,0.0,0.0,0.0,0.0,0.0,0.0,0.0,0.0,0.0,0.0,0.0,0.0,0.0,0.0,0.0,0.0,0.0,0.0,0.0,0.0,0.0,0.0,0.0,0.0,0.0,0.0,0.0,0.0,0.0,0.0,0.0,0.0,0.0,0.0,0.0,0.0,0.0,0.0,0.0,0.0,0.0,0.0,0.0,0.0,0.0,0.0,0.0,0.0,0.0,0.0,0.0,0.0,0.0,0.0,0.0,0.0,0.0,0.0,0.0,0.0,0.0,0.0,0.0,0.0,0.0,0.0,0.0,0.0,0.0,0.0,0.0,0.0,0.0,0.0,0.0,0.0,0.0,0.0,0.0,0.0,0.0,0.0,0.0,0.0,0.0,0.0,0.0,0.0,0.0,0.0,0.0,0.0,0.0,0.0,0.0,0.0,0.0,0.0,0.0,0.0,0.0,0.0,0.0,0.0,0.0,0.0,0.0
762,0.0,0.0,0.0,0.0,0.0,0.0,0.0,0.0,0.0,0.0,0.0,0.0,0.0,0.0,0.0,0.0,0.0,0.0,0.0,0.0,0.0,0.0,0.0,0.0,0.0,0.0,0.0,0.0,0.0,0.0,0.0,0.0,0.0,0.0,0.0,0.0,0.0,0.0,0.0,0.0,0.0,0.0,0.0,0.0,0.0,0.0,0.0,0.0,0.0,0.0,0.0,0.0,0.0,0.0,0.0,0.0,0.0,0.0,0.0,0.0,0.0,0.0,0.0,0.0,0.0,0.0,0.0,0.0,0.0,0.0,0.0,0.0,0.0,0.0,0.0,0.0,0.0,0.0,0.0,0.0,0.0,0.0,0.0,0.0,0.0,0.0,0.0,0.0,0.0,0.0,0.0,0.0,0.0,0.0,0.0,0.0,,0.0,0.9508171081542969,0.0,0.0,0.0,0.0,0.0,0.0,0.0,0.0,0.0
763,0.0,0.0,0.0,0.0,0.0,0.0,0.0,0.0,0.0,0.0,0.0,0.0,0.0,0.0,0.0,0.0,0.0,0.0,0.0,0.0,0.0,0.0,0.0,0.0,0.0,0.0,0.0,1.6683120727539062,0.0,0.0,0.0,0.0,0.0,0.0,0.0,0.0,0.0,0.0,0.0,0.0,0.0,0.0,0.0,0.0,0.0,0.0,0.0,0.0,0.0,0.0,0.0,0.0,0.0,0.0,0.0,0.0,0.0,0.0,0.0,0.0,0.0,2.6132240295410156,0.0,0.0,0.0,0.0,0.0,0.0,0.0,0.0,0.0,0.0,0.0,0.0,0.0,0.0,0.0,0.0,0.0,0.0,0.0,0.0,0.0,0.0,2.1428165435791016,,,0.0,0.0,0.0,0.0,0.0,0.0,0.0,0.0,0.0,,0.0,0.9508171081542969,0.0,0.0,0.0,3.5746726989746094,0.0,0.0,1.5792503356933594,0.0,0.0
764,0.0,0.0,0.0,0.0,0.0,0.0,0.0,0.0,0.0,0.0,0.0,0.0,0.0,0.0,0.0,0.0,0.0,0.0,0.0,0.0,0.0,0.0,0.0,0.0,0.0,0.0,0.0,,0.0,0.0,0.0,0.0,0.0,0.0,0.0,0.0,0.0,0.0,0.0,0.0,0.0,0.0,0.0,0.0,0.0,0.0,0.0,0.2340545654296875,0.0,0.0,0.0,0.0,0.0,0.0,0.0,0.0,0.0,0.0,0.0,0.0,0.0,2.6132240295410156,0.0,0.0,0.0,0.0,0.0,0.0,0.0,0.0,0.0,0.0,3.2974281311035156,0.0,0.0,0.0,2.0,0.0,0.0,0.0,0.0,0.0,0.0,0.0,1.7955741882324219,,,3.7012157440185547,0.0,0.0,0.0,0.0,0.6813545227050781,0.0,0.9930820465087891,0.0,,0.0,6.156097412109375,0.0,0.0,0.0,3.5746726989746094,0.0,0.0,6.071037292480469,0.0,0.0
765,0.0,0.0,0.0,0.0,0.0,0.0,,1.745025634765625,0.32365989685058594,1.7377452850341797,0.15303421020507812,4.726554870605469,0.0,0.0026264190673828125,3.4931182861328125,0.0,0.3053245544433594,0.0,0.0,0.3082466125488281,3.2733726501464844,1.4245758056640625,0.0,0.0,0.0,0.0,1.9637298583984375,,0.0,0.0,0.0,0.5814628601074219,0.0,0.0,2.0352535247802734,1.7357463836669922,6.465742111206055,1.375579833984375,0.0,0.0,0.0,0.0,0.0,0.0,1.5237865447998047,0.0,,0.2340545654296875,2.4619483947753906,0.0,0.2513999938964844,0.0,0.0,0.0,0.9505691528320312,0.03776359558105469,2.4814815521240234,0.03776359558105469,0.0,0.3186817169189453,0.1685924530029297,,1.1560020446777344,0.0,0.0,0.0,0.0,0.0,0.0,0.0,0.0,,,,2.2124271392822266,0.0,,0.0,0.0,0.8458213806152344,0.0,1.375579833984375,0.0,0.5788421630859375,1.7955741882324219,,,,1.400787353515625,0.0,0.0,0.43262672424316406,,0.0,0.9930820465087891,0.0,,2.437225341796875,,0.7831192016601562,1.210214614868164,0.0,,0.8290081024169922,1.400787353515625,,1.0,0.0
766,1.0,0.0,0.0,1.745025634765625,0.0,1.1583938598632812,,,,,,,0.08795928955078125,,3.4931182861328125,3.478252410888672,0.3053245544433594,,3.478252410888672,,,,0.0,1.0928573608398438,0.9731597900390625,1.3620357513427734,,,3.3441162109375,0.5687046051025391,1.3749523162841797,,3.5302581787109375,0.0,2.0352535247802734,,,,3.1342506408691406,3.7225608825683594,,1.7417545318603516,2.397787094116211,,,,,,,1.7826576232910156,0.2513999938964844,,0.17380332946777344,1.1928234100341797,,,,,2.5137977600097656,3.1709041595458984,5.630149841308594,,,1.4350128173828125,1.0,0.0,3.214935302734375,2.1059112548828125,1.84381103515625,4.1820220947265625,,,,,,0.0,,0.0052642822265625,0.0052642822265625,,2.3667755126953125,,,,,0.0,5.082454681396484,,,1.7536392211914062,,3.8716487884521484,5.613212585449219,3.4931182861328125,,1.7784919738769531,,,,,,0.7727813720703125,,,,,3.496206283569336,
767,,2.7658462524414062,,6.554843902587891,3.6331920623779297,,,6.644866943359375,,,6.77485466003418,,3.6331920623779297,,,,,6.501518249511719,,5.057159423828125,5.231344223022461,6.77485466003418,3.3258018493652344,,,,6.427858352661133,3.0387344360351562,,,,,3.5302581787109375,3.068601608276367,5.795112609863281,1.8584766387939453,2.9248809814453125,,,,,,,,,,,5.558233261108398,,,,5.750598907470703,0.17380332946777344,,6.77485466003418,,,,,,,6.6033782958984375,,,3.9934539794921875,3.2964611053466797,,,,,,4.205419540405273,3.1845741271972656,,,3.942340850830078,3.010112762451172,,3.708648681640625,,,,6.421825408935547,,6.078136444091797,0.0,5.082454681396484,4.7506866455078125,,,,,3.031719207763672,,,,3.3957290649414062,3.075817108154297,4.334310531616211,,,3.91583251953125,2.378755569458008,6.313169479370117,5.29736328125,3.3845863342285156,3.496206283569336,3.0085716247558594
768,,,,3.507415771484375,,7.145969390869141,2.2581558227539062,3.6845760345458984,5.082454681396484,3.0844383239746094,3.0812015533447266,2.712116241455078,,3.3446426391601562,4.249204635620117,6.446495056152344,4.219444274902344,3.2093353271484375,5.231344223022461,5.057159423828125,3.177947998046875,3.6961326599121094,6.251941680908203,,,6.77485466003418,3.1996231079101562,2.0,3.167306900024414,4.415502548217773,6.77485466003418,2.5955886840820312,,,3.3957290649414062,0.0,2.9248809814453125,2.6464080810546875,5.898796081542969,5.049346923828125,,5.231344223022461,5.683256149291992,6.554843902587891,,5.711511611938477,2.8753204345703125,2.6305503845214844,2.2619380950927734,,6.370334625244141,5.750598907470703,,6.359722137451172,3.7891845703125,3.256927490234375,3.5414276123046875,3.555328369140625,5.106376647949219,,6.2882843017578125,3.8710403442382812,6.268627166748047,,6.77485466003418,,4.465703964233398,6.359722137451172,,3.6846389770507812,5.110679626464844,4.205419540405273,1.5611686706542969,2.6882495880126953,1.8173751831054688,,3.010112762451172,6.359722137451172,5.999061584472656,3.3692245483398438,,5.014997482299805,3.3544540405273438,3.2093353271484375,3.5377273559570312,0.0,2.5545120239257812,0.0,3.2330150604248047,3.0931434631347656,3.5501747131347656,5.932146072387695,3.031719207763672,4.262706756591797,2.4255638122558594,,0.0,3.075817108154297,4.334310531616211,3.5026798248291016,3.3697357177734375,,2.378755569458008,3.1996231079101562,5.29736328125,2.3496131896972656,4.795198440551758,2.273406982421875
769,3.762521743774414,6.77485466003418,3.555328369140625,3.507415771484375,4.927455902099609,3.7427845001220703,1.5731067657470703,3.6845760345458984,4.0,0.0,2.4034194946289062,0.9994945526123047,3.7047786712646484,2.085538864135742,2.9211082458496094,3.6846389770507812,3.2164382934570312,2.038156509399414,3.955944061279297,3.0087509155273438,3.177947998046875,2.4726333618164062,6.251941680908203,4.54167366027832,3.180389404296875,3.561573028564453,2.1731910705566406,0.0,2.1600379943847656,4.415502548217773,3.5534439086914062,2.5955886840820312,,5.920766830444336,1.9526233673095703,0.0,0.3403511047363281,1.9872608184814453,5.898796081542969,3.3988475799560547,3.192584991455078,3.574453353881836,3.9548263549804688,3.3692245483398438,3.9141597747802734,3.6682052612304688,2.8753204345703125,2.6305503845214844,2.2619380950927734,3.454936981201172,6.370334625244141,2.2785797119140625,,3.741504669189453,2.9332103729248047,1.8211631774902344,2.239032745361328,1.7247238159179688,3.992828369140625,3.772493362426758,0.8773174285888672,0.6113433837890625,,3.497943878173828,6.77485466003418,3.0138626098632812,3.507415771484375,3.8420772552490234,3.3697357177734375,3.164327621459961,0.9813003540039062,1.7942028045654297,0.10093498229980469,0.0,1.8173751831054688,3.841175079345703,1.4576911926269531,3.626007080078125,5.999061584472656,2.5955886840820312,3.7191295623779297,4.0,2.4683456420898438,3.2093353271484375,1.5477218627929688,0.0,0.0,0.0,2.6063289642333984,3.1185779571533203,2.9511680603027344,3.9229202270507812,0.1007232666015625,2.0,2.4255638122558594,5.701530456542969,0.0,2.4652538299560547,3.2143497467041016,2.1046981811523438,2.9290637969970703,5.247821807861328,2.0531082153320312,2.954517364501953,2.663562774658203,1.707693099975586,,2.273406982421875
770,2.445148468017578,,1.3337974548339844,0.9030704498291016,4.927455902099609,3.7427845001220703,1.5731067657470703,2.0766849517822266,1.8965835571289062,0.0,0.6257171630859375,0.0,2.901479721069336,0.2552337646484375,1.2883167266845703,1.3019275665283203,1.9597816467285156,2.038156509399414,2.0378341674804688,1.9775962829589844,2.0531082153320312,1.5900764465332031,5.8059844970703125,3.577848434448242,3.180389404296875,2.0,0.1651020050048828,0.0,2.1600379943847656,1.4209175109863281,2.444734573364258,1.7410736083984375,,3.5484237670898438,0.0,0.0,0.3403511047363281,1.9872608184814453,4.114166259765625,3.3988475799560547,2.2618637084960938,2.444734573364258,3.9548263549804688,2.240732192993164,2.9419307708740234,2.6192073822021484,1.9234619140625,0.0,1.9002857208251953,3.0010623931884766,3.2693443298339844,0.7270965576171875,,2.3028411865234375,1.4209175109863281,0.23965835571289062,1.1371593475341797,1.7247238159179688,3.992828369140625,3.311117172241211,0.8773174285888672,0.6113433837890625,2.0,1.4876689910888672,6.77485466003418,3.0138626098632812,3.507415771484375,2.819734573364258,1.1563453674316406,1.5887699127197266,0.9813003540039062,0.0,0.0,0.0,0.0,3.841175079345703,0.0,1.7383842468261719,4.2084197998046875,2.5955886840820312,2.8977413177490234,2.275270462036133,1.305746078491211,0.7999610900878906,0.0,0.0,0.0,0.0,0.45247650146484375,1.2949047088623047,2.9511680603027344,2.038156509399414,0.0,2.0,0.0,2.237520217895508,0.0,0.0,0.0,1.276388168334961,1.2033576965332031,4.0,2.0531082153320312,2.954517364501953,1.1262359619140625,1.707693099975586,,0.0
771,0.020061492919921875,,0.2423572540283203,0.9030704498291016,1.7785415649414062,2.828683853149414,0.0,0.0,0.0,0.0,0.6257171630859375,0.0,0.0,0.2552337646484375,0.0,0.0,0.1651020050048828,0.0,0.3466472625732422,0.006343841552734375,0.0,1.5900764465332031,2.6767501831054688,0.06123161315917969,1.0381736755371094,0.11980438232421875,0.0,0.0,0.0,1.4209175109863281,0.0,0.0,,3.5484237670898438,0.0,0.0,0.0,0.0,1.5283737182617188,0.6881084442138672,0.5984668731689453,2.444734573364258,0.9981288909912109,0.0,2.9419307708740234,0.0,0.07497406005859375,0.0,0.0,0.06974029541015625,1.6567039489746094,0.0,,0.0,1.4209175109863281,0.23965835571289062,1.1371593475341797,0.0,0.6686458587646484,0.9155654907226562,0.0,0.6113433837890625,0.1548614501953125,0.0,3.3041324615478516,0.8897018432617188,0.010280609130859375,0.5707454681396484,1.1563453674316406,0.0,0.0,0.0,0.0,0.0,0.0,0.0,0.0,0.7265663146972656,2.169260025024414,0.0,0.6595134735107422,0.17120361328125,1.305746078491211,0.0,0.0,0.0,0.0,0.0,0.45247650146484375,0.0,0.7618579864501953,0.11359977722167969,0.0,0.0,0.0,2.237520217895508,0.0,0.0,0.0,0.0,1.2033576965332031,2.6552276611328125,0.0,0.4816455841064453,0.0,0.0,3.384075164794922,0.0
772,0.0,3.3959732055664062,0.020563125610351562,0.0,1.7785415649414062,0.09482955932617188,0.0,0.0,0.0,0.0,0.0,0.0,0.0,0.0,0.0,0.0,0.1651020050048828,0.0,0.0,0.0,0.0,0.0,0.3611564636230469,0.0,0.0,0.11980438232421875,0.0,0.0,0.0,0.0,0.0,0.0,3.3970909118652344,3.5484237670898438,0.0,0.0,0.0,0.0,0.0,0.0,0.0,0.0,0.0,0.0,0.4234752655029297,0.0,0.0,0.0,0.0,0.0,1.6567039489746094,0.0,,0.0,0.0,0.0,0.0,0.0,0.6686458587646484,0.0,0.0,0.0,0.1548614501953125,0.0,3.3041324615478516,0.0,0.0,0.0,0.0,0.0,0.0,0.0,0.0,0.0,0.0,0.0,0.0,0.12384223937988281,2.169260025024414,0.0,0.0,0.0,0.0,0.0,0.0,0.0,0.0,0.0,0.0,0.0,0.0,0.11359977722167969,0.0,0.0,0.0,0.0,0.0,0.0,0.0,0.0,0.0,0.4887809753417969,0.0,0.0,0.0,0.0,2.3164596557617188,0.0
773,0.0,3.3959732055664062,0.020563125610351562,0.0,1.7785415649414062,0.09482955932617188,0.0,0.0,0.0,0.0,0.0,0.0,0.0,0.0,0.0,0.0,0.1651020050048828,0.0,0.0,0.0,0.0,0.0,0.3611564636230469,0.0,0.0,0.11980438232421875,0.0,0.0,0.0,0.0,0.0,0.0,3.3970909118652344,3.5484237670898438,0.0,0.0,0.0,0.0,0.0,0.0,0.0,0.0,0.0,0.0,0.4234752655029297,0.0,0.0,0.0,0.0,0.0,1.6567039489746094,0.0,,0.0,0.0,0.0,0.0,0.0,0.6686458587646484,0.0,0.0,0.0,0.1548614501953125,0.0,3.3041324615478516,0.0,0.0,0.0,0.0,0.0,0.0,0.0,0.0,0.0,0.0,0.0,0.0,0.12384223937988281,2.169260025024414,0.0,0.0,0.0,0.0,0.0,0.0,0.0,0.0,0.0,0.0,0.0,0.0,0.11359977722167969,0.0,0.0,0.0,0.0,0.0,0.0,0.0,0.0,0.0,0.4887809753417969,0.0,0.0,0.0,0.0,2.3164596557617188,0.0
774,0.0,3.3959732055664062,0.020563125610351562,0.0,1.7785415649414062,0.09482955932617188,0.0,0.0,0.0,0.0,0.0,0.0,0.0,0.0,0.0,0.0,0.1651020050048828,0.0,0.0,0.0,0.0,0.0,0.3611564636230469,0.0,0.0,0.11980438232421875,0.0,0.0,0.0,0.0,0.0,0.0,3.3970909118652344,3.5484237670898438,0.0,0.0,0.0,0.0,0.0,0.0,0.0,0.0,0.0,0.0,0.4234752655029297,0.0,0.0,0.0,0.0,0.0,1.6567039489746094,0.0,,0.0,0.0,0.0,0.0,0.0,0.6686458587646484,0.0,0.0,0.0,0.1548614501953125,0.0,3.3041324615478516,0.0,0.0,0.0,0.0,0.0,0.0,0.0,0.0,0.0,0.0,0.0,0.0,0.12384223937988281,2.169260025024414,0.0,0.0,0.0,0.0,0.0,0.0,0.0,0.0,0.0,0.0,0.0,0.0,0.11359977722167969,0.0,0.0,0.0,0.0,0.0,0.0,0.0,0.0,0.0,0.4887809753417969,0.0,0.0,0.0,0.0,2.3164596557617188,0.0
775,0.0,3.3959732055664062,0.020563125610351562,0.0,1.7785415649414062,0.09482955932617188,0.0,0.0,0.0,0.0,0.0,0.0,0.0,0.0,0.0,0.0,0.1651020050048828,0.0,0.0,0.0,0.0,0.0,0.3611564636230469,0.0,0.0,0.11980438232421875,0.0,0.0,0.0,0.0,0.0,0.0,3.3970909118652344,3.5484237670898438,0.0,0.0,0.0,0.0,0.0,0.0,0.0,0.0,0.0,0.0,0.4234752655029297,0.0,0.0,0.0,0.0,0.0,1.6567039489746094,0.0,,0.0,0.0,0.0,0.0,0.0,0.6686458587646484,0.0,0.0,0.0,0.1548614501953125,0.0,3.3041324615478516,0.0,0.0,0.0,0.0,0.0,0.0,0.0,0.0,0.0,0.0,0.0,0.0,0.12384223937988281,2.169260025024414,0.0,0.0,0.0,0.0,0.0,0.0,0.0,0.0,0.0,0.0,0.0,0.0,0.11359977722167969,0.0,0.0,0.0,0.0,0.0,0.0,0.0,0.0,0.0,0.4887809753417969,0.0,0.0,0.0,0.0,2.3164596557617188,0.0
776,0.0,3.3959732055664062,0.020563125610351562,0.0,1.7785415649414062,0.09482955932617188,0.0,0.0,0.0,0.0,0.0,0.0,0.0,0.0,0.0,0.0,0.1651020050048828,0.0,0.0,0.0,0.0,0.0,0.3611564636230469,0.0,0.0,0.11980438232421875,0.0,0.0,0.0,0.0,0.0,0.0,3.3970909118652344,3.5484237670898438,0.0,0.0,0.0,0.0,0.0,0.0,0.0,0.0,0.0,0.0,0.4234752655029297,0.0,0.0,0.0,0.0,0.0,1.6567039489746094,0.0,,0.0,0.0,0.0,0.0,0.0,0.6686458587646484,0.0,0.0,0.0,0.1548614501953125,0.0,3.3041324615478516,0.0,0.0,0.0,0.0,0.0,0.0,0.0,0.0,0.0,0.0,0.0,0.0,0.12384223937988281,2.169260025024414,0.0,0.0,0.0,0.0,0.0,0.0,0.0,0.0,0.0,0.0,0.0,0.0,0.11359977722167969,0.0,0.0,0.0,0.0,0.0,0.0,0.0,0.0,0.0,0.4887809753417969,0.0,0.0,0.0,0.0,2.3164596557617188,0.0
777,0.0,3.3959732055664062,0.020563125610351562,0.0,1.7785415649414062,0.09482955932617188,0.0,0.0,0.0,0.0,0.0,0.0,0.0,0.0,0.0,0.0,0.1651020050048828,0.0,0.0,0.0,0.0,0.0,0.3611564636230469,0.0,0.0,0.11980438232421875,0.0,0.0,0.0,0.0,0.0,0.0,3.3970909118652344,3.5484237670898438,0.0,0.0,0.0,0.0,0.0,0.0,0.0,0.0,0.0,0.0,0.4234752655029297,0.0,0.0,0.0,0.0,0.0,1.6567039489746094,0.0,,0.0,0.0,0.0,0.0,0.0,0.6686458587646484,0.0,0.0,0.0,0.1548614501953125,0.0,3.3041324615478516,0.0,0.0,0.0,0.0,0.0,0.0,0.0,0.0,0.0,0.0,0.0,0.0,0.12384223937988281,2.169260025024414,0.0,0.0,0.0,0.0,0.0,0.0,0.0,0.0,0.0,0.0,0.0,0.0,0.11359977722167969,0.0,0.0,0.0,0.0,0.0,0.0,0.0,0.0,0.0,0.4887809753417969,0.0,0.0,0.0,0.0,2.3164596557617188,0.0
778,0.0,3.3959732055664062,0.020563125610351562,0.0,1.7785415649414062,0.09482955932617188,0.0,0.0,0.0,0.0,0.0,0.0,0.0,0.0,0.0,0.0,0.1651020050048828,0.0,0.0,0.0,0.0,0.0,0.3611564636230469,0.0,0.0,0.11980438232421875,0.0,0.0,0.0,0.0,0.0,0.0,3.3970909118652344,3.5484237670898438,0.0,0.0,0.0,0.0,0.0,0.0,0.0,0.0,0.0,0.0,0.4234752655029297,0.0,0.0,0.0,0.0,0.0,1.6567039489746094,0.0,,0.0,0.0,0.0,0.0,0.0,0.6686458587646484,0.0,0.0,0.0,0.1548614501953125,0.0,3.3041324615478516,0.0,0.0,0.0,0.0,0.0,0.0,0.0,0.0,0.0,0.0,0.0,0.0,0.12384223937988281,2.169260025024414,0.0,0.0,0.0,0.0,0.0,0.0,0.0,0.0,0.0,0.0,0.0,0.0,0.11359977722167969,0.0,0.0,0.0,0.0,0.0,0.0,0.0,0.0,0.0,0.4887809753417969,0.0,0.0,0.0,0.0,2.3164596557617188,0.0
779,0.0,3.3959732055664062,0.0,0.0,1.7785415649414062,0.09482955932617188,0.0,0.0,0.0,0.0,0.0,0.0,0.0,0.0,0.0,0.0,0.1651020050048828,0.0,0.0,0.0,0.0,0.0,0.3611564636230469,0.0,0.0,0.11980438232421875,0.0,0.0,0.0,0.0,0.0,0.0,3.3970909118652344,3.5484237670898438,0.0,0.0,0.0,0.0,0.0,0.0,0.0,0.0,0.0,0.0,0.4234752655029297,0.0,0.0,0.0,0.0,0.0,1.6567039489746094,0.0,,0.0,0.0,0.0,0.0,0.0,0.0,0.0,0.0,0.0,0.0,0.0,3.3041324615478516,0.0,0.0,0.0,0.0,0.0,0.0,0.0,0.0,0.0,0.0,0.0,0.0,0.12384223937988281,2.169260025024414,0.0,0.0,0.0,0.0,0.0,0.0,0.0,0.0,0.0,0.0,0.0,0.0,0.11359977722167969,0.0,0.0,0.0,0.0,0.0,0.0,0.0,0.0,0.0,0.4887809753417969,0.0,0.0,0.0,0.0,2.3164596557617188,0.0
780,0.0,3.3959732055664062,0.0,0.0,1.7785415649414062,0.09482955932617188,0.0,0.0,0.0,0.0,0.0,0.0,0.0,0.0,0.0,0.0,0.0,0.0,0.0,0.0,0.0,0.0,0.3611564636230469,0.0,0.0,0.11980438232421875,0.0,0.0,0.0,0.0,0.0,0.0,3.3970909118652344,3.5484237670898438,0.0,0.0,0.0,0.0,0.0,0.0,0.0,0.0,0.0,0.0,0.4234752655029297,0.0,0.0,0.0,0.0,0.0,1.6567039489746094,0.0,,0.0,0.0,0.0,0.0,0.0,0.0,0.0,0.0,0.0,0.0,0.0,2.157327651977539,0.0,0.0,0.0,0.0,0.0,0.0,0.0,0.0,0.0,0.0,0.0,0.0,0.0,0.0,0.0,0.0,0.0,0.0,0.0,0.0,0.0,0.0,0.0,0.0,0.0,0.0,0.11359977722167969,0.0,0.0,0.0,0.0,0.0,0.0,0.0,0.0,0.0,0.4887809753417969,0.0,0.0,0.0,0.0,2.3164596557617188,0.0
781,0.0,3.3959732055664062,0.0,0.0,1.7785415649414062,0.09482955932617188,0.0,0.0,0.0,0.0,0.0,0.0,0.0,0.0,0.0,0.0,0.0,0.0,0.0,0.0,0.0,0.0,0.3611564636230469,0.0,0.0,0.0,0.0,0.0,0.0,0.0,0.0,0.0,3.3970909118652344,3.5484237670898438,0.0,0.0,0.0,0.0,0.0,0.0,0.0,0.0,0.0,0.0,0.4234752655029297,0.0,0.0,0.0,0.0,0.0,1.6567039489746094,0.0,,0.0,0.0,0.0,0.0,0.0,0.0,0.0,0.0,0.0,0.0,0.0,2.157327651977539,0.0,0.0,0.0,0.0,0.0,0.0,0.0,0.0,0.0,0.0,0.0,0.0,0.0,0.0,0.0,0.0,0.0,0.0,0.0,0.0,0.0,0.0,0.0,0.0,0.0,0.0,0.11359977722167969,0.0,0.0,0.0,0.0,0.0,0.0,0.0,0.0,0.0,0.4887809753417969,0.0,0.0,0.0,0.0,2.3164596557617188,0.0
782,0.0,0.21682357788085938,0.0,0.0,0.0,0.09482955932617188,0.0,0.0,0.0,0.0,0.0,0.0,0.0,0.0,0.0,0.0,0.0,0.0,0.0,0.0,0.0,0.0,0.3611564636230469,0.0,0.0,0.0,0.0,0.0,0.0,0.0,0.0,0.0,3.3970909118652344,3.5484237670898438,0.0,0.0,0.0,0.0,0.0,0.0,0.0,0.0,0.0,0.0,0.4234752655029297,0.0,0.0,0.0,0.0,0.0,1.6567039489746094,0.0,,0.0,0.0,0.0,0.0,0.0,0.0,0.0,0.0,0.0,0.0,0.0,2.157327651977539,0.0,0.0,0.0,0.0,0.0,0.0,0.0,0.0,0.0,0.0,0.0,0.0,0.0,0.0,0.0,0.0,0.0,0.0,0.0,0.0,0.0,0.0,0.0,0.0,0.0,0.0,0.0,0.0,0.0,0.0,0.0,0.0,0.0,0.0,0.0,0.0,0.4887809753417969,0.0,0.0,0.0,0.0,2.3164596557617188,0.0
783,0.0,0.21682357788085938,0.0,0.0,0.0,0.09482955932617188,0.0,0.0,0.0,0.0,0.0,0.0,0.0,0.0,0.0,0.0,0.0,0.0,0.0,0.0,0.0,0.0,0.3611564636230469,0.0,0.0,0.0,0.0,0.0,0.0,0.0,0.0,0.0,3.3970909118652344,2.360218048095703,0.0,0.0,0.0,0.0,0.0,0.0,0.0,0.0,0.0,0.0,0.4234752655029297,0.0,0.0,0.0,0.0,0.0,1.6567039489746094,0.0,,0.0,0.0,0.0,0.0,0.0,0.0,0.0,0.0,0.0,0.0,0.0,2.157327651977539,0.0,0.0,0.0,0.0,0.0,0.0,0.0,0.0,0.0,0.0,0.0,0.0,0.0,0.0,0.0,0.0,0.0,0.0,0.0,0.0,0.0,0.0,0.0,0.0,0.0,0.0,0.0,0.0,0.0,0.0,0.0,0.0,0.0,0.0,0.0,0.0,0.4887809753417969,0.0,0.0,0.0,0.0,2.3164596557617188,0.0
784,0.0,0.21682357788085938,0.0,0.0,0.0,0.09482955932617188,0.0,0.0,0.0,0.0,0.0,0.0,0.0,0.0,0.0,0.0,0.0,0.0,0.0,0.0,0.0,0.0,0.3611564636230469,0.0,0.0,0.0,0.0,0.0,0.0,0.0,0.0,0.0,3.3970909118652344,2.360218048095703,0.0,0.0,0.0,0.0,0.0,0.0,0.0,0.0,0.0,0.0,0.4234752655029297,0.0,0.0,0.0,0.0,0.0,0.8972663879394531,0.0,,0.0,0.0,0.0,0.0,0.0,0.0,0.0,0.0,0.0,0.0,0.0,2.157327651977539,0.0,0.0,0.0,0.0,0.0,0.0,0.0,0.0,0.0,0.0,0.0,0.0,0.0,0.0,0.0,0.0,0.0,0.0,0.0,0.0,0.0,0.0,0.0,0.0,0.0,0.0,0.0,0.0,0.0,0.0,0.0,0.0,0.0,0.0,0.0,0.0,0.0,0.0,0.0,0.0,0.0,2.3164596557617188,0.0
785,0.0,0.21682357788085938,0.0,0.0,0.0,0.0,0.0,0.0,0.0,0.0,0.0,0.0,0.0,0.0,0.0,0.0,0.0,0.0,0.0,0.0,0.0,0.0,0.0,0.0,0.0,0.0,0.0,0.0,0.0,0.0,0.0,0.0,3.3970909118652344,2.360218048095703,0.0,0.0,0.0,0.0,0.0,0.0,0.0,0.0,0.0,0.0,0.4234752655029297,0.0,0.0,0.0,0.0,0.0,0.8972663879394531,0.0,3.327981948852539,0.0,0.0,0.0,0.0,0.0,0.0,0.0,0.0,0.0,0.0,0.0,2.157327651977539,0.0,0.0,0.0,0.0,0.0,0.0,0.0,0.0,0.0,0.0,0.0,0.0,0.0,0.0,0.0,0.0,0.0,0.0,0.0,0.0,0.0,0.0,0.0,0.0,0.0,0.0,0.0,0.0,0.0,0.0,0.0,0.0,0.0,0.0,0.0,0.0,0.0,0.0,0.0,0.0,0.0,1.6631145477294922,0.0
786,0.0,0.21682357788085938,0.0,0.0,0.0,0.0,0.0,0.0,0.0,0.0,0.0,0.0,0.0,0.0,0.0,0.0,0.0,0.0,0.0,0.0,0.0,0.0,0.0,0.0,0.0,0.0,0.0,0.0,0.0,0.0,0.0,0.0,2.6809749603271484,2.360218048095703,0.0,0.0,0.0,0.0,0.0,0.0,0.0,0.0,0.0,0.0,0.0,0.0,0.0,0.0,0.0,0.0,0.8972663879394531,0.0,3.327981948852539,0.0,0.0,0.0,0.0,0.0,0.0,0.0,0.0,0.0,0.0,0.0,2.157327651977539,0.0,0.0,0.0,0.0,0.0,0.0,0.0,0.0,0.0,0.0,0.0,0.0,0.0,0.0,0.0,0.0,0.0,0.0,0.0,0.0,0.0,0.0,0.0,0.0,0.0,0.0,0.0,0.0,0.0,0.0,0.0,0.0,0.0,0.0,0.0,0.0,0.0,0.0,0.0,0.0,0.0,1.6631145477294922,0.0
787,0.0,0.21682357788085938,0.2043781280517578,0.0,0.0,0.0,0.0,0.0,0.0,0.0,0.0,0.0,0.0,0.0,0.0,0.0,0.0,0.0,0.0,0.0,0.0,0.0,0.0,0.0,0.0,0.0,0.0,0.0,0.0,0.0,0.0,0.0,2.6809749603271484,2.8254470825195312,0.0,0.0,0.0,0.0,0.0,0.0,0.0,0.0,0.0,0.0,0.0,0.0,0.1902790069580078,0.0,0.0,0.0,0.8972663879394531,0.0,3.327981948852539,0.0,0.0,0.0,0.0,0.0,0.0,0.0,0.0,0.0,0.0,0.0,0.3899269104003906,0.0,0.0,0.0,0.0,0.0,0.0,0.0,0.0,0.0,0.0,0.0,0.0,0.0,0.0,0.0,0.0,0.0,0.0,0.0,0.0,0.0,0.0,0.0,0.0,0.0,0.0,0.0,0.0,0.0,0.0,0.0,0.0,0.0,0.0,0.0,0.0,0.0,0.0,0.0,0.0,0.0,1.6631145477294922,0.0
788,0.0,0.7070732116699219,0.9295272827148438,0.0,0.0,0.0,0.0,0.0,0.0,0.0,0.0,0.0,0.0,0.0,0.0,0.0,0.0,0.0,0.0,0.0,0.0,0.0,0.0,0.0,0.0,0.0,0.0,0.0,0.0,0.0,0.0,0.0,1.8426437377929688,1.9391517639160156,0.0,0.0,0.0,0.0,0.0,0.0,0.0,0.0,0.0,0.0,0.0,0.0,0.07431411743164062,0.0,0.0,0.0,0.6712093353271484,0.0,3.327981948852539,0.0,0.0,0.0,0.0,0.0,0.0,0.0,0.0,0.13194656372070312,0.1260089874267578,0.0,0.3899269104003906,0.0,0.0,0.0,0.0,0.0,0.0,0.0,0.0,0.0,0.0,0.0,0.0,0.0,0.0,0.0,0.0,0.0,0.0,0.0,0.0,0.0,0.0,0.0,0.0,0.0,0.0,0.0,0.0,0.0,0.0,0.0,0.0,0.0,0.0,0.0,0.0,0.0,0.0,0.0,0.0,0.0,1.6631145477294922,0.0
789,0.0,0.4949798583984375,0.9295272827148438,0.0,0.021137237548828125,0.0,0.0,0.0,3.3107242584228516,0.0,0.0,0.0,0.0,0.0,0.0,0.0,0.0,0.0,0.0,0.0,0.0,0.0,0.0,0.0,0.0,0.0,0.0,0.0,0.0,0.0,0.0,0.0,1.8426437377929688,2.8254470825195312,0.0,3.1283645629882812,0.0,0.0,0.0,0.0,0.0,0.0,0.0,0.0,0.0,0.0,0.0,0.0,0.0,0.0,0.0,0.0,3.1863479614257812,0.0,0.0,0.0,0.0,0.0,0.0,0.0,0.0,1.0480022430419922,0.6621131896972656,0.0,0.0,0.0,0.0,0.0,0.0,0.0,0.0,0.0,0.0,0.0,0.0,0.0,0.0,0.0,0.0,0.0,0.0,0.0,0.0,0.0,0.0,0.0,0.0,0.0,0.0,0.0,0.0,0.0,0.0,0.0,0.0,0.0,0.0,0.0,0.0,0.0,0.0,0.05417823791503906,0.0,0.0,0.0,0.0,1.6631145477294922,0.0
790,0.0,0.4949798583984375,2.360746383666992,0.0,0.021137237548828125,0.0,0.0,0.0,3.3107242584228516,0.0,0.0,0.0,0.0,0.0,0.0,0.0,0.0,0.0,0.0,0.0,0.0,0.0,0.0,0.07431411743164062,0.0,0.0,0.0,0.0,0.0,0.0,0.0,0.0,3.1283645629882812,2.8254470825195312,0.0,3.224170684814453,0.0,0.0,0.0,0.0,0.0,0.0,0.0,0.0,0.0,0.0,0.0,0.6171512603759766,0.0,0.0,0.0,0.0,3.3217906951904297,0.0,0.0,0.0,0.0,0.0,0.0,0.0,0.0,1.0480022430419922,0.6621131896972656,0.0,0.0,0.0,0.0,1.7888164520263672,0.0,0.0,0.0,0.0,0.0,0.0,0.0,0.0,0.0,0.0,0.0,0.0,0.0,0.0,0.0,0.0,0.0,0.0,0.0,0.0,0.33008575439453125,0.0,0.0,0.0,0.0,0.0,0.0,0.0,0.0,0.0,0.0,0.0,0.0,2.677431106567383,0.0,0.0,0.0,0.0,1.8533859252929688,0.8973751068115234
791,1.4005680084228516,2.9787025451660156,3.7138004302978516,0.0,0.0,0.0,0.0,0.0,,0.0,0.0,0.0,0.0,0.0,0.0,0.0,0.0,0.0,0.0,0.0,0.0,0.0,0.0,2.935710906982422,0.0,0.0,0.0,0.0,0.0,0.0,0.0,0.0,3.892343521118164,5.016061782836914,0.03824806213378906,2.693662643432617,0.0,0.0,0.0,0.0,0.0,0.0,0.0,0.0,0.0,0.0,0.009777069091796875,0.6171512603759766,0.0,0.0,0.0,0.0,4.516399383544922,0.0,0.0,0.0,0.0,0.0,0.0,0.0,0.0,0.09431076049804688,2.1374740600585938,0.0,1.2876205444335938,0.0,0.0,0.10159683227539062,0.0,0.0,0.0,0.0,2.025440216064453,0.0,0.0,0.0,0.0,0.0,0.0,0.0,0.0,0.0,0.0,0.0,0.0,0.0,0.0,0.0,3.3107242584228516,0.0,0.0,0.0,0.0,0.0,0.0,0.0,0.0,0.0,0.0,0.0,1.1454696655273438,2.0140018463134766,0.0,0.0,0.0,0.0,3.205108642578125,1.1377239227294922
792,0.0,2.9787025451660156,3.7138004302978516,0.0,0.0,0.0,0.0,0.0,,0.0,0.0,0.0,0.0,0.0,0.0,0.0,0.0,0.0,0.0,0.0,0.0,0.0,0.0,2.935710906982422,0.0,0.0,0.0,0.0,0.0,0.0,0.0,0.0,3.892343521118164,3.367412567138672,0.03824806213378906,2.693662643432617,0.0,0.0,0.0,0.0,0.0,0.0,0.0,0.0,0.0,0.0,0.009777069091796875,0.6171512603759766,0.0,0.0,0.0,0.0,4.516399383544922,0.0,0.0,0.0,0.0,0.0,0.0,0.0,0.0,0.09431076049804688,2.1374740600585938,0.0,0.03824806213378906,0.0,0.0,0.0,0.0,0.0,0.0,0.0,2.025440216064453,0.0,0.0,0.0,0.0,0.0,0.0,0.0,0.0,0.0,0.0,0.0,0.0,0.0,0.0,0.0,3.3107242584228516,0.0,0.0,0.0,0.0,0.0,0.0,0.0,0.0,0.0,0.0,0.0,1.1454696655273438,0.3218116760253906,0.0,0.0,0.0,0.0,0.0,1.99053955078125
793,0.0,4.689260482788086,,0.0,0.0,0.0,0.0,0.0,,0.0,0.0,0.0,0.0,0.0,0.0,0.0,0.0,0.0,0.0,0.0,0.0,0.0,0.0,2.935710906982422,0.0,0.0,0.0,0.0,0.0,0.0,0.0,0.0,4.105344772338867,2.477144241333008,0.0,1.7110671997070312,0.0,0.0,0.0,0.0,0.0,0.0,0.0,0.0,0.0,0.0,1.4634590148925781,0.6171512603759766,0.0,0.0,0.016820907592773438,0.0,4.543834686279297,0.0,0.0,0.0,0.0,0.0,0.0,0.0,0.0,0.09233283996582031,1.99053955078125,0.0,0.0,0.0,0.0,0.0,0.0,0.0,0.0,0.0,1.6700592041015625,0.0,0.0,0.0,0.0,0.0,0.0,0.0,0.0,0.0,0.0,0.0,0.0,0.0,0.0,0.0,2.3358612060546875,0.0,0.0,0.0,0.0,0.0,0.0,0.0,0.0,0.0,0.0,0.0,0.1902790069580078,0.3218116760253906,0.0,0.0,0.0,1.5780715942382812,0.0,1.99053955078125
794,2.4300460815429688,,,0.0,0.0,0.0,0.0,0.0,,0.0,0.0,0.0,0.0,0.0,0.0,0.0,0.0,0.0,0.0,0.0,0.0,0.0,0.0,,0.0,0.0,0.0,0.0,3.9539127349853516,0.0,0.0,0.40805816650390625,,0.0789642333984375,0.0,0.0,0.0,0.0,0.0,0.0,0.0,0.0,0.0,0.0,0.0,0.0,1.4634590148925781,0.6171512603759766,0.0,0.0,1.040313720703125,0.0,,0.0048885345458984375,0.0,0.0,0.0,0.0,0.0,0.0,0.0,,2.2679481506347656,0.0,0.0,0.0,0.0,0.0,3.9539127349853516,0.0,0.0,0.0,3.9539127349853516,0.0,0.0,0.8438568115234375,0.0,0.0,0.0,0.0,0.0,2.990903854370117,0.0,0.0,0.0,0.0,0.0,0.0,,0.0,0.0,0.0,2.4147510528564453,0.0,0.0,0.0,0.0,2.864076614379883,0.0,0.0,0.0,0.3218116760253906,0.0,0.0,0.0,0.0,0.0,3.1177310943603516
795,,,,,0.0,0.0,0.0,0.0,,0.0,0.0,0.0,0.0,0.0,0.0,0.0,0.0,,0.0,,0.0,,,,0.0,0.0,,0.0,,,0.0,0.0048885345458984375,,0.0,0.0,0.0,0.0,0.0,0.0,0.0,0.0,,,0.0,,0.0,,0.0,0.0,0.0,,0.0,,,0.0,0.0,0.0,,0.0,0.0,,,,0.0,,0.0,0.0,0.0,,0.0,0.0,0.0,0.0477447509765625,0.0,,,0.0,0.0,0.0,0.0,,,,,0.0,,0.0,0.0,,0.0,0.0,,,0.0,,0.0,0.0,,0.0,0.0,,0.0,0.0,,0.0,0.0477447509765625,0.0,
796,,,,,0.0,,0.0,,,0.0,,0.0,,,,,0.0,,0.0,,0.0,,,,0.0,,,,,,,,,0.0,0.0,0.0,,,0.0,,,,,,,,,0.0,,,,,,,,0.0,,,,,,,,,,,,,,0.0,,0.0,,,,,0.0,,0.0,,,,,,0.0,,,0.0,,,,,,,,0.0,0.0,,0.0,,,0.0,0.0,,0.0,0.0477447509765625,0.0,
797,,,,,0.0,,0.0,,4.447071075439453,0.0,,0.0,,,,,0.0,,,,0.0,,,,0.0,,,,,,,,,,0.0,0.0,,,,,,,,,,,,0.0,,,,,,,,,,,,,,,,,,,,,,,,0.0,,,,,,,0.0,,,,,,0.0,,,0.0,,,,,,,,0.0,0.0,,,,,0.0,0.0,,0.0,0.0,0.0,
798,,,,,0.0,,0.0,,4.701995849609375,0.0,,0.0,,,,,0.0,,,,,,,,0.0,,,,,,,,,,0.0,0.0,,,,,,,,,,,,0.0,,,,,,,,,,,,,,,,,,,,,,,,0.0,,,,,,,0.0,,,,,,0.0,,,0.0,,,,,,,,0.0,0.0,,,,,0.0,,,0.0,0.0,0.0,
799,5.139575958251953,,,5.4863739013671875,0.0,,0.0,,4.824209213256836,0.0,,0.0,,,,,0.0,,,5.458127975463867,,,,,,6.7274169921875,,,,5.458173751831055,,,,,0.0,0.0,,,,,,,,,,,5.458173751831055,0.0,,,,,,,,,,,6.308603286743164,5.61931037902832,,,5.977886199951172,,,5.451627731323242,,,,,,0.021509170532226562,,,,6.33668327331543,,,,,,,,,0.0,,,0.0,4.41132926940918,,,,,,,0.0,0.0,,,,,0.0,,,0.0,0.0,0.0,
800,3.8886032104492188,,,5.451627731323242,0.0,,0.0,,2.9894676208496094,0.0,5.989679336547852,0.0,,5.279399871826172,,,,,,5.458127975463867,,4.1544036865234375,,,,5.596223831176758,,,,5.372261047363281,,,5.419490814208984,,0.0,0.0,,,,,,,,,,,6.329692840576172,0.0,,,,,,,,,,,6.308603286743164,5.61931037902832,,,,,4.780237197875977,5.451627731323242,,,,,,0.021509170532226562,,4.338968276977539,4.681066513061523,4.055316925048828,,,,,,,,,0.0,,,0.0,4.41132926940918,,6.308603286743164,,,,,0.0,0.0,,,,,0.0,,,0.0,0.0,0.0,
801,1.4678382873535156,,,5.451627731323242,0.0,,0.0,,1.7673168182373047,0.0,4.55388069152832,0.0,5.215412139892578,2.9894676208496094,,,,,,5.419490814208984,,2.7166404724121094,,,,2.6425342559814453,,,,2.971355438232422,5.25599479675293,,3.030305862426758,,0.0,0.0,,,,4.630535125732422,,,,,,,,0.0,,,,4.664379119873047,,,,,,,2.670988082885742,2.8582897186279297,,,,,4.780237197875977,3.0990028381347656,,,,,,0.021509170532226562,,3.52203369140625,4.470935821533203,2.1165122985839844,,,,,,,,,0.0,,4.685821533203125,0.0,4.406496047973633,,3.6622314453125,,4.389371871948242,,,0.0,0.0,,,1.6378345489501953,,0.0,,,0.0,0.0,0.0,
802,1.9196853637695312,,,,0.0,,0.0,,1.7673168182373047,0.0,4.55388069152832,0.0,5.215412139892578,2.9894676208496094,,,,,,5.419490814208984,,1.0,,,,2.6425342559814453,,,,2.971355438232422,5.25599479675293,,3.030305862426758,,0.0,0.0,,,,4.708845138549805,,,,,,,,0.0,,,,4.338968276977539,,,,,,,2.670988082885742,2.2965450286865234,,,,,4.97796630859375,3.0067272186279297,,,,,,0.021509170532226562,,3.52203369140625,4.470935821533203,1.9014968872070312,,,,,,,,,0.0,4.97796630859375,4.685821533203125,0.0,3.4191761016845703,,3.6622314453125,,4.389371871948242,,,0.0,0.0,,,1.6378345489501953,,0.0,,,0.0,0.0,0.0,
803,2.2159957885742188,,,,0.0,,0.0,,1.7673168182373047,0.0,4.55388069152832,0.0,5.215412139892578,2.9894676208496094,,,,,,5.419490814208984,,1.0,,,,2.6425342559814453,,,,2.971355438232422,5.25599479675293,,3.030305862426758,,0.0,0.0,,,,4.708845138549805,,,,,,,,0.0,,,,4.338968276977539,,,,,,,2.670988082885742,2.2965450286865234,,,,,4.97796630859375,3.0067272186279297,,,,,,0.021509170532226562,,3.52203369140625,4.470935821533203,1.9014968872070312,,,,,,,,,0.0,4.97796630859375,4.685821533203125,0.0,3.4191761016845703,,3.6622314453125,,4.389371871948242,,,0.0,0.0,,,1.6378345489501953,,0.0,,,0.0,0.0,0.0,
804,0.9235000610351562,,,,0.0,,0.0,,1.7673168182373047,0.0,1.578714370727539,0.0,5.215412139892578,2.4586849212646484,,,,,,,,1.0,,,,2.6425342559814453,,,,2.971355438232422,5.25599479675293,,1.2537479400634766,,0.0,0.0,,,,4.3636627197265625,,,,,,,,0.0,,,,4.338968276977539,,,,,,,2.670988082885742,1.4949893951416016,,,,,4.97796630859375,1.0925254821777344,,,,,,0.021509170532226562,,2.6177330017089844,4.338968276977539,0.21334457397460938,,,,,,,,,0.0,4.97796630859375,4.685821533203125,0.0,4.391563415527344,,3.3509483337402344,,4.389371871948242,,,0.0,0.0,,,1.6378345489501953,,0.0,,,0.0,0.0,0.0,0.0
805,2.1579227447509766,,,,0.0,,0.0,,1.7673168182373047,0.0,1.578714370727539,0.0,5.215412139892578,2.4586849212646484,,,,,,,,2.6865482330322266,,,,2.6425342559814453,,,,2.971355438232422,5.25599479675293,,1.2537479400634766,,0.0,0.0,,,,4.3636627197265625,,,,,,,,0.0,,,,4.338968276977539,,,,,,,3.045347213745117,1.4949893951416016,,,,,4.97796630859375,2.865325927734375,,,,,,0.021509170532226562,,2.6177330017089844,4.338968276977539,2.1546669006347656,,,,,,,,,0.0,4.97796630859375,4.685821533203125,0.0,4.391563415527344,,3.3509483337402344,,4.389371871948242,,,0.0,0.0,,,1.6378345489501953,,0.0,,,0.0,0.0,0.0,0.0
806,2.5782508850097656,,,,0.0,,0.0,,1.7673168182373047,0.0,1.578714370727539,0.0,5.215412139892578,2.4586849212646484,,,,,,,,2.6177330017089844,,,,5.2325897216796875,,,,,5.25599479675293,,1.2537479400634766,,0.0,0.0,,,,4.3636627197265625,,,,,,,,0.0,,,,5.426794052124023,,,,,,,3.045347213745117,1.4949893951416016,,,,,4.97796630859375,3.4602394104003906,,,,,,0.021509170532226562,,2.6177330017089844,5.832122802734375,2.865325927734375,,,,,,,,,0.0,4.97796630859375,4.685821533203125,0.0,4.391563415527344,,3.3509483337402344,,4.389371871948242,,,0.0,0.0,,,3.5462875366210938,,0.0,,,0.0,0.0,0.0,0.0
807,3.1376209259033203,,,,0.0,,0.0,,1.7673168182373047,0.0,4.391563415527344,0.0,4.918962478637695,3.1916732788085938,,,,,,,,3.4881324768066406,,,,5.2325897216796875,,,,,5.25599479675293,,4.061908721923828,,0.0,0.0,,,,5.74839973449707,,,,,,,,0.0,,,,5.426794052124023,,,,,,,3.045347213745117,5.21821403503418,,,,,4.97796630859375,3.4602394104003906,,,,,,0.021509170532226562,,2.6177330017089844,5.832122802734375,4.950616836547852,,,,,,,,,0.0,4.97796630859375,4.685821533203125,0.0,4.391563415527344,,3.3509483337402344,,4.389371871948242,,,0.0,0.0,,,3.5462875366210938,,0.0,,,0.0,0.0,0.0,0.0
808,4.685821533203125,,,,0.0,,0.0,,3.0263938903808594,0.0,4.391563415527344,0.0,,3.1916732788085938,,,,,,,,4.224048614501953,,,,5.2325897216796875,,,,,5.25599479675293,,,,0.0,0.0,,,,5.74839973449707,,,,,,,,0.0,,,,5.2854766845703125,,,,,,,3.045347213745117,5.804426193237305,,,,,,3.4602394104003906,,,,,,0.021509170532226562,,,,,,,,,,,,,0.0,4.97796630859375,4.685821533203125,0.0,4.685821533203125,,5.804426193237305,,4.389371871948242,,,0.0,0.0,,,,,0.0,,,0.0,0.0,0.0,0.0
809,,,,,0.0,,0.0,,3.0263938903808594,0.0,5.445127487182617,0.0,,3.1916732788085938,,,,,,,,4.224048614501953,,,0.0,5.2325897216796875,,,,,5.25599479675293,,,,0.0,0.0,,,,5.74839973449707,,,,,,,,0.0,,,,,,,,,,,3.045347213745117,5.804426193237305,,,,,,3.4602394104003906,,,,,,0.021509170532226562,,,,,,,,,,,,,0.0,,4.685821533203125,0.0,4.685821533203125,,5.804426193237305,,4.389371871948242,,,0.0,0.0,,,,,0.0,,,0.0,0.0,0.0,0.0
810,,,,,0.0,,0.0,,3.0263938903808594,0.0,5.445127487182617,0.0,,3.1916732788085938,,,,,,,,4.224048614501953,,,0.0,5.2325897216796875,,,,,5.25599479675293,,,,0.0,0.0,,,,,,,,,,,,0.0,,,,,,,,,,,3.045347213745117,5.804426193237305,,,,,,3.4602394104003906,,,,,,0.021509170532226562,,,,,,,,,,,,,0.0,,5.045166015625,0.0,4.685821533203125,,5.804426193237305,,4.389371871948242,,,0.0,0.0,,,,,0.0,,,0.0,0.0,0.0,0.0
811,,,,,0.0,,0.0,,4.72515869140625,0.0,,0.0,,,,,,,,,,5.29155158996582,,,0.0,,,,,,,,,,0.0,0.0,,,,,,,,,,,,0.0,,,,,,,,,,,,,,,,,,,,,,,,0.021509170532226562,,,,,,,,,,,,,0.0,,,0.0,,,,,,,,0.0,0.0,,,,,0.0,,,0.0,0.0,0.0,0.0
812,,,,,0.0,,0.0,,,0.0,,0.0,,,,,,,,,,,0.0,,0.0,,,,,,,,,,0.0,0.0,,,,,,,,,,,,0.0,,,,,,,,,,,,,,,,,,,,,,,,0.021509170532226562,,,,,,,,,,,,,0.0,,,0.0,,,,,,,,0.0,0.0,,,,,0.0,,,0.0,0.0,0.0,0.0
813,,,,,0.0,,0.0,,,0.0,,0.0,,,,,0.0,,,,,,0.0,,0.0,,,,,,,,,,0.0,0.0,,,,,,,,,,,,0.0,,,,,,,,,,,,,,0.2557506561279297,,,,,,,,,,0.021509170532226562,,,,,,,,,,,,,0.0,,,0.0,,,,,,,,0.0,0.0,,,,,0.0,,,0.0,0.0,0.0,0.0
814,,,,,0.0,,0.0,,0.0,0.0,,0.0,,,,,0.0,,,,,,0.0,,0.0,,,,,,,,,,0.0,0.0,,,,,,,,,,,,0.0,,,,,,,,,,,,,,0.2557506561279297,,,,,,,,,,0.021509170532226562,,,,,,,,,,,,,0.0,,,0.0,,,,,,,,0.0,0.0,,,,,0.0,,,0.0,0.0,0.0,0.0
815,,,,,0.0,,0.0,,0.0,0.0,,0.0,,,,,0.0,,,,,,0.0,0.0,0.0,,,,,,,,,,0.0,0.0,,,,,,,0.0,,,,,0.0,,,,,,,,,,,,,,0.2557506561279297,,,,,,,,,,0.021509170532226562,,,,,,,,,,,,,0.0,,,0.0,,,,,,,,0.0,0.0,,,,,0.0,,,0.0,0.0,0.0,0.0
816,,,,0.0,0.0,,0.0,,0.0,0.0,,0.0,,,,,0.0,,,,,,0.0,0.0,0.0,,,,,,,,,,0.0,0.0,,,,,,,0.0,,,,,0.0,,,,,,,,,,,,,,0.2557506561279297,,,,,,,,,,0.0,,,,,,,,,,,0.0,,0.0,,,0.0,,,,,,,,0.0,0.0,,,,,0.0,,,0.0,0.0,0.0,0.0
817,,0.0,0.0,0.0,0.0,0.0,0.0,,0.0,0.0,0.0,0.0,,,0.0,,0.0,0.0,,,,0.0,0.0,0.0,0.0,,0.0,0.0,,,0.0,,0.0,,0.0,0.0,,,,0.0,,0.0,0.0,,,,,0.0,,,,,,,,,,0.0,0.0,,,0.2557506561279297,0.0,,0.12787628173828125,0.0,,,,,0.0,0.0,,,,,,,,,0.0,0.0,0.0,,0.0,,,0.0,,,,,,,0.0,0.0,0.0,,,,,0.0,,0.0,0.0,0.0,0.0,0.0
818,0.0,0.0,0.0,0.0,0.0,0.0,0.0,,0.0,0.0,0.0,0.0,,,0.0,,0.0,0.0,,,,0.0,0.0,0.0,0.0,,0.0,0.0,,,0.0,,0.0,,0.0,0.0,,,,0.0,,0.0,0.0,,,,,0.0,,,,,,,,,,0.0,0.0,,,0.2557506561279297,0.0,,0.12787628173828125,0.0,,,,,0.0,0.0,0.0,,,,,,0.0,,0.0,0.0,0.0,,0.0,,,0.0,,,,,,,0.0,0.0,0.0,,,,0.0,0.0,,0.0,0.0,0.0,0.0,0.0
819,,0.0,0.0,0.0,0.0,0.0,0.0,,0.0,0.0,0.0,0.0,,,0.0,,,0.0,,,,0.0,0.0,0.0,0.0,,0.0,0.0,,,0.0,,0.0,,0.0,0.0,,,,,,0.0,0.0,,,,,0.0,,,,,,,,,0.0,0.0,0.0,,,0.2557506561279297,0.0,,0.12787628173828125,0.0,,,,,0.0,0.0,0.0,,,,,,0.0,,0.0,0.0,0.0,,0.0,,,0.0,,,,,,,0.0,0.0,0.0,,,,0.0,0.0,,0.0,0.0,0.0,0.0,0.0
820,0.0,0.0,0.0,0.0,0.0,0.0,0.0,,0.0,0.0,0.0,0.0,,0.0,0.0,,,0.0,,,,0.0,0.0,0.0,0.0,,0.0,0.0,,,0.0,0.0,0.0,,0.0,0.0,0.0,,,0.0,,0.0,0.0,,,,,0.0,,,0.0,,,,,0.0,0.0,0.0,0.0,,,0.0,0.0,,0.0,0.0,0.0,,,,0.0,0.0,0.0,0.0,,,,,0.0,,0.0,0.0,0.0,,0.0,0.0,,0.0,,0.03964805603027344,,,0.0,,0.0,0.0,0.0,0.0,0.0,0.0,0.0,0.0,,0.0,0.0,0.0,0.0,0.0
821,0.0,0.0,0.0,0.0,0.0,0.0,0.0,,0.0,0.0,0.0,0.0,0.0,0.0,0.0,0.0,0.0,0.0,0.0,0.0,,0.0,0.0,0.0,0.0,,0.0,0.0,,,0.0,0.0,0.0,,0.0,0.0,0.0,,,0.0,0.0,0.0,0.0,,0.0,,0.0,0.0,,,0.0,,,,0.0,0.0,0.0,0.0,0.0,,0.0,0.0,0.0,,0.0,0.0,0.0,,,0.0,0.0,0.0,0.0,0.0,0.0,,,,0.0,0.0,0.0,0.0,0.0,,0.0,0.0,,0.0,,0.03964805603027344,,0.0,0.0,0.0,0.0,0.0,0.0,0.0,0.0,0.0,0.0,0.0,,0.0,0.0,0.0,0.0,0.0
822,0.0,0.0,0.0,0.0,0.0,0.0,0.0,,0.0,0.0,0.0,0.0,0.0,0.0,0.0,0.0,0.0,0.0,0.0,0.0,,0.0,0.0,0.0,0.0,,0.0,0.0,,,0.0,0.0,0.0,,0.0,0.0,0.0,,,0.0,0.0,0.0,0.0,,0.0,0.0,0.0,0.0,,,0.0,,,,0.0,0.0,0.0,0.0,0.0,,0.0,0.0,0.0,0.0,0.0,0.0,0.0,0.003627777099609375,,0.0,0.0,0.0,0.0,0.0,0.0,0.0,,,0.0,0.0,0.0,0.0,0.0,,0.0,0.0,0.0,0.0,,0.03964805603027344,,0.0,0.0,0.0,0.0,0.0,0.0,0.0,0.0,0.0,0.0,0.0,,0.0,0.0,0.0,0.0,0.0
823,0.0,0.0,0.0,0.0,0.0,0.0,0.0,,0.0,0.0,0.0,0.0,0.0,0.0,0.0,0.0,0.0,0.0,0.0,0.0,0.0,0.0,0.0,0.0,0.0,0.0,0.0,0.0,,0.0,0.0,0.0,0.0,,0.0,0.0,0.0,,0.0,0.0,0.0,0.0,0.0,,0.0,0.0,0.0,0.0,0.0,0.0,0.0,0.0,0.0,,0.0,0.0,0.0,0.0,0.0,0.0,0.0,0.0,0.0,0.0,0.0,0.0,0.0,0.003627777099609375,0.0,0.0,0.0,0.0,0.0,0.0,0.0,0.0,,,0.0,0.0,0.0,0.0,0.0,0.0,0.0,0.0,0.0,0.0,0.0,0.03964805603027344,0.0,0.0,0.0,0.0,0.0,0.0,0.0,0.0,0.0,0.0,0.0,0.0,,0.0,0.0,0.0,0.0,0.0
824,0.0,0.0,0.0,0.0,0.0,0.0,0.0,0.03745269775390625,0.0,0.0,0.0,0.0,0.0,0.0,0.0,0.0,0.0,0.0,0.0,0.0,0.0,0.0,0.0,0.0,0.0,0.0,0.0,0.0,,0.0,0.0,0.0,0.0,0.15052413940429688,0.0,0.0,0.0,0.0,0.0,0.0,0.0,0.0,0.0,,0.0,0.0,0.0,0.0,0.0,0.0,0.0,0.0,0.0,,0.0,0.0,0.0,0.0,0.0,0.0,0.0,0.0,0.0,0.0,0.0,0.0,0.0,0.003627777099609375,0.0,0.0,0.0,0.0,0.0,0.0,0.0,0.0,,,0.0,0.0,0.0,0.0,0.0,0.0,0.0,0.0,0.0,0.0,0.0,0.03964805603027344,0.0,0.0,0.0,0.0,0.0,0.0,0.0,0.0,0.0,0.0,0.0,0.0,,0.0,0.0,0.0,0.0,0.0
825,0.0,0.0,0.0,0.0,0.0,0.0,0.0,0.03745269775390625,0.0,0.0,0.0,0.0,0.0,0.0,0.0,0.0,0.0,0.0,0.0,0.0,0.0,0.0,0.0,0.0,0.0,0.0,0.0,0.0,,0.0,0.0,0.0,0.0,0.15052413940429688,0.0,0.0,0.0,0.0,0.0,0.0,0.0,0.0,0.0,,0.0,0.0,0.0,0.0,0.0,0.0,0.0,0.0,0.0,,0.0,0.0,0.0,0.0,0.0,0.0,0.0,0.0,0.0,0.0,0.0,0.0,0.0,0.003627777099609375,0.0,0.0,0.0,0.0,0.0,0.0,0.0,0.0,,,0.0,0.0,0.0,0.0,0.0,0.0,0.0,0.0,0.0,0.0,0.0,0.0,0.0,0.0,0.0,0.0,0.0,0.0,0.0,0.0,0.0,0.0,0.0,0.0,,0.0,0.0,0.0,0.0,0.0
826,0.0,0.0,0.0,0.0,0.0,0.0,0.0,0.03745269775390625,0.0,0.0,0.0,0.0,0.0,0.0,0.0,0.0,0.0,0.0,0.0,0.0,0.0,0.0,0.0,0.0,0.0,0.0,0.0,0.0,,0.0,0.0,0.0,0.0,0.15052413940429688,0.0,0.0,0.0,0.0,0.0,0.0,0.0,0.0,0.0,,0.0,0.0,0.0,0.0,0.0,0.0,0.0,0.0,0.0,,0.0,0.0,0.0,0.0,0.0,0.0,0.0,0.0,0.0,0.0,0.0,0.0,0.0,0.003627777099609375,0.0,0.0,0.0,0.0,0.0,0.0,0.0,0.0,0.03641700744628906,,0.0,0.0,0.0,0.0,0.0,0.0,0.0,0.0,0.0,0.0,0.0,0.0,0.0,0.0,0.0,0.0,0.0,0.0,0.0,0.0,0.0,0.0,0.0,0.0,,0.0,0.0,0.0,0.0,0.0
827,0.0,0.0,0.0,0.0,0.0,0.0,0.0,0.03745269775390625,0.0,0.0,0.0,0.0,0.0,0.0,0.0,0.0,0.0,0.0,0.0,0.0,0.0,0.0,0.0,0.0,0.0,0.0,0.0,0.0,,0.0,0.0,0.0,0.0,0.15052413940429688,0.0,0.0,0.0,0.0,0.0,0.0,0.0,0.0,0.0,0.03641700744628906,0.0,0.0,0.0,0.0,0.0,0.0,0.0,0.0,0.0,,0.0,0.0,0.0,0.0,0.0,0.0,0.0,0.0,0.0,0.0,0.0,0.0,0.0,0.003627777099609375,0.0,0.0,0.0,0.0,0.0,0.0,0.0,0.0,0.03641700744628906,0.27671241760253906,0.2409648895263672,0.0,0.0,0.0,0.0,0.0,0.0,0.0,0.0,0.0,0.0,0.0,0.0,0.0,0.0,0.0,0.0,0.0,0.0,0.0,0.0,0.0,0.0,0.0,,0.0,0.0,0.0,0.0,0.0
828,0.0,0.0,0.0,0.0,0.0,0.0,0.0,0.03745269775390625,0.0,0.0,0.0,0.0,0.0,0.0,0.0,0.0,0.0,0.0,0.0,0.0,0.0,0.0,0.0,0.0,0.0,0.0,0.0,0.0,,0.0,0.0,0.0,0.0,0.15052413940429688,0.0,0.0,0.0,0.0,0.0,0.0,0.0,0.0,0.0,0.03641700744628906,0.0,0.0,0.0,0.0,0.0,0.0,0.0,0.0,0.0,,0.0,0.0,0.0,0.0,0.0,0.0,0.0,0.0,0.0,0.0,0.0,0.0,0.0,0.003627777099609375,0.0,0.0,0.0,0.0,0.0,0.0,0.0,0.0,0.03641700744628906,0.27671241760253906,0.01818084716796875,0.0,0.0,0.0,0.0,0.0,0.0,0.0,0.0,0.0,0.0,0.0,0.0,0.0,0.0,0.0,0.0,0.0,0.0,0.0,0.0,0.0,0.0,0.0,,0.0,0.0,0.0,0.0,0.0
829,0.0,0.0,0.0,0.0,0.0,0.0,0.0,0.03745269775390625,0.0,0.0,0.0,0.0,0.0,0.0,0.0,0.0,0.0,0.0,0.0,0.0,0.0,0.0,0.0,0.0,0.0,0.0,0.0,0.0,,0.0,0.0,0.0,0.0,0.15052413940429688,0.0,0.0,0.0,0.0,0.0,0.0,0.0,0.0,0.0,0.03641700744628906,0.0,0.0,0.0,0.0,0.0,0.0,0.0,0.0,0.0,,0.0,0.0,0.0,0.0,0.0,0.0,0.0,0.0,0.0,0.0,0.0,0.0,0.0,0.03641700744628906,0.0,0.0,0.0,0.0,0.0,0.0,0.0,0.0,0.03641700744628906,0.27671241760253906,0.01818084716796875,0.0,0.0,0.0,0.0,0.0,0.0,0.0,0.0,0.0,0.0,0.0,0.0,0.0,0.0,0.0,0.0,0.0,0.0,0.0,0.0,0.0,0.0,0.0,,0.0,0.0,0.0,0.0,0.0
830,0.0,0.0,0.0,0.0,0.0,0.0,0.0,0.03745269775390625,0.0,0.0,0.0,0.0,0.0,0.0,0.0,0.0,0.018207550048828125,0.0,0.0,0.0,0.0,0.0,0.0,0.0,0.0,0.0,0.0,0.0,,0.0,0.0,0.0,0.0,,0.0,0.0,0.0,0.0,0.0,0.0,0.0,0.0,0.0,0.03641700744628906,0.0,0.0,0.0,0.0,0.0,0.0,0.0,0.0,0.0,,0.0,0.0,0.0,0.0,0.0,0.0,0.0,0.0,0.0,0.0,0.0,0.0,0.0,,0.0,0.0,0.0,0.0,0.0,0.0,0.0,0.11966705322265625,0.03641700744628906,0.27671241760253906,0.01818084716796875,0.0,0.0,0.0,0.0,0.0,0.0,0.0,0.0,0.0,0.0,0.0,0.0,0.0,0.0,0.0,0.0,0.0,0.0,0.0,0.0,0.0,0.0,0.0,,0.0,0.0,0.0,0.0,0.0
831,0.0,0.0,0.0,0.0,0.0,0.0,0.0,0.03745269775390625,0.0,0.0,0.0,0.0,0.0,0.0,0.0,0.0,0.018207550048828125,0.0,0.0,0.0,0.0,0.0,0.0,0.0,0.0,0.0,0.0,0.0,,0.0,0.0,0.0,0.0,,0.0,0.0,0.0,0.0,0.0,0.0,0.0,0.0,0.0,0.03641700744628906,0.0,0.0,0.0,0.0,0.0,0.0,0.0,0.0,0.0,,0.0,0.0,0.0,0.0,0.0,0.0,0.0,0.0,0.0,0.0,0.0,0.0,0.0,,0.0,0.0,0.0,0.0,0.0,0.0,0.0,0.11966705322265625,0.03641700744628906,0.27671241760253906,0.01818084716796875,0.0,0.0,0.0,0.0,0.0,0.0,0.0,0.0,0.0,0.0,0.0,0.0,0.0,0.0,0.0,0.0,0.0,0.0,0.0,0.0,0.0,0.0,0.0,,0.0,0.0,0.0,0.0,0.0
832,0.0,0.0,0.0,0.0,0.0,0.0,0.0,0.03745269775390625,0.0,0.0,0.0,0.0,0.0,0.0,0.0,0.0,0.018207550048828125,0.0,0.0,0.0,0.0,0.0,0.0,0.0,0.0,0.0,0.0,0.0,,0.0,0.0,0.0,0.0,,0.0,0.0,0.0,0.0,0.0,0.0,0.0,0.0,0.0,0.03641700744628906,0.0,0.0,0.0,0.0,0.0,0.0,0.0,0.0,0.0,,0.0,0.0,0.0,0.0,0.0,0.0,0.0,0.0,0.0,0.0,0.0,0.0,0.0,,0.0,0.0,0.0,0.0,0.0,0.0,0.0,0.11966705322265625,0.0,0.27671241760253906,0.01818084716796875,0.0,0.0,0.0,0.0,0.0,0.0,0.0,0.0,0.0,0.0,0.0,0.0,0.0,0.0,0.0,0.0,0.0,0.0,0.0,0.0,0.0,0.0,0.0,,0.0,0.0,0.0,0.0,0.0
833,0.0,0.0,0.0,0.0,0.0,0.0,0.0,0.03745269775390625,0.0,0.0,0.0,0.0,0.0,0.0,0.0,0.0,0.018207550048828125,0.0,0.0,0.0,0.0,0.0,0.0,0.0,0.0,0.0,0.0,0.0,,0.0,0.0,0.0,0.0,,0.0,0.0,0.0,0.0,0.03636360168457031,0.0,0.0,0.0,0.0,0.03641700744628906,0.0,0.0,0.0,0.0,0.0,0.0,0.0,,0.0,,0.0,0.0,0.0,0.0,0.0,0.0,0.0,0.0,0.0,0.0,0.0,0.0,0.0,,0.0,0.0,0.0,0.0,0.0,0.0,0.0,0.11966705322265625,0.0,0.27671241760253906,0.01818084716796875,0.0,0.0,0.0,0.0,0.0,0.0,0.0,0.0,0.0,0.0,0.0,0.0,0.0,0.0,0.0,0.0,0.0,0.0,0.0,0.0,,0.0,0.0,,0.0,0.0,0.0,0.0,0.0
834,0.0,0.0,0.0,0.0,0.0,0.0,0.0,0.03745269775390625,0.0,0.0,0.0,0.0,0.0,0.0,0.0,0.0,0.018207550048828125,0.0,0.0,0.0,0.0,0.0,0.0,0.0,0.0,0.0,0.0,0.0,,0.0,0.0,0.0,0.0,,0.0,0.0,0.0,0.0,0.03636360168457031,0.0,0.0,0.0,0.0,0.03641700744628906,0.0,0.0,0.0,0.0,0.0,0.0,0.0,,0.0,,0.0,0.0,0.0,0.0,0.0,0.0,0.0,0.0,0.0,0.0,0.0,0.0,0.0,,0.03636360168457031,0.0,0.0,0.0,0.0,0.0,0.0,0.11966705322265625,0.0,0.27671241760253906,0.01818084716796875,0.0,0.0,0.0,0.0,0.0,0.0,0.0,0.0,0.0,0.0,0.0,0.0,0.0,0.0,0.0,0.0,0.0,0.0,0.0,0.0,,0.0,0.0,,0.0,0.0,0.0,0.0,0.0
835,0.0,0.0,0.0,0.0,0.0,0.0,0.0,0.03745269775390625,0.0,0.0,0.0,0.0,0.0,0.0,0.0,0.0,0.018207550048828125,0.0,0.0,0.0,0.0,0.0,0.0,0.0,0.0,0.0,0.0,0.0,,0.0,0.0,0.0,0.0,,0.0,0.0,0.0,0.0,0.03636360168457031,0.0,0.0,0.0,0.0,0.03641700744628906,0.0,0.0,0.0,0.0,0.0,0.0,0.0,,0.0,,0.0,0.0,0.0,0.0,0.0,0.0,0.0,0.0,0.0,0.0,0.0,0.0,0.0,,0.03636360168457031,0.0,0.0,0.0,0.0,0.0,0.0,,0.0,0.27671241760253906,0.01818084716796875,0.0,0.0,0.0,0.0,0.0,0.0,0.0,0.0,0.0,0.0,0.0,0.0,0.0,0.0,0.0,0.0,0.0,0.0,0.0,0.0,,0.0,0.0,,0.0,0.0,0.0,0.0,0.0
836,0.0,0.0,0.0,0.0,0.0,0.0,0.0,0.03745269775390625,0.0,0.0,0.0,0.0,0.0,0.0,0.0,0.0,,0.0,0.0,0.0,0.0,0.0,0.0,0.0,0.0,0.0,0.0,0.0,,0.0,0.0,0.0,0.0,,0.0,0.0,0.0,0.0,0.03636360168457031,0.0,0.0,0.0,0.0,,0.0,0.0,0.0,0.0,0.0,0.0,0.0,,0.0,,0.0,0.0,0.0,0.0,0.0,0.0,0.0,0.0,0.0,0.0,0.0,0.0,0.0,,0.03636360168457031,0.0,0.0,0.0,0.0,0.0,0.0,,0.0,,0.01818084716796875,0.0879364013671875,0.0,0.0,0.0,0.0,0.0,0.0,0.0,0.0,0.0,0.0,0.0,0.0,0.0,0.0,0.07419967651367188,0.0,0.0,0.0,0.0,,0.0,0.0,,0.0,0.0,0.0,0.0,0.0
837,0.0,0.0,0.0,0.0,0.0,0.0,0.0,0.03745269775390625,0.0,0.0,0.0,0.0,0.0,0.0,0.0,0.0,,0.0,0.0,0.0,0.0,0.0,0.0,0.0,0.0,0.0,0.0,0.0,,0.0,0.0,0.0,0.0,,0.0,0.0,0.0,0.0,0.03636360168457031,0.0,0.0,0.0,0.0,,0.0,0.0,0.0,0.0,0.0,0.0,0.0,,0.0,,0.0,0.0,0.0,0.0,0.0,0.0,0.0,0.0,0.0,0.0,0.0,0.0,0.0,,0.03636360168457031,0.0,0.0,0.0,0.0,0.0,0.0,,0.0,,0.01818084716796875,0.0879364013671875,0.0,0.0,0.0,0.0,0.0,0.0,0.0,0.0,0.0,0.0,0.0,0.0,0.0,0.0,0.07419967651367188,0.0,0.0,0.0,0.0,,0.0,0.0,,0.0,0.0,0.0,0.0,0.0
838,0.0,0.0,0.0,0.0,0.0,0.0,0.0,0.03745269775390625,0.0,0.0,0.0,0.0,0.0,0.0,0.0,0.0,,0.0,0.0,0.0,0.0,0.0,0.0,0.0,0.0,0.0,0.0,0.01549530029296875,,0.0,0.0,0.0,0.0,,0.0,0.0,0.01549530029296875,0.0,0.03636360168457031,0.0,0.0,0.0,0.0,,0.0991363525390625,0.0,0.0,0.0,0.0,0.0,0.0,,0.0,,0.0,0.0,0.0,0.0,0.0,0.0,0.0,0.0,0.0,0.0,0.0,0.0,0.0,,0.03636360168457031,0.0,0.0,0.0,0.0,0.0,0.0,,0.0,,0.01818084716796875,0.03745269775390625,0.0,0.0,0.0,0.0,0.0,0.0,0.0,0.0,0.0,0.0,0.0,0.0,0.0,0.006443023681640625,0.07419967651367188,0.0,,0.0,0.0,,0.0,0.0,0.0,0.0,0.0,0.0,0.0,0.0
839,0.0,0.0,0.0,0.0,0.0,0.0,0.0,0.03745269775390625,0.0,0.0,0.0,0.0,0.0,0.0,0.0,0.0,,0.0,0.0,0.0,0.0,0.0,0.0,0.0,0.0,0.0,0.0,0.01549530029296875,,0.0,0.0,0.0,0.0,,0.0,0.0,0.01549530029296875,0.0,0.0,0.0,0.0,0.0,0.0,,0.0991363525390625,0.0,0.0,0.0,0.0,0.0,0.0,,0.0,,0.0,0.0,0.0,0.0,0.0,0.0,0.0,0.0,0.0,0.0,0.0,0.0,0.0,,0.03636360168457031,0.0,0.0,0.0,0.0,0.0,0.0,0.0,0.0,,0.01818084716796875,0.03745269775390625,0.0,0.0,0.0,0.0,0.0,0.0,0.0,0.0,0.0,0.0,0.0,0.0,0.0,0.006443023681640625,0.07419967651367188,0.0,,0.0,0.0,,0.0,0.0,0.0,0.0,0.0,0.0,0.0,0.0
840,0.0,0.0,0.0,0.0,0.0,0.0,0.0,0.03745269775390625,0.0,0.0,0.0,0.0,0.0,0.0,0.0,0.0,,0.0,0.0,0.0,0.0,0.0,0.0,0.0,0.0,0.0,0.0,0.01549530029296875,,0.0,0.0,0.0,0.0,,0.0,0.0,0.01549530029296875,0.0,0.0,0.0,0.0,0.0,0.0,,0.0991363525390625,0.0,0.0,0.0,0.0,0.0,0.0,,0.0,,0.0,0.0,0.0,0.0,0.0,0.0,0.0,0.0,0.0,0.0,0.0,0.0,0.0,,0.03636360168457031,0.0,0.0,0.0,0.0,0.0,0.0,0.0,0.0,,0.01818084716796875,0.03745269775390625,0.0,0.0,0.0,0.0,0.0,0.0,0.0,0.0,0.0,0.0,0.0,0.0,0.0,0.0,0.07419967651367188,0.0,,0.0,0.0,,0.0,0.0,0.0,0.0,0.0,0.0,0.0,0.0
841,0.0,0.0,0.0,0.0,0.0,0.0,0.0,0.03745269775390625,0.0,0.0,0.0,0.0,0.0,0.0,0.0,0.0,0.0,,0.0,0.0,0.0,0.0,0.0,0.0,0.0,0.0,0.0,0.01549530029296875,,0.0,0.0,0.0,0.06764793395996094,,0.0,0.0,,0.0,0.0,0.0,0.0,0.0,0.0,,0.0991363525390625,0.0,0.0,0.0,0.0,0.0,0.0,,0.0,,0.0,0.0,0.0,0.0,0.0,0.0,0.0,0.0,0.0,,0.0,0.0,0.0,,0.03636360168457031,0.0,0.0,0.0,0.0,0.0,0.0,0.0,0.0,,0.01818084716796875,0.03745269775390625,0.0,0.0,0.0,0.0,0.0,0.0,0.0,0.0,0.0,0.0,0.0,0.0,0.0,0.0,0.07419967651367188,0.0,,0.0,,,0.0,0.0,0.0,0.0,0.0,0.0,0.0,0.0
842,0.0,0.0,0.0,0.0,0.0,0.0,0.0,,0.0,0.0,0.0,0.0,0.0,0.0,0.0,0.0,0.0,,0.0,0.0,0.0,0.0,0.012884140014648438,0.0,0.0,0.0,,0.28957176208496094,,0.0,,0.0,0.06764793395996094,,0.0,0.0,,0.0,0.0,0.0,0.0,,0.0,,0.0991363525390625,0.0,0.0,0.0,0.0,0.0,0.0,,0.0,,0.0,0.0,0.0,0.0,0.0,0.0,0.0,0.27671241760253906,,,,0.0,0.0,,0.03636360168457031,0.0,0.0,0.03745269775390625,0.0,,0.0,0.0,0.0,,0.01818084716796875,0.03745269775390625,0.0,0.0,0.0,0.0,0.0,0.0,0.0,0.0,0.0,0.0,0.0,0.0,0.0,0.0,0.07419967651367188,0.0,,0.0,,,0.0,0.0,0.0,0.0,0.0,0.0,0.0,0.0
843,0.0,0.0,0.0,0.0,0.0,0.0,0.0,,,0.0,0.0,0.0,0.0,0.0,0.0,0.0,0.0,,0.0,0.0,,0.0,,0.0,0.0,0.0,,,,0.0,,0.0,,,0.0,,,0.0,0.0,0.0,0.0,,0.0,,0.0991363525390625,0.0,0.0,0.0,0.0,0.0,0.0,,0.0,,,0.0,0.0,0.0,0.0,,0.0,,,,,0.0,0.0,,,0.0,0.0,,0.0,,0.0,0.0,0.0,,0.01818084716796875,,,,0.0,0.0,0.0,0.0,0.0,0.0,,0.0,0.0,0.0,0.0,0.0,0.07419967651367188,0.0,,0.0,,,0.0,,0.0,0.0,0.0,0.0,,0.0
844,0.0,0.0,0.0,0.0,0.0,0.0,0.0,,,0.0,0.0,0.0,0.0,0.0,0.0,0.0,0.0,,0.0,0.0,,0.0,,0.0,0.0,0.0,,,,0.0,,0.0,,,0.0,,,0.0,0.0,0.0,0.0,,0.0,,0.0991363525390625,0.0,0.0,0.0,0.0,0.0,0.0,,0.0,,,0.0,0.0,0.0,0.0,,0.0,,,,,0.0,0.0,,,0.0,0.0,,0.0,,0.0,0.0,0.0,,0.01818084716796875,,,,0.0,0.0,0.0,0.0,0.0,0.0,,0.0,0.0,0.0,0.0,0.0,0.07419967651367188,0.0,,0.0,,,0.0,,0.0,0.0,0.0,0.0,,0.0
845,0.0,0.0,0.0,,0.0,0.0,0.0,,,0.0,0.0,0.0,0.0,0.0,0.0,,0.0,,,,,0.0,,,,0.0,,,,,,0.0,,,,,,0.0,,0.0,,,,,,,0.0,,0.0,0.0,0.0,,0.0,,,0.0,0.0,0.0,0.0,,0.0,,,,,0.0,,,,0.0,0.0,,,,0.0,0.0,0.0,,,,,,0.0,,0.0,,0.0,,,0.0,0.0,,0.0,0.0,,0.0,,0.0,,,,,0.0,,0.0,0.0,,0.0
846,0.0,0.0,0.0,,0.0,,0.0,,,,0.0,0.0,0.0,,0.0,,0.0,,,,,,,,,,,,,,,0.0,,,,,,0.0,,0.0,,,,,,,0.0,,0.0,0.0,0.0,,0.0,,,0.0,,0.0,,,0.0,,,,,,,,,0.0,0.0,,,,0.0,,0.0,,,,,,,,,,,,,0.0,0.0,,0.0,,,0.0,,0.0,,,,,0.0,,,,,0.0
847,,,0.0,,0.0,,,,,,,0.0,,,,,,,,,,,,,,,,,,,,0.0,,,,,,,,,,,,,,,0.0,,,0.0,0.0,,,,,,,0.0,,,,,,,,,,,,,,,,,,,,,,,,,,,,,,,,,,,,,,,,0.0,,,,,0.0,,,,,
848,,,0.0,,0.0,,,,,,,0.0,,,,,,,,,,,,,,,,,,,,0.0,,,,,,,,,,,,,,,0.0,,,0.0,0.0,,,,,,,0.0,,,,,,,,,,,,,,,,,,,,,,,,,,,0.0,,,,,,,,,,,,,0.0,,,,,0.0,,,,,
849,,,0.0,,0.0,,,,,,,0.0,,,,,,,,,,,,,,,,,,,,0.0,,,,,,,,,,,,,,,0.0,,,0.0,0.0,,,,,,,0.0,,,,,,,,,,,,,,,,,,,,,,,,,,,0.0,,,,,,,,,,,,,0.0,,,,,0.0,,,,,
850,,,0.0,,0.0,,,,,,,0.0,,,,,,,,,,,,,,,,,,,,0.0,,,,,,,,,,,,,,,0.0,,,0.0,0.0,,,,,,,0.0,,,,,,,,,,,,,,,,,,,,,,,,,,,0.0,,,,,,,,,,,,,0.0,,,,,0.0,,,,,
851,,,0.0,,0.0,,,,,,,0.0,,,,,,,,,,,,,,,,,,,,0.0,,,,,,,,,,,,,,,0.0,,,0.0,0.0,,,,,,,0.0,,,,,,,,,,,,,,,,,,,,,,,,,,,0.0,,,,,,,,,,,,,0.0,,,,,0.0,,,,,
852,,,0.0,,0.0,,,,,,,0.0,0.0,,,,,,,,,,,,,,,,,,,0.0,,,,,,,,,,,,,,,0.0,,,0.0,0.0,,,,,,,0.0,,,,,,,,,,,,0.0,,,,,,,,,,,,,,,0.0,,,,,,,,,,,,,0.0,,,,,0.0,,,,,
853,0.0,,0.0,,0.0,,,,,,,0.0,0.0,,,,,,,,0.0,,,,,,,,,,,0.0,,,,,,,,,,,,,,,0.0,0.0,,0.0,0.0,,,,,,,0.0,,,,0.0,,,,,,,,0.0,,,,,,0.0,,,,,,,,,0.0,,,,,,,,0.0,,,,,0.0,,,,,0.0,,,,,
854,0.0,,,,0.0,,,,,,,0.0,0.0,,,,,,,,0.0,,,,,,,,,,,0.0,,,,,,,,,,,,,,,0.0,0.0,,0.0,0.0,,,,,,,,,,,0.0,,,,,,,,0.0,,,,,,0.0,,,,,,,,,,,,,,,,,0.0,,,,,0.0,,,,,0.0,,,,,
855,0.0,,,,0.0,,,,,,,0.0,0.0,,,,,,,,,,,,,,,,,,,0.0,,,,,,,,,,,,,,,0.0,0.0,,0.0,0.0,,,,,,,,,,,0.0,,,,,,,,,,,,,,0.0,,,,,,,,,,,,,,,,,0.0,,,,,0.0,,,,,0.0,,,,,
856,,,,,0.0,,,,,,,0.0,,,,,,,,,,,,,,,,,,,,,,,,,,,,,,,,,,,,0.0,,0.0,0.0,,,,,,,,,,,0.0,,,,,,,,,,,,,,0.0,,,,,,,,,,,,,,,,,,,,,,0.0,,,,,0.0,,,,,
857,,,,,0.0,,,,,,,0.0,,,,,,,,,,,,,,,,,,,,,,,,,,,,,,,,,,,,,,0.0,0.0,,,,,,,,,,,0.0,,,,,,,,0.0,,,,,,,,,,,,,,,,,,,,,,,,,,,,0.0,,,,,0.0,,,,,
858,,,,,0.0,,,,,,,0.0,,,,,,,,,,,,,,,,,,,,,,,,,,0.0,,,,,,,,,,,,0.0,0.0,,,,,,,,,,,0.0,,,,,,,,0.0,,,,,,,,,,,,,,,,,,,,,,,,,,,,0.0,,,,,0.0,,,,,
859,,,,,0.0,,,,,,,0.0,,,,,,,,,,,,,,,,,,,,0.0,,,,,,0.0,,0.0,,,,,,,,,,0.0,0.0,,,,,,,,,,,0.0,,,,,,,,0.0,,,,0.0,,,,,,,,,,,,,,,,,,,,,,,,0.0,,,,,0.0,,,,,
860,,,,,0.0,,,,,,,0.0,,,,,,,,,,,,,,,,,,,,0.0,0.0,0.0,,,,0.0,,0.0,,,,,,0.0,,,,0.0,0.0,,,,,,,,,,0.0,0.0,,,,,0.0,,,0.0,,,,0.0,,0.0,,,,,,,,,,,,,,,,,,,,,,0.0,,,,,0.0,,,,,
861,,,0.0,,0.0,,,,,0.0,,0.0,,,,0.0,,,,,,,,,,,,,,0.0,,0.0,0.0,0.0,,,,0.0,0.0,0.0,,,,,,0.0,,,0.0,0.0,0.0,,,,,,,0.0,,,0.0,0.0,,,,,0.0,,,0.0,,,,0.0,,0.0,0.0,,,,,,,,,0.0,,,,,,,,,,,,0.0,,,,,0.0,,,,,
862,0.0,,0.0,,0.0,0.0,,,0.0,0.0,0.0,0.0,,0.0,0.0,0.0,0.0,0.0,,,0.0,,0.0,,0.0,,0.0,0.0,,0.0,,0.0,0.0,0.0,0.0,0.0,,0.0,0.0,0.0,,0.0,0.0,0.0,0.0,0.0,0.0,0.0,0.0,0.0,0.0,0.0,,0.0,,0.0,,0.0,,,0.0,0.0,,,,0.0,0.0,0.0,,0.0,,0.0,,0.0,,0.0,0.0,0.0,,,,,0.0,0.0,,0.0,0.0,0.0,,0.0,,,,0.0,0.0,0.0,,0.0,,,0.0,,0.0,,0.0,0.0,0.0,
863,0.0,,0.0,,0.0,0.0,,,0.0,0.0,0.0,0.0,,0.0,0.0,0.0,0.0,0.0,,,0.0,,0.0,,0.0,,0.0,0.0,,0.0,,0.0,0.0,0.0,0.0,0.0,,0.0,0.0,0.0,,0.0,0.0,0.0,0.0,0.0,0.0,0.0,0.0,0.0,0.0,0.0,,0.0,,0.0,,0.0,,,0.0,0.0,,,,0.0,0.0,0.0,,0.0,,0.0,,0.0,,0.0,0.0,0.0,,,,,0.0,0.0,,0.0,0.0,0.0,,0.0,,,,0.0,0.0,0.0,,0.0,,,0.0,,0.0,,0.0,0.0,0.0,
864,0.0,0.0,0.0,,0.0,0.0,,,0.0,0.0,0.0,0.0,,0.0,0.0,0.0,0.0,0.0,,0.0,0.0,,0.0,,0.0,,0.0,0.0,0.0,0.0,0.0,0.0,0.0,0.0,0.0,0.0,,0.0,0.0,0.0,,0.0,0.0,0.0,0.0,0.0,0.0,0.0,0.0,0.0,0.0,0.0,0.0,0.0,0.0,0.0,0.0,0.0,0.0,0.0,0.0,0.0,0.0,,,0.0,0.0,0.0,0.0,0.0,,0.0,0.0,0.0,,0.0,0.0,0.0,0.0,,0.0,0.0,0.0,0.0,0.0,0.0,0.0,0.0,,0.0,,0.0,0.0,0.0,0.0,0.0,0.0,0.0,0.0,0.0,0.0,0.0,0.0,,0.0,0.0,0.0,
865,0.0,0.0,0.0,,0.0,0.0,,,0.0,0.0,0.0,0.0,0.0,0.0,0.0,0.0,0.0,0.0,,0.0,0.0,,0.0,,0.0,,0.0,0.0,0.0,0.0,0.0,0.0,0.0,0.0,0.0,0.0,,0.0,0.0,0.0,,0.0,0.0,0.0,0.0,0.0,0.0,0.0,0.0,0.0,0.0,0.0,0.0,0.0,0.0,0.0,0.0,0.0,0.0,0.0,0.0,0.0,0.0,,,0.0,0.0,0.0,0.0,0.0,,0.0,0.0,0.0,,0.0,0.0,0.0,0.0,,0.0,0.0,0.0,0.0,0.0,0.0,0.0,0.0,,0.0,,0.0,0.0,0.0,0.0,0.0,0.0,0.0,0.0,0.0,0.0,0.0,0.0,,0.0,0.0,0.0,
866,0.0,0.0,0.0,,0.0,0.0,,,0.0,0.0,0.0,0.0,0.0,0.0,0.0,0.0,0.0,0.0,,0.0,0.0,,0.0,,0.0,,0.0,0.0,0.0,0.0,0.0,0.0,0.0,0.0,0.0,0.0,,0.0,0.0,0.0,,0.0,0.0,0.0,0.0,0.0,0.0,0.0,0.0,0.0,0.0,0.0,0.0,0.0,0.0,0.0,0.0,0.0,0.0,0.0,0.0,0.0,0.0,,,0.0,0.0,0.0,0.0,0.0,,0.0,0.0,0.0,,0.0,0.0,0.0,0.0,,0.0,0.0,0.0,0.0,0.0,0.0,0.0,0.0,,0.0,,0.0,0.0,0.0,0.0,0.0,0.0,0.0,0.0,0.0,0.0,0.0,0.0,,0.0,0.0,0.0,
867,0.0,0.0,0.0,,0.0,0.0,,,0.0,0.0,0.0,0.0,0.0,0.0,0.0,0.0,0.0,0.0,,0.0,0.0,,0.0,,0.0,,0.0,0.0,0.0,0.0,0.0,0.0,0.0,0.0,0.0,0.0,,0.0,0.0,0.0,,0.0,0.0,0.0,0.0,0.0,0.0,0.0,0.0,0.0,0.0,0.0,0.0,0.0,0.0,0.0,0.0,0.0,0.0,0.0,0.0,0.0,0.0,0.0,,0.0,0.0,0.0,0.0,0.0,,0.0,0.0,0.0,,0.0,0.0,0.0,0.0,,0.0,0.0,0.0,0.0,0.0,0.0,0.0,0.0,,0.0,,0.0,0.0,0.0,0.0,0.0,0.0,0.0,0.0,0.0,0.0,0.0,0.0,,0.0,0.0,0.0,
868,0.0,0.0,0.0,,0.0,0.0,,,0.0,0.0,0.0,0.0,0.0,0.0,0.0,0.0,0.0,0.0,,0.0,0.0,,0.0,,0.0,,0.0,0.0,0.0,0.0,0.0,0.0,0.0,0.0,0.0,0.0,,0.0,0.0,0.0,,0.0,0.0,0.0,0.0,0.0,0.0,0.0,0.0,0.0,0.0,0.0,0.0,0.0,0.0,0.0,0.0,0.0,0.0,0.0,0.0,0.0,0.0,0.0,,0.0,0.0,0.0,0.0,0.0,,0.0,0.0,0.0,0.0,0.0,0.0,0.0,0.0,,0.0,0.0,0.0,0.0,0.0,0.0,0.0,0.0,,0.0,,0.0,0.0,0.0,0.0,0.0,0.0,0.0,0.0,0.0,0.0,0.0,0.0,,0.0,0.0,0.0,
869,0.0,0.0,0.0,,0.0,0.0,,0.0,0.0,0.0,0.0,0.0,0.0,0.0,0.0,0.0,0.0,0.0,,0.0,0.0,,0.0,,0.0,,0.0,0.0,0.0,0.0,0.0,0.0,0.0,0.0,0.0,0.0,,0.0,0.0,0.0,,0.0,0.0,0.0,0.0,0.0,0.0,0.0,0.0,0.0,0.0,0.0,0.0,0.0,0.0,0.0,0.0,0.0,0.0,0.0,0.0,0.0,0.0,0.0,,0.0,0.0,0.0,0.0,0.0,,0.0,0.0,0.0,0.0,0.0,0.0,0.0,0.0,,0.0,0.0,0.0,0.0,0.0,0.0,0.0,0.0,,0.0,,0.0,0.0,0.0,0.0,0.0,0.0,0.0,0.0,0.0,0.0,0.0,0.0,,0.0,0.0,0.0,0.0
870,0.0,0.0,0.0,,0.0,0.0,,0.0,0.0,0.0,0.0,0.0,0.0,0.0,0.0,0.0,0.0,0.0,,0.0,0.0,0.0,0.0,,0.0,,0.0,0.0,0.0,0.0,0.0,0.0,0.0,0.0,0.0,0.0,0.0,0.0,0.0,0.0,,0.0,0.0,0.0,0.0,0.0,0.0,0.0,0.0,0.0,0.0,0.0,0.0,0.0,0.0,0.0,0.0,0.0,0.0,0.0,0.0,0.0,0.0,0.0,,0.0,0.0,0.0,0.0,0.0,,0.0,0.0,0.0,0.0,0.0,0.0,0.0,0.0,,0.0,0.0,0.0,0.0,0.0,0.0,0.0,0.0,,0.0,,0.0,0.0,0.0,0.0,0.0,0.0,0.0,0.0,0.0,0.0,0.0,0.0,,0.0,0.0,0.0,0.0
871,0.0,0.0,0.0,,0.0,0.0,,0.0,0.0,0.0,0.0,0.0,0.0,0.0,0.0,0.0,0.0,0.0,,0.0,0.0,0.0,0.0,,0.0,,0.0,0.0,0.0,0.0,0.0,0.0,0.0,0.0,0.0,0.0,0.0,0.0,0.0,0.0,,0.0,0.0,0.0,0.0,0.0,0.0,0.0,0.0,0.0,0.0,0.0,0.0,0.0,0.0,0.0,0.0,0.0,0.0,0.0,0.0,0.0,0.0,0.0,,0.0,0.0,0.0,0.0,0.0,,0.0,0.0,0.0,0.0,0.0,0.0,0.0,0.0,,0.0,0.0,0.0,0.0,0.0,0.0,0.0,0.0,,0.0,,0.0,0.0,0.0,0.0,0.0,0.0,0.0,0.0,0.0,0.0,0.0,0.0,,0.0,0.0,0.0,0.0
872,0.0,0.0,0.0,,0.0,0.0,,0.0,0.0,0.0,0.0,0.0,0.0,0.0,0.0,0.0,0.0,0.0,,0.0,0.0,0.0,0.0,,0.0,,0.0,0.0,0.0,0.0,0.0,0.0,0.0,0.0,0.0,0.0,0.0,0.0,0.0,0.0,,0.0,0.0,0.0,0.0,0.0,0.0,0.0,0.0,0.0,0.0,0.0,0.0,0.0,0.0,0.0,0.0,0.0,0.0,0.0,0.0,0.0,0.0,0.0,,0.0,0.0,0.0,0.0,0.0,,0.0,0.0,0.0,0.0,0.0,0.0,0.0,0.0,,0.0,0.0,0.0,0.0,0.0,0.0,0.0,0.0,0.0,0.0,,0.0,0.0,0.0,0.0,0.0,0.0,0.0,0.0,0.0,0.0,0.0,0.0,,0.0,0.0,0.0,0.0
873,0.0,0.0,0.0,,0.0,0.0,,0.0,0.0,0.0,0.0,0.0,0.0,0.0,0.0,0.0,0.0,0.0,,0.0,0.0,0.0,0.0,,0.0,,0.0,0.0,0.0,0.0,0.0,0.0,0.0,0.0,0.0,0.0,0.0,0.0,0.0,0.0,,0.0,0.0,0.0,0.0,0.0,0.0,0.0,0.0,0.0,0.0,0.0,0.0,0.0,0.0,0.0,0.0,0.0,0.0,0.0,0.0,0.0,0.0,0.0,,0.0,0.0,0.0,0.0,0.0,,0.0,0.0,0.0,0.0,0.0,0.0,0.0,0.0,,0.0,0.0,0.0,0.0,0.0,0.0,0.0,0.0,0.0,0.0,,0.0,0.0,0.0,0.0,0.0,0.0,0.0,0.0,0.0,0.0,0.0,0.0,,0.0,0.0,0.0,0.0
874,0.0,0.0,0.0,,0.0,0.0,,0.0,0.0,0.0,0.0,0.0,0.0,0.0,0.0,0.0,0.0,0.0,,0.0,0.0,0.0,0.0,,0.0,,0.0,0.0,0.0,0.0,0.0,0.0,0.0,0.0,0.0,0.0,0.0,0.0,0.0,0.0,,0.0,0.0,0.0,0.0,0.0,0.0,0.0,0.0,0.0,0.0,0.0,0.0,0.0,0.0,0.0,0.0,0.0,0.0,0.0,0.0,0.0,0.0,0.0,,0.0,0.0,0.0,0.0,0.0,,0.0,0.0,0.0,0.0,0.0,0.0,0.0,0.0,,0.0,0.0,0.0,0.0,0.0,0.0,0.0,0.0,0.0,0.0,,0.0,0.0,0.0,0.0,0.0,0.0,0.0,0.0,0.0,0.0,0.0,0.0,,0.0,0.0,0.0,0.0
875,0.0,0.0,0.0,,0.0,0.0,,0.0,0.0,0.0,0.0,0.0,0.0,0.0,0.0,0.0,0.0,0.0,,0.0,0.0,0.0,0.0,,0.0,,0.0,0.0,0.0,0.0,0.0,0.0,0.0,0.0,0.0,0.0,0.0,0.0,0.0,0.0,,0.0,0.0,0.0,0.0,0.0,0.0,0.0,0.0,0.0,0.0,0.0,0.0,0.0,0.0,0.0,0.0,0.0,0.0,0.0,0.0,0.0,0.0,0.0,,0.0,0.0,0.0,0.0,0.0,,0.0,0.0,0.0,0.0,0.0,0.0,0.0,0.0,,0.0,0.0,0.0,0.0,0.0,0.0,0.0,0.0,0.0,0.0,,0.0,0.0,0.0,0.0,0.0,0.0,0.0,0.0,0.0,0.0,0.0,0.0,,0.0,0.0,0.0,0.0
876,0.0,0.0,0.0,0.0,0.0,0.0,,0.0,0.0,0.0,0.0,0.0,0.0,0.0,0.0,0.0,0.0,0.0,,0.0,0.0,0.0,0.0,0.0,0.0,,0.0,0.0,0.0,0.0,0.0,0.0,0.0,0.0,0.0,0.0,0.0,0.0,0.0,0.0,,0.0,0.0,0.0,0.0,0.0,0.0,0.0,0.0,0.0,0.0,0.0,0.0,0.0,0.0,0.0,0.0,0.0,0.0,0.0,0.0,0.0,0.0,0.0,,0.0,0.0,0.0,0.0,0.0,,0.0,0.0,0.0,0.0,0.0,0.0,0.0,0.0,,0.0,0.0,0.0,0.0,0.0,0.0,0.0,0.0,0.0,0.0,,0.0,0.0,0.0,0.0,0.0,0.0,0.0,0.0,0.0,0.0,0.0,0.0,,0.0,0.0,0.0,0.0
877,0.0,0.0,0.0,0.0,0.0,0.0,,0.0,0.0,0.0,0.0,0.0,0.0,0.0,0.0,0.0,0.0,0.0,,0.0,0.0,0.0,0.0,0.0,0.0,,0.0,0.0,0.0,0.0,0.0,0.0,0.0,0.0,0.0,0.0,0.0,0.0,0.0,0.0,,0.0,0.0,0.0,0.0,0.0,0.0,0.0,0.0,0.0,0.0,0.0,0.0,0.0,0.0,0.0,0.0,0.0,0.0,0.0,0.0,0.0,0.0,0.0,,0.0,0.0,0.0,0.0,0.0,,0.0,0.0,0.0,0.0,0.0,0.0,0.0,0.0,,0.0,0.0,0.0,0.0,0.0,0.0,0.0,0.0,0.0,0.0,,0.0,0.0,0.0,0.0,0.0,0.0,0.0,0.0,0.0,0.0,0.0,0.0,,0.0,0.0,0.0,0.0
878,0.0,0.0,0.0,0.0,0.0,0.0,0.0,0.0,0.0,0.0,0.0,0.0,0.0,0.0,0.0,0.0,0.0,0.0,,0.0,0.0,0.0,0.0,0.0,0.0,,0.0,0.0,0.0,0.0,0.0,0.0,0.0,0.0,0.0,0.0,0.0,0.0,0.0,0.0,,0.0,0.0,0.0,0.0,0.0,0.0,0.0,0.0,0.0,0.0,0.0,0.0,0.0,0.0,0.0,0.0,0.0,0.0,0.0,0.0,0.0,0.0,0.0,,0.0,0.0,0.0,0.0,0.0,0.0,0.0,0.0,0.0,0.0,0.0,0.0,0.0,0.0,,0.0,0.0,0.0,0.0,0.0,0.0,0.0,0.0,0.0,0.0,0.0,0.0,0.0,0.0,0.0,0.0,0.0,0.0,0.0,0.0,0.0,0.0,0.0,,0.0,0.0,0.0,0.0
879,0.0,0.0,0.0,0.0,0.0,0.0,0.0,0.0,0.0,0.0,0.0,0.0,0.0,0.0,0.0,0.0,0.0,0.0,,0.0,0.0,0.0,0.0,0.0,0.0,,0.0,0.0,0.0,0.0,0.0,0.0,0.0,0.0,0.0,0.0,0.0,0.0,0.0,0.0,,0.0,0.0,0.0,0.0,0.0,0.0,0.0,0.0,0.0,0.0,0.0,0.0,0.0,0.0,0.0,0.0,0.0,0.0,0.0,0.0,0.0,0.0,0.0,,0.0,0.0,0.0,0.0,0.0,0.0,0.0,0.0,0.0,0.0,0.0,0.0,0.0,0.0,,0.0,0.0,0.0,0.0,0.0,0.0,0.0,0.0,0.0,0.0,0.0,0.0,0.0,0.0,0.0,0.0,0.0,0.0,0.0,0.0,0.0,0.0,0.0,,0.0,0.0,0.0,0.0
880,0.0,0.0,0.0,0.0,0.0,0.0,0.0,0.0,0.0,0.0,0.0,0.0,0.0,0.0,0.0,0.0,0.0,0.0,,0.0,0.0,0.0,0.0,0.0,0.0,,0.0,0.0,0.0,0.0,0.0,0.0,0.0,0.0,0.0,0.0,0.0,0.0,0.0,0.0,,0.0,0.0,0.0,0.0,0.0,0.0,0.0,0.0,0.0,0.0,0.0,0.0,0.0,0.0,0.0,0.0,0.0,0.0,0.0,0.0,0.0,0.0,0.0,,0.0,0.0,0.0,0.0,0.0,0.0,0.0,0.0,0.0,0.0,0.0,0.0,0.0,0.0,,0.0,0.0,0.0,0.0,0.0,0.0,0.0,0.0,0.0,0.0,0.0,0.0,0.0,0.0,0.0,0.0,0.0,0.0,0.0,0.0,0.0,0.0,0.0,0.0,0.0,0.0,0.0,0.0
881,0.0,0.0,0.0,0.0,0.0,0.0,0.0,0.0,0.0,0.0,0.0,0.0,0.0,0.0,0.0,0.0,0.0,0.0,,0.0,0.0,0.0,0.0,0.0,0.0,,0.0,0.0,0.0,0.0,0.0,0.0,0.0,0.0,0.0,0.0,0.0,0.0,0.0,0.0,,0.0,0.0,0.0,0.0,0.0,0.0,0.0,0.0,0.0,0.0,0.0,0.0,0.0,0.0,0.0,0.0,0.0,0.0,0.0,0.0,0.0,0.0,0.0,,0.0,0.0,0.0,0.0,0.0,0.0,0.0,0.0,0.0,0.0,0.0,0.0,0.0,0.0,,0.0,0.0,0.0,0.0,0.0,0.0,0.0,0.0,0.0,0.0,0.0,0.0,0.0,0.0,0.0,0.0,0.0,0.0,0.0,0.0,0.0,0.0,0.0,0.0,0.0,0.0,0.0,0.0
882,0.0,0.0,0.0,0.0,0.0,0.0,0.0,0.0,0.0,0.0,0.0,0.0,0.0,0.0,0.0,0.0,0.0,0.0,0.0,0.0,0.0,0.0,0.0,0.0,0.0,,0.0,0.0,0.0,0.0,0.0,0.0,0.0,0.0,0.0,0.0,0.0,0.0,0.0,0.0,0.0,0.0,0.0,0.0,0.0,0.0,0.0,0.0,0.0,0.0,0.0,0.0,0.0,0.0,0.0,0.0,0.0,0.0,0.0,0.0,0.0,0.0,0.0,0.0,0.0,0.0,0.0,0.0,0.0,0.0,0.0,0.0,0.0,0.0,0.0,0.0,0.0,0.0,0.0,,0.0,0.0,0.0,0.0,0.0,0.0,0.0,0.0,0.0,0.0,0.0,0.0,0.0,0.0,0.0,0.0,0.0,0.0,0.0,0.0,0.0,0.0,0.0,0.0,0.0,0.0,0.0,0.0
883,0.0,0.0,0.0,0.0,0.0,0.0,0.0,0.0,0.0,0.0,0.0,0.0,0.0,0.0,0.0,0.0,0.0,0.0,0.0,0.0,0.0,0.0,0.0,0.0,0.0,,0.0,0.0,0.0,0.0,0.0,0.0,0.0,0.0,0.0,0.0,0.0,0.0,0.0,0.0,0.0,0.0,0.0,0.0,0.0,0.0,0.0,0.0,0.0,0.0,0.0,0.0,0.0,0.0,0.0,0.0,0.0,0.0,0.0,0.0,0.0,0.0,0.0,0.0,0.0,0.0,0.0,0.0,0.0,0.0,0.0,0.0,0.0,0.0,0.0,0.0,0.0,0.0,0.0,,0.0,0.0,0.0,0.0,0.0,0.0,0.0,0.0,0.0,0.0,0.0,0.0,0.0,0.0,0.0,0.0,0.0,0.0,0.0,0.0,0.0,0.0,0.0,0.0,0.0,0.0,0.0,0.0
884,0.0,0.0,0.0,0.0,0.0,0.0,0.0,0.0,0.0,0.0,0.0,0.0,0.0,0.0,0.0,0.0,0.0,0.0,0.0,0.0,0.0,0.0,0.0,0.0,0.0,,0.0,0.0,0.0,0.0,0.0,0.0,0.0,0.0,0.0,0.0,0.0,0.0,0.0,0.0,0.0,0.0,0.0,0.0,0.0,0.0,0.0,0.0,0.0,0.0,0.0,0.0,0.0,0.0,0.0,0.0,0.0,0.0,0.0,0.0,0.0,0.0,0.0,0.0,0.0,0.0,0.0,0.0,0.0,0.0,0.0,0.0,0.0,0.0,0.0,0.0,0.0,0.0,0.0,,0.0,0.0,0.0,0.0,0.0,0.0,0.0,0.0,0.0,0.0,0.0,0.0,0.0,0.0,0.0,0.0,0.0,0.0,0.0,0.0,0.0,0.0,0.0,0.0,0.0,0.0,0.0,0.0
885,0.0,0.0,0.0,0.0,0.0,0.0,0.0,0.0,0.0,0.0,0.0,0.0,0.0,0.0,0.0,0.0,0.0,0.0,0.0,0.0,0.0,0.0,0.0,0.0,0.0,,0.0,0.0,0.0,0.0,0.0,0.0,0.0,0.0,0.0,0.0,0.0,0.0,0.0,0.0,0.0,0.0,0.0,0.0,0.0,0.0,0.0,0.0,0.0,0.0,0.0,0.0,0.0,0.0,0.0,0.0,0.0,0.0,0.0,0.0,0.0,0.0,0.0,0.0,0.0,0.0,0.0,0.0,0.0,0.0,0.0,0.0,0.0,0.0,0.0,0.0,0.0,0.0,0.0,,0.0,0.0,0.0,0.0,0.0,0.0,0.0,0.0,0.0,0.0,0.0,0.0,0.0,0.0,0.0,0.0,0.0,0.0,0.0,0.0,0.0,0.0,0.0,0.0,0.0,0.0,0.0,0.0
886,0.0,0.0,0.0,0.0,0.0,0.0,0.0,0.0,0.0,0.0,0.0,0.0,0.0,0.0,0.0,0.0,0.0,0.0,0.0,0.0,0.0,0.0,0.0,0.0,0.0,,0.0,0.0,0.0,0.0,0.0,0.0,0.0,0.0,0.0,0.0,0.0,0.0,0.0,0.0,0.0,0.0,0.0,0.0,0.0,0.0,0.0,0.0,0.0,0.0,0.0,0.0,0.0,0.0,0.0,0.0,0.0,0.0,0.0,0.0,0.0,0.0,0.0,0.0,0.0,0.0,0.0,0.0,0.0,0.0,0.0,0.0,0.0,0.0,0.0,0.0,0.0,0.0,0.0,,0.0,0.0,0.0,0.0,0.0,0.0,0.0,0.0,0.0,0.0,0.0,0.0,0.0,0.0,0.0,0.0,0.0,0.0,0.0,0.0,0.0,0.0,0.0,0.0,0.0,0.0,0.0,0.0
887,0.0,0.0,0.0,0.0,0.0,0.0,0.0,0.0,0.0,0.0,0.0,0.0,0.0,0.0,0.0,0.0,0.0,0.0,0.0,0.0,0.0,0.0,0.0,0.0,0.0,0.0,0.0,0.0,0.0,0.0,0.0,0.0,0.0,0.0,0.0,0.0,0.0,0.0,0.0,0.0,0.0,0.0,0.0,0.0,0.0,0.0,0.0,0.0,0.0,0.0,0.0,0.0,0.0,0.0,0.0,0.0,0.0,0.0,0.0,0.0,0.0,0.0,0.0,0.0,0.0,0.0,0.0,0.0,0.0,0.0,0.0,0.0,0.0,0.0,0.0,0.0,0.0,0.0,0.0,0.0,0.0,0.0,0.0,0.0,0.0,0.0,0.0,0.0,0.0,0.0,0.0,0.0,0.0,0.0,0.0,0.0,0.0,0.0,0.0,0.0,0.0,0.0,0.0,0.0,0.0,0.0,0.0,0.0
888,0.0,0.0,0.0,0.0,0.0,0.0,0.0,0.0,0.0,0.0,0.0,0.0,0.0,0.0,0.0,0.0,0.0,0.0,0.0,0.0,0.0,0.0,0.0,0.0,0.0,0.0,0.0,0.0,0.0,0.0,0.0,0.0,0.0,0.0,0.0,0.0,0.0,0.0,0.0,0.0,0.0,0.0,0.0,0.0,0.0,0.0,0.0,0.0,0.0,0.0,0.0,0.0,0.0,0.0,0.0,0.0,0.0,0.0,0.0,0.0,0.0,0.0,0.0,0.0,0.0,0.0,0.0,0.0,0.0,0.0,0.0,0.0,0.0,0.0,0.0,0.0,0.0,0.0,0.0,0.0,0.0,0.0,0.0,0.0,0.0,0.0,0.0,0.0,0.0,0.0,0.0,0.0,0.0,0.0,0.0,0.0,0.0,0.0,0.0,0.0,0.0,0.0,0.0,0.0,0.0,0.0,0.0,0.0
889,0.0,0.0,0.0,0.0,0.0,0.0,0.0,0.0,0.0,0.0,0.0,0.0,0.0,0.0,0.0,0.0,0.0,0.0,0.0,0.0,0.0,0.0,0.0,0.0,0.0,0.0,0.0,0.0,0.0,0.0,0.0,0.0,0.0,0.0,0.0,0.0,0.0,0.0,0.0,0.0,0.0,0.0,0.0,0.0,0.0,0.0,0.0,0.0,0.0,0.0,0.0,0.0,0.0,0.0,0.0,0.0,0.0,0.0,0.0,0.0,0.0,0.0,0.0,0.0,0.0,0.0,0.0,0.0,0.0,0.0,0.0,0.0,0.0,0.0,0.0,0.0,0.0,0.0,0.0,0.0,0.0,0.0,0.0,0.0,0.0,0.0,0.0,0.0,0.0,0.0,0.0,0.0,0.0,0.0,0.0,0.0,0.0,0.0,0.0,0.0,0.0,0.0,0.0,0.0,0.0,0.0,0.0,0.0
890,0.0,0.0,0.0,0.0,0.0,0.0,0.0,0.0,0.0,0.0,0.0,0.0,0.0,0.0,0.0,0.0,0.0,0.0,0.0,0.0,0.0,0.0,0.0,0.0,0.0,0.0,0.0,0.0,0.0,0.0,0.0,0.0,0.0,0.0,0.0,0.0,0.0,0.0,0.0,0.0,0.0,0.0,0.0,0.0,0.0,0.0,0.0,0.0,0.0,0.0,0.0,0.0,0.0,0.0,0.0,0.0,0.0,0.0,0.0,0.0,0.0,0.0,0.0,0.0,0.0,0.0,0.0,0.0,0.0,0.0,0.0,0.0,0.0,0.0,0.0,0.0,0.0,0.0,0.0,0.0,0.0,0.0,0.0,0.0,0.0,0.0,0.0,0.0,0.0,0.0,0.0,0.0,0.0,0.0,0.0,0.0,0.0,0.0,0.0,0.0,0.0,0.0,0.0,0.0,0.0,0.0,0.0,0.0
891,0.0,0.0,0.0,0.0,0.0,0.0,0.0,0.0,0.0,0.0,0.0,0.0,0.0,0.0,0.0,0.0,0.0,0.0,0.0,0.0,0.0,0.0,0.0,0.0,0.0,0.0,0.0,0.0,0.0,0.0,0.0,0.0,0.0,0.0,0.0,0.0,0.0,0.0,0.0,0.0,0.0,0.0,0.0,0.0,0.0,0.0,0.0,0.0,0.0,0.0,0.0,0.0,0.0,0.0,0.0,0.0,0.0,0.0,0.0,0.0,0.0,0.0,0.0,0.0,0.0,0.0,0.0,0.0,0.0,0.0,0.0,0.0,0.0,0.0,0.0,0.0,0.0,0.0,0.0,0.0,0.0,0.0,0.0,0.0,0.0,0.0,0.0,0.0,0.0,0.0,0.0,0.0,0.0,0.0,0.0,0.0,0.0,0.0,0.0,0.0,0.0,0.0,0.0,0.0,0.0,0.0,0.0,0.0
892,0.0,0.0,0.0,0.0,0.0,0.0,0.0,0.0,0.0,0.0,0.0,0.0,0.0,0.0,0.0,0.0,0.0,0.0,0.0,0.0,0.0,0.0,0.0,0.0,0.0,0.0,0.0,0.0,0.0,0.0,0.0,0.0,0.0,0.0,0.0,0.0,0.0,0.0,0.0,0.0,0.0,0.0,0.0,0.0,0.0,0.0,0.0,0.0,0.0,0.0,0.0,0.0,0.0,0.0,0.0,0.0,0.0,0.0,0.0,0.0,0.0,0.0,0.0,0.0,0.0,0.0,0.0,0.0,0.0,0.0,0.0,0.0,0.0,0.0,0.0,0.0,0.0,0.0,0.0,0.0,0.0,0.0,0.0,0.0,0.0,0.0,0.0,0.0,0.0,0.0,0.0,0.0,0.0,0.0,0.0,0.0,0.0,0.0,0.0,0.0,0.0,0.0,0.0,0.0,0.0,0.0,0.0,0.0
893,0.0,0.0,0.0,0.0,0.0,0.0,0.0,0.0,0.0,0.0,0.0,0.0,0.0,0.0,0.0,0.0,0.0,0.0,0.0,0.0,0.0,0.0,0.0,0.0,0.0,0.0,0.0,0.0,0.0,0.0,0.0,0.0,0.0,0.0,0.0,0.0,0.0,0.0,0.0,0.0,0.0,0.0,0.0,0.0,0.0,0.0,0.0,0.0,0.0,0.0,0.0,0.0,0.0,0.0,0.0,0.0,0.0,0.0,0.0,0.0,0.0,0.0,0.0,0.0,0.0,0.0,0.0,0.0,0.0,0.0,0.0,0.0,0.0,0.0,0.0,0.0,0.0,0.0,0.0,0.0,0.0,0.0,0.0,0.0,0.0,0.0,0.0,0.0,0.0,0.0,0.0,0.0,0.0,0.0,0.0,0.0,0.0,0.0,0.0,0.0,0.0,0.0,0.0,0.0,0.0,0.0,0.0,0.0
894,0.0,0.0,0.0,0.0,0.0,0.0,0.0,0.0,0.0,0.0,0.0,0.0,0.0,0.0,0.0,0.0,0.0,0.0,0.0,0.0,0.0,0.0,0.0,0.0,0.0,0.0,0.0,0.0,0.0,0.0,0.0,0.0,0.0,0.0,0.0,0.0,0.0,0.0,0.0,0.0,0.0,0.0,0.0,0.0,0.0,0.0,0.0,0.0,0.0,0.0,0.0,0.0,0.0,0.0,0.0,0.0,0.0,0.0,0.0,0.0,0.0,0.0,0.0,0.0,0.0,0.0,0.0,0.0,0.0,0.0,0.0,0.0,0.0,0.0,0.0,0.0,0.0,0.0,0.0,0.0,0.0,0.0,0.0,0.0,0.0,0.0,0.0,0.0,0.0,0.0,0.0,0.0,0.0,0.0,0.0,0.0,0.0,0.0,0.0,0.0,0.0,0.0,0.0,0.0,0.0,0.0,0.0,0.0
895,0.0,0.0,0.0,0.0,0.0,0.0,0.0,0.0,0.0,0.0,0.0,0.0,0.0,0.0,0.0,0.0,0.0,0.0,0.0,0.0,0.0,0.0,0.0,0.0,0.0,0.0,0.0,0.0,0.0,0.0,0.0,0.0,0.0,0.0,0.0,0.0,0.0,0.0,0.0,0.0,0.0,0.0,0.0,0.0,0.0,0.0,0.0,0.0,0.0,0.0,0.0,0.0,0.0,0.0,0.0,0.0,0.0,0.0,0.0,0.0,0.0,0.0,0.0,0.0,0.0,0.0,0.0,0.0,0.0,0.0,0.0,0.0,0.0,0.0,0.0,0.0,0.0,0.0,0.0,0.0,0.0,0.0,0.0,0.0,0.0,0.0,0.0,0.0,0.0,0.0,0.0,0.0,0.0,0.0,0.0,0.0,0.0,0.0,0.0,0.0,0.0,0.0,0.0,0.0,0.0,0.0,0.0,0.0
896,0.0,0.0,0.0,0.0,0.0,0.0,0.0,0.0,0.0,0.0,0.0,0.0,0.0,0.0,0.0,0.0,0.0,0.0,0.0,0.0,0.0,0.0,0.0,0.0,0.0,0.0,0.0,0.0,0.0,0.0,0.0,0.0,0.0,0.0,0.0,0.0,0.0,0.0,0.0,0.0,0.0,0.0,0.0,0.0,0.0,0.0,0.0,0.0,0.0,0.0,0.0,0.0,0.0,0.0,0.0,0.0,0.0,0.0,0.0,0.0,0.0,0.0,0.0,0.0,0.0,0.0,0.0,0.0,0.0,0.0,0.0,0.0,0.0,0.0,0.0,0.0,0.0,0.0,0.0,0.0,0.0,0.0,0.0,0.0,0.0,0.0,0.0,0.0,0.0,0.0,0.0,0.0,0.0,0.0,0.0,0.0,0.0,0.0,0.0,0.0,0.0,0.0,0.0,0.0,0.0,0.0,0.0,0.0
897,0.0,0.0,0.0,0.0,0.0,0.0,0.0,0.0,0.0,0.0,0.0,0.0,0.0,0.0,0.0,0.0,0.0,0.0,0.0,0.0,0.0,0.0,0.0,0.0,0.0,0.0,0.0,0.0,0.0,0.0,0.0,0.0,0.0,0.0,0.0,0.0,0.0,0.0,0.0,0.0,0.0,0.0,0.0,0.0,0.0,0.0,0.0,0.0,0.0,0.0,0.0,0.0,0.0,0.0,0.0,0.0,0.0,0.0,0.0,0.0,0.0,0.0,0.0,0.0,0.0,0.0,0.0,0.0,0.0,0.0,0.0,0.0,0.0,0.0,0.0,0.0,0.0,0.0,0.0,0.0,0.0,0.0,0.0,0.0,0.0,0.0,0.0,0.0,0.0,0.0,0.0,0.0,0.0,0.0,0.0,0.0,0.0,0.0,0.0,0.0,0.0,0.0,0.0,0.0,0.0,0.0,0.0,0.0
898,0.0,0.0,0.0,0.0,0.0,0.0,0.0,0.0,0.0,0.0,0.0,0.0,0.0,0.0,0.0,0.0,0.0,0.0,0.0,0.0,0.0,0.0,0.0,0.0,0.0,0.0,0.0,0.0,0.0,0.0,0.0,0.0,0.0,0.0,0.0,0.0,0.0,0.0,0.0,0.0,0.0,0.0,0.0,0.0,0.0,0.0,0.0,0.0,0.0,0.0,0.0,0.0,0.0,0.0,0.0,0.0,0.0,0.0,0.0,0.0,0.0,0.0,0.0,0.0,0.0,0.0,0.0,0.0,0.0,0.0,0.0,0.0,0.0,0.0,0.0,0.0,0.0,0.0,0.0,0.0,0.0,0.0,0.0,0.0,0.0,0.0,0.0,0.0,0.0,0.0,0.0,0.0,0.0,0.0,0.0,0.0,0.0,0.0,0.0,0.0,0.0,0.0,0.0,0.0,0.0,0.0,0.0,0.0
899,0.0,0.0,0.0,0.0,0.0,0.0,0.0,0.0,0.0,0.0,0.0,0.0,0.0,0.0,0.0,0.0,0.0,0.0,0.0,0.0,0.0,0.0,0.0,0.0,0.0,0.0,0.0,0.0,0.0,0.0,0.0,0.0,0.0,0.0,0.0,0.0,0.0,0.0,0.0,0.0,0.0,0.0,0.0,0.0,0.0,0.0,0.0,0.0,0.0,0.0,0.0,0.0,0.0,0.0,0.0,0.0,0.0,0.0,0.0,0.0,0.0,0.0,0.0,0.0,0.0,0.0,0.0,0.0,0.0,0.0,0.0,0.0,0.0,0.0,0.0,0.0,0.0,0.0,0.0,0.0,0.0,0.0,0.0,0.0,0.0,0.0,0.0,0.0,0.0,0.0,0.0,0.0,0.0,0.0,0.0,0.0,0.0,0.0,0.0,0.0,0.0,0.0,0.0,0.0,0.0,0.0,0.0,0.0
900,0.0,0.0,0.0,0.0,0.0,0.0,0.0,0.0,0.0,0.0,0.0,0.0,0.0,0.0,0.0,0.0,0.0,0.0,0.0,0.0,0.0,0.0,0.0,0.0,0.0,0.0,0.0,0.0,0.0,0.0,0.0,0.0,0.0,0.0,0.0,0.0,0.0,0.0,0.0,0.0,0.0,0.0,0.0,0.0,0.0,0.0,0.0,0.0,0.0,0.0,0.0,0.0,0.0,0.0,0.0,0.0,0.0,0.0,0.0,0.0,0.0,0.0,0.0,0.0,0.0,0.0,0.0,0.0,0.0,0.0,0.0,0.0,0.0,0.0,0.0,0.0,0.0,0.0,0.0,0.0,0.0,0.0,0.0,0.0,0.0,0.0,0.0,0.0,0.0,0.0,0.0,0.0,0.0,0.0,0.0,0.0,0.0,0.0,0.0,0.0,0.0,0.0,0.0,0.0,0.0,0.0,0.0,0.0
901,0.0,0.0,0.0,0.0,0.0,0.0,0.0,0.0,0.0,0.0,0.0,0.0,0.0,0.0,0.0,0.0,0.0,0.0,0.0,0.0,0.0,0.0,0.0,0.0,0.0,0.0,0.0,0.0,0.0,0.0,0.0,0.0,0.0,0.0,0.0,0.0,0.0,0.0,0.0,0.0,0.0,0.0,0.0,0.0,0.0,0.0,0.0,0.0,0.0,0.0,0.0,0.0,0.0,0.0,0.0,0.0,0.0,0.0,0.0,0.0,0.0,0.0,0.0,0.0,0.0,0.0,0.0,0.0,0.0,0.0,0.0,0.0,0.0,0.0,0.0,0.0,0.0,0.0,0.0,0.0,0.0,0.0,0.0,0.0,0.0,0.0,0.0,0.0,0.0,0.0,0.0,0.0,0.0,0.0,0.0,0.0,0.0,0.0,0.0,0.0,0.0,0.0,0.0,0.0,0.0,0.0,0.0,0.0
902,0.0,0.0,0.0,0.0,0.0,0.0,0.0,0.0,0.0,0.0,0.0,0.0,0.0,0.0,0.0,0.0,0.0,0.0,0.0,0.0,0.0,0.0,0.0,0.0,0.0,0.0,0.0,0.0,0.0,0.0,0.0,0.0,0.0,0.0,0.0,0.0,0.0,0.0,0.0,0.0,0.0,0.0,0.0,0.0,0.0,0.0,0.0,0.0,0.0,0.0,0.0,0.0,0.0,0.0,0.0,0.0,0.0,0.0,0.0,0.0,0.0,0.0,0.0,0.0,0.0,0.0,0.0,0.0,0.0,0.0,0.0,0.0,0.0,0.0,0.0,0.0,0.0,0.0,0.0,0.0,0.0,0.0,0.0,0.0,0.0,0.0,0.0,0.0,0.0,0.0,0.0,0.0,0.0,0.0,0.0,0.0,0.0,0.0,0.0,0.0,0.0,0.0,0.0,0.0,0.0,0.0,0.0,0.0
903,0.0,0.0,0.0,0.0,0.0,0.0,0.0,0.0,0.0,0.0,0.0,0.0,0.0,0.0,0.0,0.0,0.0,0.0,0.0,0.0,0.0,0.0,0.0,0.0,0.0,0.0,0.0,0.0,0.0,0.0,0.0,0.0,0.0,0.0,0.0,0.0,0.0,0.0,0.0,0.0,0.0,0.0,0.0,0.0,0.0,0.0,0.0,0.0,0.0,0.0,0.0,0.0,0.0,0.0,0.0,0.0,0.0,0.0,0.0,0.0,0.0,0.0,0.0,0.0,0.0,0.0,0.0,0.0,0.0,0.0,0.0,0.0,0.0,0.0,0.0,0.0,0.0,0.0,0.0,0.0,0.0,0.0,0.0,0.0,0.0,0.0,0.0,0.0,0.0,0.0,0.0,0.0,0.0,0.0,0.0,0.0,0.0,0.0,0.0,0.0,0.0,0.0,0.0,0.0,0.0,0.0,0.0,0.0
904,0.0,0.0,0.0,0.0,0.0,0.0,0.0,0.0,0.0,0.0,0.0,0.0,0.0,0.0,0.0,0.0,0.0,0.0,0.0,0.0,0.0,0.0,0.0,0.0,0.0,0.0,0.0,0.0,0.0,0.0,0.0,0.0,0.0,0.0,0.0,0.0,0.0,0.0,0.0,0.0,0.0,0.0,0.0,0.0,0.0,0.0,0.0,0.0,0.0,0.0,0.0,0.0,0.0,0.0,0.0,0.0,0.0,0.0,0.0,0.0,0.0,0.0,0.0,0.0,0.0,0.0,0.0,0.0,0.0,0.0,0.0,0.0,0.0,0.0,0.0,0.0,0.0,0.0,0.0,0.0,0.0,0.0,0.0,0.0,0.0,0.0,0.0,0.0,0.0,0.0,0.0,0.0,0.0,0.0,0.0,0.0,0.0,0.0,0.0,0.0,0.0,0.0,0.0,0.0,0.0,0.0,0.0,0.0
905,0.0,0.0,0.0,0.0,0.0,0.0,0.0,0.0,0.0,0.0,0.0,0.0,0.0,0.0,0.0,0.0,0.0,0.0,0.0,0.0,0.0,0.0,0.0,0.0,0.0,0.0,0.0,0.0,0.0,0.0,0.0,0.0,0.0,0.0,0.0,0.0,0.0,0.0,0.0,0.0,0.0,0.0,0.0,0.0,0.0,0.0,0.0,0.0,0.0,0.0,0.0,0.0,0.0,0.0,0.0,0.0,0.0,0.0,0.0,0.0,0.0,0.0,0.0,0.0,0.0,0.0,0.0,0.0,0.0,0.0,0.0,0.0,0.0,0.0,0.0,0.0,0.0,0.0,0.0,0.0,0.0,0.0,0.0,0.0,0.0,0.0,0.0,0.0,0.0,0.0,0.0,0.0,0.0,0.0,0.0,0.0,0.0,0.0,0.0,0.0,0.0,0.0,0.0,0.0,0.0,0.0,0.0,0.0
906,0.0,0.0,0.0,0.0,0.0,0.0,0.0,0.0,0.0,0.0,0.0,0.0,0.0,0.0,0.0,0.0,0.0,0.0,0.0,0.0,0.0,0.0,0.0,0.0,0.0,0.0,0.0,0.0,0.0,0.0,0.0,0.0,0.0,0.0,0.0,0.0,0.0,0.0,0.0,0.0,0.0,0.0,0.0,0.0,0.0,0.0,0.0,0.0,0.0,0.0,0.0,0.0,0.0,0.0,0.0,0.0,0.0,0.0,0.0,0.0,0.0,0.0,0.0,0.0,0.0,0.0,0.0,0.0,0.0,0.0,0.0,0.0,0.0,0.0,0.0,0.0,0.0,0.0,0.0,0.0,0.0,0.0,0.0,0.0,0.0,0.0,0.0,0.0,0.0,0.0,0.0,0.0,0.0,0.0,0.0,0.0,0.0,0.0,0.0,0.0,0.0,0.0,0.0,0.0,0.0,0.0,0.0,0.0
907,0.0,0.0,0.0,0.0,0.0,0.0,0.0,0.0,0.0,0.0,0.0,0.0,0.0,0.0,0.0,0.0,0.0,0.0,0.0,0.0,0.0,0.0,0.0,0.0,0.0,0.0,0.0,0.0,0.0,0.0,0.0,0.0,0.0,0.0,0.0,0.0,0.0,0.0,0.0,0.0,0.0,0.0,0.0,0.0,0.0,0.0,0.0,0.0,0.0,0.0,0.0,0.0,0.0,0.0,0.0,0.0,0.0,0.0,0.0,0.0,0.0,0.0,0.0,0.0,0.0,0.0,0.0,0.0,0.0,0.0,0.0,0.0,0.0,0.0,0.0,0.0,0.0,0.0,0.0,0.0,0.0,0.0,0.0,0.0,0.0,0.0,0.0,0.0,0.0,0.0,0.0,0.0,0.0,0.0,0.0,0.0,0.0,0.0,0.0,0.0,0.0,0.0,0.0,0.0,0.0,0.0,0.0,0.0
908,0.0,0.0,0.0,0.0,0.0,0.0,0.0,0.0,0.0,0.0,0.0,0.0,0.0,0.0,0.0,0.0,0.0,0.0,0.0,0.0,0.0,0.0,0.0,0.0,0.0,0.0,0.0,0.0,0.0,0.0,0.0,0.0,0.0,0.0,0.0,0.0,0.0,0.0,0.0,0.0,0.0,0.0,0.0,0.0,0.0,0.0,0.0,0.0,0.0,0.0,0.0,0.0,0.0,0.0,0.0,0.0,0.0,0.0,0.0,0.0,0.0,0.0,0.0,0.0,0.0,0.0,0.0,0.0,0.0,0.0,0.0,0.0,0.0,0.0,0.0,0.0,0.0,0.0,0.0,0.0,0.0,0.0,0.0,0.0,0.0,0.0,0.0,0.0,0.0,0.0,0.0,0.0,0.0,0.0,0.0,0.0,0.0,0.0,0.0,0.0,0.0,0.0,0.0,0.0,0.0,0.0,0.0,0.0
909,0.0,0.0,0.0,0.0,0.0,0.0,0.0,0.0,0.0,0.0,0.0,0.0,0.0,0.0,0.0,0.0,0.0,0.0,0.0,0.0,0.0,0.0,0.0,0.0,0.0,0.0,0.0,0.0,0.0,0.0,0.0,0.0,0.0,0.0,0.0,0.0,0.0,0.0,0.0,0.0,0.0,0.0,0.0,0.0,0.0,0.0,0.0,0.0,0.0,0.0,0.0,0.0,0.0,0.0,0.0,0.0,0.0,0.0,0.0,0.0,0.0,0.0,0.0,0.0,0.0,0.0,0.0,0.0,0.0,0.0,0.0,0.0,0.0,0.0,0.0,0.0,0.0,0.0,0.0,0.0,0.0,0.0,0.0,0.0,0.0,0.0,0.0,0.0,0.0,0.0,0.0,0.0,0.0,0.0,0.0,0.0,0.0,0.0,0.0,0.0,0.0,0.0,0.0,0.0,0.0,0.0,0.0,0.0
910,0.0,0.0,0.0,0.0,0.0,0.0,0.0,0.0,0.0,0.0,0.0,0.0,0.0,0.0,0.0,0.0,0.0,0.0,0.0,0.0,0.0,0.0,0.0,0.0,0.0,0.0,0.0,0.0,0.0,0.0,0.0,0.0,0.0,0.0,0.0,0.0,0.0,0.0,0.0,0.0,0.0,0.0,0.0,0.0,0.0,0.0,0.0,0.0,0.0,0.0,0.0,0.0,0.0,0.0,0.0,0.0,0.0,0.0,0.0,0.0,0.0,0.0,0.0,0.0,0.0,0.0,0.0,0.0,0.0,0.0,0.0,0.0,0.0,0.0,0.0,0.0,0.0,0.0,0.0,0.0,0.0,0.0,0.0,0.0,0.0,0.0,0.0,0.0,0.0,0.0,0.0,0.0,0.0,0.0,0.0,0.0,0.0,0.0,0.0,0.0,0.0,0.0,0.0,0.0,0.0,0.0,0.0,0.0
911,0.0,0.0,0.0,0.0,0.0,0.0,0.0,0.0,0.0,0.0,0.0,0.0,0.0,0.0,0.0,0.0,0.0,0.0,0.0,0.0,0.0,0.0,0.0,0.0,0.0,0.0,0.0,0.0,0.0,0.0,0.0,0.0,0.0,0.0,0.0,0.0,0.0,0.0,0.0,0.0,0.0,0.0,0.0,0.0,0.0,0.0,0.0,0.0,0.0,0.0,0.0,0.0,0.0,0.0,0.0,0.0,0.0,0.0,0.0,0.0,0.0,0.0,0.0,0.0,0.0,0.0,0.0,0.0,0.0,0.0,0.0,0.0,0.0,0.0,0.0,0.0,0.0,0.0,0.0,0.0,0.0,0.0,0.0,0.0,0.0,0.0,0.0,0.0,0.0,0.0,0.0,0.0,0.0,0.0,0.0,0.0,0.0,0.0,0.0,0.0,0.0,0.0,0.0,0.0,0.0,0.0,0.0,0.0
912,0.0,0.0,0.0,0.0,0.0,0.0,0.0,0.0,0.0,0.0,0.0,0.0,0.0,0.0,0.0,0.0,0.0,0.0,0.0,0.0,0.0,0.0,0.0,0.0,0.0,0.0,0.0,0.0,0.0,0.0,0.0,0.0,0.0,0.0,0.0,0.0,0.0,0.0,0.0,0.0,0.0,0.0,0.0,0.0,0.0,0.0,0.0,0.0,0.0,0.0,0.0,0.0,0.0,0.0,0.0,0.0,0.0,0.0,0.0,0.0,0.0,0.0,0.0,0.0,0.0,0.0,0.0,0.0,0.0,0.0,0.0,0.0,0.0,0.0,0.0,0.0,0.0,0.0,0.0,0.0,0.0,0.0,0.0,0.0,0.0,0.0,0.0,0.0,0.0,0.0,0.0,0.0,0.0,0.0,0.0,0.0,0.0,0.0,0.0,0.0,0.0,0.0,0.0,0.0,0.0,0.0,0.0,0.0
913,0.0,0.0,0.0,0.0,0.0,0.0,0.0,0.0,0.0,0.0,0.0,0.0,0.0,0.0,0.0,0.0,0.0,0.0,0.0,0.0,0.0,0.0,0.0,0.0,0.0,0.0,0.0,0.0,0.0,0.0,0.0,0.0,0.0,0.0,0.0,0.0,0.0,0.0,0.0,0.0,0.0,0.0,0.0,0.0,0.0,0.0,0.0,0.0,0.0,0.0,0.0,0.0,0.0,0.0,0.0,0.0,0.0,0.0,0.0,0.0,0.0,0.0,0.0,0.0,0.0,0.0,0.0,0.0,0.0,0.0,0.0,0.0,0.0,0.0,0.0,0.0,0.0,0.0,0.0,0.0,0.0,0.0,0.0,0.0,0.0,0.0,0.0,0.0,0.0,0.0,0.0,0.0,0.0,0.0,0.0,0.0,0.0,0.0,0.0,0.0,0.0,0.0,0.0,0.0,0.0,0.0,0.0,0.0
914,0.0,0.0,0.0,0.0,0.0,0.0,0.0,0.0,0.0,0.0,0.0,0.0,0.0,0.0,0.0,0.0,0.0,0.0,0.0,0.0,0.0,0.0,0.0,0.0,0.0,0.0,0.0,0.0,0.0,0.0,0.0,0.0,0.0,0.0,0.0,0.0,0.0,0.0,0.0,0.0,0.0,0.0,0.0,0.0,0.0,0.0,0.0,0.0,0.0,0.0,0.0,0.0,0.0,0.0,0.0,0.0,0.0,0.0,0.0,0.0,0.0,0.0,0.0,0.0,0.0,0.0,0.0,0.0,0.0,0.0,0.0,0.0,0.0,0.0,0.0,0.0,0.0,0.0,0.0,0.0,0.0,0.0,0.0,0.0,0.0,0.0,0.0,0.0,0.0,0.0,0.0,0.0,0.0,0.0,0.0,0.0,0.0,0.0,0.0,0.0,0.0,0.0,0.0,0.0,0.0,0.0,0.0,0.0
915,0.0,0.0,0.0,0.0,0.0,0.0,0.0,0.0,0.0,0.0,0.0,0.0,0.0,0.0,0.0,0.0,0.0,0.0,0.0,0.0,0.0,0.0,0.0,0.0,0.0,0.0,0.0,0.0,0.0,0.0,0.0,0.0,0.0,0.0,0.0,0.0,0.0,0.0,0.0,0.0,0.0,0.0,0.0,0.0,0.0,0.0,0.0,0.0,0.0,0.0,0.0,0.0,0.0,0.0,0.0,0.0,0.0,0.0,0.0,0.0,0.0,0.0,0.0,0.0,0.0,0.0,0.0,0.0,0.0,0.0,0.0,0.0,0.0,0.0,0.0,0.0,0.0,0.0,0.0,0.0,0.0,0.0,0.0,0.0,0.0,0.0,0.0,0.0,0.0,0.0,0.0,0.0,0.0,0.0,0.0,0.0,0.0,0.0,0.0,0.0,0.0,0.0,0.0,0.0,0.0,0.0,0.0,0.0
916,0.0,0.0,0.0,0.0,0.0,0.0,0.0,0.0,0.0,0.0,0.0,0.0,0.0,0.0,0.0,0.0,0.0,0.0,0.0,0.0,0.0,0.0,0.0,0.0,0.0,0.0,0.0,0.0,0.0,0.0,0.0,0.0,0.0,0.0,0.0,0.0,0.0,0.0,0.0,0.0,0.0,0.0,0.0,0.0,0.0,0.0,0.0,0.0,0.0,0.0,0.0,0.0,0.0,0.0,0.0,0.0,0.0,0.0,0.0,0.0,0.0,0.0,0.0,0.0,0.0,0.0,0.0,0.0,0.0,0.0,0.0,0.0,0.0,0.0,0.0,0.0,0.0,0.0,0.0,0.0,0.0,0.0,0.0,0.0,0.0,0.0,0.0,0.0,0.0,0.0,0.0,0.0,0.0,0.0,0.0,0.0,0.0,0.0,0.0,0.0,0.0,0.0,0.0,0.0,0.0,0.0,0.0,0.0
917,0.0,0.0,0.0,0.0,0.0,0.0,0.0,0.0,0.0,0.0,0.0,0.0,0.0,0.0,0.0,0.0,0.0,0.0,0.0,0.0,0.0,0.0,0.0,0.0,0.0,0.0,0.0,0.0,0.0,0.0,0.0,0.0,0.0,0.0,0.0,0.0,0.0,0.0,0.0,0.0,0.0,0.0,0.0,0.0,0.0,0.0,0.0,0.0,0.0,0.0,0.0,0.0,0.0,0.0,0.0,0.0,0.0,0.0,0.0,0.0,0.0,0.0,0.0,0.0,0.0,0.0,0.0,0.0,0.0,0.0,0.0,0.0,0.0,0.0,0.0,0.0,0.0,0.0,0.0,0.0,0.0,0.0,0.0,0.0,0.0,0.0,0.0,0.0,0.0,0.0,0.0,0.0,0.0,0.0,0.0,0.0,0.0,0.0,0.0,0.0,0.0,0.0,0.0,0.0,0.0,0.0,0.0,0.0
918,0.0,0.0,0.0,0.0,0.0,0.0,0.0,0.0,0.0,0.4226837158203125,0.0,0.0,0.0,0.0,0.0,0.0,0.0,0.0,0.0,0.0,0.0,0.0,0.0,0.0,0.0,0.0,0.0,0.0,0.0,0.0,0.0,0.0,0.0,0.0,0.0,0.0,0.0,0.0,0.0,0.0,0.0,0.0,0.0,0.0,0.0,0.0,0.0,0.0,0.0,0.0,0.0,0.0,0.0,0.0,0.0,0.0,0.0,0.0,0.0,0.0,0.0,0.0,0.0,0.0,0.0,0.0,0.0,0.0,0.0,0.0,0.0,0.0,0.0,0.0,0.0,0.0,0.0,0.0,0.0,0.0,0.0,0.0,0.0,0.0,0.0,0.0,0.0,0.0,0.0,0.0,0.0,0.0,0.0,0.0,0.0,0.0,0.0,0.0,0.0,1.0869560241699219,0.0,0.0,0.0,0.0,0.0,0.0,0.0,0.0
919,0.0,0.0,0.0,0.0,0.0,0.0,0.0,0.0,0.0,0.4226837158203125,0.0,0.0,0.0,0.0,0.0,0.0,0.0,0.0,0.0,0.0,0.0,0.0,0.0,0.0,0.0,0.0,0.0,0.0,0.0,0.0,0.0,0.0,0.0,0.0,0.0,0.0,0.0,0.0,0.0,0.0,0.0,0.0,0.0,0.0,0.0,0.0,0.0,0.0,0.0,0.0,0.0,0.0,0.0,0.0,0.0,0.0,0.0,0.0,0.0,0.0,0.0,0.0,0.0,0.0,0.0,0.0,0.0,0.0,0.0,0.0,0.0,0.0,0.0,0.0,0.0,0.0,0.0,0.0,0.0,0.0,0.0,0.0,0.0,0.0,0.0,0.0,0.0,0.0,0.0,0.0,0.0,0.0,0.0,0.0,0.0,0.0,0.0,0.0,0.0,1.0869560241699219,0.0,0.0,0.0,0.0,0.0,0.0,0.0,0.0
920,0.0,0.0,0.0,0.0,0.0,0.0,0.0,0.0,0.0,0.4226837158203125,0.0,0.0,0.0,0.0,0.0,0.0,0.0,0.0,0.0,0.0,0.0,0.0,0.0,0.0,0.0,0.0,0.0,0.0,0.0,0.0,0.0,0.0,0.0,0.0,0.0,0.0,0.0,0.0,0.09744644165039062,0.23053359985351562,0.0,0.0,0.0,0.0,0.0,0.0,0.0,0.0,0.0,0.0,0.0,0.0,0.0,0.0,0.0,0.0,0.0,0.0,0.0,0.0,0.0,0.0,0.0,0.0,0.0,0.0,0.0,0.0,0.0,0.0,0.0,0.0,0.0,0.0,0.0,0.0,0.0,0.0,0.0,0.0,0.0,0.0,0.0,0.0,0.0,0.0,0.0,0.0,0.0,0.0,0.0,0.0,0.0,0.0,0.0,0.0,0.0,0.0,0.0,1.0869560241699219,0.0,0.0,0.0,0.0,0.0,0.0,0.0,0.0
921,0.0,0.0,0.0,0.0,0.0,0.0,0.0,0.0,0.0,0.4226837158203125,0.0,0.0,0.0,0.0,0.0,0.0,0.0,0.0,0.0,0.0,0.0,0.0,0.0,0.0,0.0,0.0,0.0,0.0,0.0,0.0,0.0,0.0,0.0,0.0,0.0,0.0,0.0,0.0,0.09744644165039062,0.23053359985351562,0.0,0.0,0.0,0.0,0.0,0.0,0.0,0.0,0.0,0.0,0.0,0.0,0.0,0.0,0.0,0.0,0.0,0.0,0.0,0.0,0.0,0.0,0.0,0.0,0.0,0.0,0.0,0.0,0.0,0.0,0.0,0.0,0.0,0.0,0.0,0.0,0.0,0.0,0.0,0.0,0.0,0.0,0.0,0.0,0.0,0.0,0.0,0.0,0.0,0.0,0.0,0.0,0.0,0.0,0.0,0.0,0.0,0.0,0.0,1.0869560241699219,0.0,0.0,0.0,0.0,0.0,0.0,0.0,0.0
922,0.0,0.0,0.0,0.0,0.0,0.0,0.0,0.0,0.0,1.6041088104248047,0.0,0.0,0.0,0.0,0.0,0.0,0.0,0.0,0.0,0.0,0.0,0.0,0.0,0.0,0.0,0.0,0.0,0.0,0.0,0.0,0.0,0.0,0.0,0.0,0.9731407165527344,0.0,0.0,0.0,0.09744644165039062,0.23053359985351562,0.0,0.0,0.0,0.0,0.0,0.0,0.28281593322753906,0.0,0.0,0.0,0.0,0.0,0.0,0.0,0.0,0.0,0.0,0.0,0.0,0.0,0.0,0.0,0.0,0.0,0.0,0.0,0.0,0.0,0.0,0.0,0.0,0.0,0.0,0.0,0.0,0.0,0.0,0.0,0.0,0.0,0.0,0.0,0.0,0.5858783721923828,0.0,0.0,0.0,0.0,0.0,0.0,0.0,0.0,0.0,0.0,0.0,0.0,0.0,0.0,0.0,,0.0,0.0,0.0,0.0,0.0,0.0,0.0,0.0
923,0.0,0.0,1.172149658203125,0.10943412780761719,0.0,0.0,0.0,0.0,0.12630462646484375,1.6041088104248047,0.1520366668701172,0.0,0.0,0.0,0.0,0.0,0.0,0.0,0.0,0.0,0.0,0.0,0.0,0.0,0.26631736755371094,0.0,0.000156402587890625,0.0,0.0,0.0,0.6989212036132812,0.0,0.0,0.164947509765625,0.9731407165527344,0.0,0.9353065490722656,0.0,0.09744644165039062,0.23053359985351562,0.0,0.0,0.0,0.0,0.0,0.0,0.9063968658447266,0.0,0.0,0.0,0.0,0.0,0.425201416015625,0.0,0.0,0.0,0.8777503967285156,0.47928619384765625,0.0,0.0,0.007354736328125,0.0,0.0,0.0,0.0,0.5870876312255859,0.0,1.586639404296875,0.0,0.0,0.5795669555664062,1.0688762664794922,0.0,0.0,0.0,0.0,0.0,0.11270904541015625,0.0,0.0,0.26631736755371094,0.0,0.015727996826171875,0.5858783721923828,1.2008628845214844,0.0,1.0530929565429688,0.0,0.19134902954101562,0.0,0.2870941162109375,0.0,0.0,0.0,0.18994712829589844,0.04472160339355469,0.0,0.0,0.07279014587402344,,0.0,0.0,3.217029571533203,0.0,0.0,0.0,0.0,0.7008609771728516
924,0.0,0.0,5.828327178955078,0.10943412780761719,0.09545135498046875,0.0,0.0,0.0,0.12630462646484375,1.6041088104248047,0.1520366668701172,0.0,0.0,0.0,0.0,0.0,3.726123809814453,0.0,0.0,0.0,0.0,1.0289726257324219,0.0,0.0,,0.425201416015625,0.000156402587890625,0.0,0.0,0.0,4.188507080078125,0.0,0.0,0.164947509765625,0.9731407165527344,0.0,0.9353065490722656,0.0,0.09744644165039062,0.23053359985351562,0.0,,0.0,0.0,0.0,0.0,0.9063968658447266,0.0,0.47856903076171875,0.0,0.0,0.0,0.425201416015625,0.0,0.0,0.0,0.8777503967285156,0.47928619384765625,0.0,0.053127288818359375,0.007354736328125,0.0,0.0,0.0,0.0,0.5870876312255859,0.0,1.586639404296875,0.0,0.0,0.5795669555664062,1.0688762664794922,0.0,0.0,0.0,0.4920997619628906,0.0,0.11270904541015625,0.0,0.0,0.26631736755371094,0.0,0.015727996826171875,0.7144889831542969,1.2008628845214844,0.0,1.0530929565429688,0.0,0.19134902954101562,0.0,0.2870941162109375,0.0,0.5864830017089844,0.11270904541015625,0.18994712829589844,0.04472160339355469,0.015727996826171875,0.0,0.07279014587402344,,0.0,0.0,3.197998046875,0.0,0.09545135498046875,0.0,0.0,0.7008609771728516
925,1.0871925354003906,,5.828327178955078,1.8767814636230469,0.3198394775390625,2.501424789428711,0.47928619384765625,0.8146343231201172,1.1214637756347656,1.6041088104248047,3.355253219604492,1.3618049621582031,2.0086097717285156,1.0095024108886719,0.8180828094482422,1.0095024108886719,3.726123809814453,1.3618049621582031,0.9973049163818359,1.4404525756835938,2.086597442626953,,0.6941452026367188,0.355194091796875,,1.2008628845214844,1.3474502563476562,0.7649497985839844,0.5858783721923828,0.6989212036132812,4.188507080078125,1.8969459533691406,2.521726608276367,1.4404525756835938,2.1685543060302734,0.6989212036132812,1.8938426971435547,2.124025344848633,1.6058368682861328,0.23053359985351562,1.3536434173583984,,0.1520366668701172,0.6044254302978516,0.7016773223876953,0.7002983093261719,0.9063968658447266,0.6044254302978516,1.3741416931152344,1.3003196716308594,2.846994400024414,0.19787025451660156,4.279552459716797,0.7004013061523438,1.1108436584472656,1.6961097717285156,0.8777503967285156,2.2684783935546875,1.3003196716308594,0.8483123779296875,1.1680965423583984,0.8334121704101562,0.37868499755859375,1.1197242736816406,0.7118167877197266,0.7016773223876953,0.7465095520019531,1.586639404296875,1.6961097717285156,1.5987663269042969,0.5795669555664062,1.7154121398925781,1.087423324584961,1.1042137145996094,4.963506698608398,1.501424789428711,0.6044254302978516,1.3003196716308594,1.5987663269042969,0.5870876312255859,1.99737548828125,1.1057014465332031,1.0678157806396484,4.0134124755859375,1.2008628845214844,0.9498939514160156,1.6618881225585938,1.8665351867675781,1.211130142211914,1.3861579895019531,1.9804840087890625,1.5993156433105469,1.3741416931152344,1.0871925354003906,2.057453155517578,1.3650894165039062,0.20038986206054688,0.4033164978027344,0.07279014587402344,,0.9050045013427734,2.897184371948242,3.197998046875,0.9336261749267578,0.09545135498046875,1.1108436584472656,2.9898757934570312,0.7008609771728516
926,4.423053741455078,,5.828327178955078,4.296394348144531,3.187030792236328,4.603931427001953,4.061145782470703,6.06365966796875,1.1214637756347656,2.531951904296875,3.355253219604492,3.018198013305664,2.0086097717285156,2.501424789428711,1.748952865600586,2.884479522705078,5.976921081542969,7.492511749267578,3.627817153930664,,4.296394348144531,,7.20838737487793,2.2684783935546875,,4.061145782470703,3.8485565185546875,2.6836071014404297,,3.548755645751953,4.188507080078125,6.569978713989258,,5.391359329223633,5.109582901000977,2.583742141723633,1.8938426971435547,6.658700942993164,1.6058368682861328,2.593790054321289,2.579618453979492,,4.786685943603516,3.88037109375,4.963506698608398,3.726123809814453,5.217094421386719,3.88037109375,3.6976966857910156,5.391359329223633,2.557872772216797,4.781623840332031,5.260185241699219,,4.670635223388672,3.857889175415039,5.976921081542969,2.2684783935546875,5.615007400512695,2.884479522705078,4.591388702392578,4.408336639404297,3.811023712158203,2.884479522705078,3.433795928955078,3.811023712158203,4.603931427001953,5.253814697265625,4.996944427490234,4.603931427001953,3.5444774627685547,6.9950714111328125,6.533817291259766,4.603931427001953,4.963506698608398,2.9975662231445312,4.803030014038086,5.461639404296875,4.188507080078125,2.5241622924804688,2.5241622924804688,,5.615007400512695,5.108030319213867,4.591388702392578,4.996944427490234,2.787595748901367,6.9950714111328125,6.219297409057617,3.355253219604492,6.1202239990234375,7.242977142333984,4.018474578857422,,3.627817153930664,2.8321666717529297,3.88037109375,,2.124025344848633,,2.9975662231445312,2.897184371948242,3.197998046875,3.197998046875,3.197998046875,6.658700942993164,4.296394348144531,4.052967071533203
927,7.505054473876953,,,7.014717102050781,,4.603931427001953,,6.06365966796875,4.046825408935547,7.242977142333984,,,5.497829437255859,,5.95472526550293,6.505573272705078,,7.492511749267578,6.4497528076171875,,,,7.20838737487793,,,,3.8485565185546875,,,3.548755645751953,,6.569978713989258,,6.595373153686523,5.109582901000977,5.95472526550293,,,,,,,,,,,,3.88037109375,5.308271408081055,,,4.781623840332031,,,7.580930709838867,,5.976921081542969,,7.242977142333984,6.072059631347656,4.591388702392578,7.014717102050781,6.557195663452148,2.884479522705078,,7.014717102050781,,,6.591093063354492,7.970306396484375,3.5444774627685547,6.9950714111328125,6.533817291259766,,6.557195663452148,,,,4.188507080078125,,,,5.615007400512695,,4.591388702392578,,,6.9950714111328125,6.219297409057617,3.355253219604492,6.1202239990234375,7.242977142333984,,,,2.8321666717529297,,,5.064277648925781,,5.131542205810547,,7.826333999633789,,6.1202239990234375,,,
928,,,,,,4.603931427001953,,,4.046825408935547,,,,,,,8.613609313964844,,,,,,,,,,,,,,,,,,,,,,,,,,,,,,,,,,,,,,,,,,,,,,,,,,7.014717102050781,,,,,,,,,,,,,,,,,,,,,,,,,,,,,,,,,,,,,,,,,,
929,,,,,,4.603931427001953,,,4.046825408935547,,,,,,,,,,,,,,,,,,,,,,,,,,,,,,,,,,,,,,,,,,,,,,,,,,,,,,,,,7.014717102050781,,,,,,,,,,,,,,,,,,,,,,,,,,,,,,,,,,,,,,,,,,
930,,,,,,,,,4.046825408935547,,,,,,,,,,,,,,,,,,,,,,,,,,,,,,,,,,,,,,,,,,,,,,,,,,,,,,,,,7.014717102050781,,,,,,,,,,,,,,,,,,,,,,,,,,,,,,,,,,,,,,,,,,
931,,,,,,,,,4.046825408935547,,,,,,,,,,,,,,,,,,,,,,,,,,,,,,,,,,,,,,,,,,,,,,,,,,,,,,,,,7.014717102050781,,,,,,,,,,,,,,,,,,,,,,,,,,,,,,,,,,,,,,,,,,
932,,,,,,,,,4.046825408935547,,,,,,,,,,,,,,,,,,,,,,,,,,,,,,,,,,,,,,,,,,,,,,,,,,,,,,,,,7.014717102050781,,,,,,,,,,,,,,,,,,,,,,,,,,,,,,,,,,,,,,,,,,
933,,,,,,,,,4.046825408935547,,,,,,,,,,,,,,,,,,,,,,,,,,,,,,,,,,,,,,,,,,,,,,,,,,,,,,,,,7.014717102050781,,,,,,,,,,,,,,,,,,,,,,,,,,,,,,,,,,,,,,,,,,
934,,,,,,,,,4.046825408935547,,,,,,,,,,,,,,,,,,,,,,,,,,,,,,,,,,,,,,,,,,,,,,,,,,,,,,,,,7.014717102050781,,,,,,,,,,,,,,,,,,,,,,,,,,,,,,,,,,,,,,,,,,
935,,,,,,,,,4.046825408935547,,,,,,,,,,,,,,,,,,,,,,,,,,,,,,,,,,,,,,,,,,,,,,,,,,,,,,,,,7.014717102050781,,,,,,,,,,,,,,,,,,,,,,,,,,,,,,,,,,,,,,,,,,
936,,,,,,,,,4.046825408935547,,,,,,,,,,,,,,,,,,,,,,,,,,,,,,,,,,,,,,,,,,,,,,,,,,,,,,,,,7.014717102050781,,,,,,,,,,,,,,,,,,,,,,,,,,,,,,,,,,,,,,,,,,
937,,,,,,,,,4.046825408935547,,,,,,,,,,,,,,,,,,,,,,,,,,,,,,,,,,,,,,,,,,,,,,,,,,,,,,,,,7.014717102050781,,,,,,,,,,,,,,,,,,,,,,,,,,,,,,,,,,,,,,,,,,
938,,,,,,,,,4.046825408935547,,,,,,,,,,,,,,,,,,,,,,,,,,,,,,,,,,,,,,,,,,,,,,,,,,,,,,,,,7.014717102050781,,,,,,,,,,,,,,,,,,,,,,,,,,,,,,,,,,,,,,,,,,
939,,,,,,,,,4.046825408935547,,,,,,,,,,,,,,,,,,,,,,,,,,,,,,,,,,,,,,,,,,,,,,,,,,,,,,,,,7.014717102050781,,,,,,,,,,,,,,,,,,,,,,,,,,,,,,,,,,,,,,,,,,
940,,,,,,,,,4.046825408935547,,,,,,,,,,,,,,,,,,,,,,,,,,,,,,,,,,,,,,,,,,,,,,,,,,,,,,,,,7.014717102050781,,,,,,,,,,,,,,,,,,,,,,,,,,,,,,,,,,,,,,,,,,
941,,,,,,,,,4.046825408935547,,,,,,,,,,,,,,,,,,,,,,,,,,,,,,,,,,,,,,,,,,,,,,,,,,,,,,,,,7.014717102050781,,,,,,,,,,,,,,,,,,,,,,,,,,,,,,,,,,,,,,,,,,
942,,,,,,,,,4.046825408935547,,,,,,,,,,,,,,,,,,,,,,,,,,,,,,,,,,,,,,,,,,,,,,,,,,,,,,,,,7.014717102050781,,,,,,,,,,,,,,,,,,,,,,,,,,,,,,,,,,,,,,,,,,
943,,,,,,,,,4.046825408935547,,,,,,,,,,,,,,,,,,,,,,,,,,,,,,,,,,,,,,,,,,,,,,,,,,,,,,,,,7.014717102050781,,,,,,,,,,,,,,,,,,,,,,,,,,,,,,,,,,,,,,,,,,
944,,,,,,,,,4.046825408935547,,,,,,,,,,,,,,,,,,,,,,,,,,,,,,,,,,,,,,,,,,,,,,,,,,,,,,,,,6.9950714111328125,,,,,,,,,,,,,,,,,,,,,,,,,,,,,,,,,,,,,,,,,,
945,,,,,,,,,4.046825408935547,,,,,,,,,,,,,,,,,,,,,,,,,,,,,,,,,,,,,,,,,,,,,,,,,,,,,,,,,6.9950714111328125,,,,,,,,,,,,,,,,,,,,,,,,,,,,,,,,,,,,,,,,,,
946,,,,,,,,,4.046825408935547,,,,,,,,,,,,,,,,,,,,,,,,,,,,,,,,,,,,,,,,,,,,,,,,,,,,,,,,,6.9950714111328125,,,,,,,,,,,,,,,,,,,,,,,,,,,,,,,,,,,,,,,,,,
947,,,,,,,,,4.046825408935547,,,,,,,,,,,,,,,,,,,,,,,,,,,,,,,,,,,,,,,,,,,,,,,,,,,,,,,,,7.014717102050781,,,,,,,,,,,,,,,,,,,,,,,,,,,,,,,,,,,,,,,,,,
948,,,,,,,,,4.046825408935547,,,,,,,,,,,,,,,,0.0,,,,,,,,,,,,,,,,,,,,,,,,,,,,,,,,,,,,,,,,,7.014717102050781,,,,,,,,,,,,,,,,,,,,,,,,,,,,,,,,,,,,,,,,,,
949,,,,,,,,,4.046825408935547,,,,,,,,,,,,,,,,0.0,,,,,,,,,,,,,,,,,,,,,,,,,,,,,,,,,,,,,,,,,7.014717102050781,,,,,,,,,,,,,,,,,,,,,,,,,,,,,,,,,,,,,,,,,,
950,,,,,,,,,4.046825408935547,,,,,,,,,,,,,,,,0.0,,,,,,,,,,,,,,,,,,,,,,,,,,,,,,,,,,,,,,,,,,,,,,,,,,,,,,,,,,,,,,,,,,,,,,,,,,,,,,,,,,,
951,,,,,,,,,4.046825408935547,,,,,,,,,,,,,,,,0.0,,,,,,,,,,,,,,,,,,,,,,,,,,,,,,,,,,,,,,,,,,,,,,,,,,,,,,,,,,,,,,,,,,,,,,,,,,,,,,,,,,,
952,,,,,,,,,4.046825408935547,,,,,,,,,,,,,,,,0.0,,,,,,,,,,,,,,,,,,,,,,,,,,,,,,,,,,,,,,,,,,,,,,,,,,,,,,,,,,,,,,,,,,,,,,,,,,,,,,,,,,,
953,,,,,,,,,0.2793102264404297,,,,,,,,,,,,,,,,0.0,,,,,,,,,,,,,,,,,,,,,,,,,,,,,,,,,,,,,,,,,,,,,,,,,,,,,,,,,,,,,,,,,,,,,,,,,,,,,,,,,,,
954,,,,,,,,,0.2793102264404297,,,,,,,,,,,,0.5751953125,,,,0.0,,,,,,,,,,,,,,,,,,,,,,,,,,,,,,,,,,,,,,,,,,,,,,,,,,,,,,,,,,,,,,,,,,,,,,,,,,,,,,,,,,,
955,,,,,,,,,0.2793102264404297,1.1434898376464844,,,,,,,,,,,0.5751953125,,,,0.0,,,,,,,,,,,,,,,,,,,,,,,,,,,,,,,,,,,,,,,,,,,1.286977767944336,,,,,,,,,,,,,,,,,,,,,,,,,,,,,,1.8275432586669922,,,,,,,,,,
956,,,,,,0.14238357543945312,0.13564109802246094,0.4498252868652344,0.0,0.0,0.7888240814208984,0.9893264770507812,1.0,,,0.9026603698730469,1.9524917602539062,0.7246513366699219,,0.5038833618164062,0.0,,,,0.0,0.7246513366699219,,,,,0.0507965087890625,0.6932621002197266,,,0.0,,0.6932621002197266,0.16718292236328125,0.6420612335205078,,0.6932621002197266,0.43261146545410156,0.7557334899902344,,,0.6292610168457031,,,,0.2335186004638672,0.3136787414550781,,,0.9255256652832031,,0.45963096618652344,,0.4670372009277344,,0.45963096618652344,,,,0.0,0.29097747802734375,,,0.0,,0.0,0.2335186004638672,0.0,0.3952751159667969,,,,0.2335186004638672,,0.5038833618164062,0.902313232421875,,,,,1.0,,0.4670372009277344,0.04639244079589844,,,,2.879230499267578,,,,,0.42810821533203125,0.6110916137695312,0.6804618835449219,1.9524917602539062,0.7381477355957031,,0.0,,0.9495372772216797,,,
957,0.0,0.10465812683105469,0.0,,0.0,0.0,0.13564109802246094,0.0,0.0,0.0,0.0,0.0,0.0,,0.0,0.0,0.0,0.0,0.0,0.5038833618164062,0.0,0.0,,,0.0,0.0,0.0,0.23158645629882812,,,0.0,0.0,0.0,,0.0,,0.0,0.0,0.0,,0.0,0.17364501953125,0.0,0.0,,0.0,0.28584861755371094,0.0,,0.0,0.0,0.0,0.0,0.0,,0.0,,0.0,,0.0,0.0,,,0.0,0.0,0.0,0.0,0.0,0.0,0.0,0.0,0.0,0.2827949523925781,0.0,0.0,0.0,0.0,0.0,0.5038833618164062,0.902313232421875,,0.0,0.0,0.0,0.0,0.0,0.0,0.0,0.0,0.0,0.0,0.17364501953125,0.0,0.0,0.0,,0.42810821533203125,0.0,0.0,0.28330421447753906,0.0,0.0,0.0,,0.0,,0.0,
958,0.0,0.0,0.0,0.0,0.0,0.0,0.0,0.0,0.0,0.0,0.0,0.0,0.0,0.0,0.0,0.0,0.0,0.0,0.0,0.0,0.0,0.0,0.0,,0.0,0.0,0.0,0.0,0.0,0.0,0.0,0.0,0.0,0.0,0.0,0.0,0.0,0.0,0.0,0.0,0.0,0.0,0.0,0.0,0.0,0.0,0.0,0.0,0.0,0.0,0.0,0.0,0.0,0.0,0.0,0.0,0.0,0.0,0.0,0.0,0.0,,0.0,0.0,0.0,0.0,0.0,0.0,0.0,0.0,0.0,0.0,0.0,0.0,0.0,0.0,0.0,0.0,0.0,0.0,0.0,0.0,0.0,0.0,0.0,0.0,0.0,0.0,0.0,0.0,0.0,0.0,0.0,0.0,0.0,0.0,0.0,0.0,0.0,0.0,0.0,0.0,0.0,0.0,0.0,0.0,0.0,
959,0.0,0.0,0.0,0.0,0.0,0.0,0.0,0.0,0.0,0.0,0.0,0.0,0.0,0.0,0.0,0.0,0.0,0.0,0.0,0.0,0.0,0.0,0.0,,0.0,0.0,0.0,0.0,0.0,0.0,0.0,0.0,0.0,0.0,0.0,0.0,0.0,0.0,0.0,0.0,0.0,0.0,0.0,0.0,0.0,0.0,0.0,0.0,0.0,0.0,0.0,0.0,0.0,0.0,0.0,0.0,0.0,0.0,0.0,0.0,0.0,,0.0,0.0,0.0,0.0,0.0,0.0,0.0,0.0,0.0,0.0,0.0,0.0,0.0,0.0,0.0,0.0,0.0,0.0,0.0,0.0,0.0,0.0,0.0,0.0,0.0,0.0,0.0,0.0,0.0,0.0,0.0,0.0,0.0,0.0,0.0,0.0,0.0,0.0,0.0,0.0,0.0,0.0,0.0,0.0,0.0,
960,0.0,0.0,0.0,0.0,0.0,0.0,0.0,0.0,0.0,0.0,0.0,0.0,0.0,0.0,0.0,0.0,0.0,0.0,0.0,0.0,0.0,0.0,0.0,,,0.0,0.0,0.0,0.0,0.0,0.0,0.0,0.0,0.0,0.0,0.0,0.0,0.0,0.0,0.0,0.0,0.0,0.0,0.0,0.0,0.0,0.0,0.0,0.0,0.0,0.0,0.0,0.0,0.0,0.0,0.0,0.0,0.0,0.0,0.0,0.0,,0.0,0.0,0.0,0.0,0.0,0.0,0.0,0.0,0.0,0.0,0.0,0.0,0.0,0.0,0.0,0.0,0.0,0.0,0.0,0.0,0.0,0.0,0.0,0.0,0.0,0.0,0.0,0.0,0.0,0.0,0.0,0.0,0.0,0.0,0.0,0.0,0.0,0.0,0.0,0.0,0.0,0.0,0.0,0.0,0.0,
961,0.0,0.0,0.0,0.0,0.0,0.0,0.0,0.0,0.0,0.0,0.0,0.0,0.0,0.0,0.0,0.0,0.0,0.0,0.0,0.0,0.0,0.0,0.0,,,0.0,0.0,0.0,0.0,0.0,0.0,0.0,0.0,0.0,0.0,0.0,0.0,0.0,0.0,0.0,0.0,0.0,0.0,0.0,0.0,0.0,0.0,0.0,0.0,0.0,0.0,0.0,0.0,0.0,0.0,0.0,0.0,0.0,0.0,0.0,0.0,,0.0,0.0,0.0,0.0,0.0,0.0,0.0,0.0,0.0,0.0,0.0,0.0,0.0,0.0,0.0,0.0,0.0,0.0,0.0,0.0,0.0,0.0,0.0,0.0,0.0,0.0,0.0,0.0,0.0,0.0,0.0,0.0,0.0,0.0,0.0,0.0,0.0,0.0,0.0,0.0,0.0,0.0,0.0,0.0,0.0,
962,0.0,0.0,0.0,0.0,0.0,0.0,0.0,0.0,0.0,0.0,0.0,0.0,0.0,0.0,0.0,0.0,0.0,0.0,0.0,0.0,0.0,0.0,0.0,,,0.0,0.0,0.0,0.0,0.0,0.0,0.0,0.0,0.0,0.0,0.0,0.0,0.0,0.0,0.0,0.0,0.0,0.0,0.0,0.0,0.0,0.0,0.0,0.0,0.0,0.0,0.0,0.0,0.0,0.0,0.0,0.0,0.0,0.0,0.0,0.0,,0.0,0.0,0.0,0.0,0.0,0.0,0.0,0.0,0.0,0.0,0.0,0.0,0.0,0.0,0.0,0.0,0.0,0.0,0.0,0.0,0.0,0.0,0.0,0.0,0.0,0.0,0.0,0.0,0.0,0.0,0.0,0.0,0.0,0.0,0.0,0.0,0.0,0.0,0.0,0.0,0.0,0.0,0.0,0.0,0.0,
963,0.0,0.0,0.0,0.0,0.0,0.0,0.0,0.0,0.0,0.0,0.0,0.0,0.0,0.0,0.0,0.0,0.0,0.0,0.0,0.0,0.0,0.0,0.0,,,0.0,0.0,0.0,0.0,0.0,0.0,0.0,0.0,0.0,0.0,0.0,0.0,0.0,0.0,0.0,0.0,0.0,0.0,0.0,0.0,0.0,0.0,0.0,0.0,0.0,0.0,0.0,0.0,0.0,0.0,0.0,0.0,0.0,0.0,0.0,0.0,,0.0,0.0,0.0,0.0,0.0,0.0,0.0,0.0,0.0,0.0,0.0,0.0,0.0,0.0,0.0,0.0,0.0,0.0,0.0,0.0,0.0,0.0,0.0,0.0,0.0,0.0,0.0,0.0,0.0,0.0,0.0,0.0,0.0,0.0,0.0,0.0,0.0,0.0,0.0,0.0,0.0,0.0,0.0,0.0,0.0,
964,0.0,0.0,0.0,0.0,0.0,0.0,0.0,0.0,0.0,0.0,0.0,0.0,0.0,0.0,0.0,0.0,0.0,0.0,0.0,0.0,0.0,0.0,0.0,,,0.0,0.0,0.0,0.0,0.0,0.0,0.0,0.0,0.0,0.0,0.0,0.0,0.0,0.0,0.0,0.0,0.0,0.0,0.0,0.0,0.0,0.0,0.0,0.0,0.0,0.0,0.0,0.0,0.0,0.0,0.0,0.0,0.0,0.0,0.0,0.0,,0.0,0.0,0.0,0.0,0.0,0.0,0.0,0.0,0.0,0.0,0.0,0.0,0.0,0.0,0.0,0.0,0.0,0.0,0.0,0.0,0.0,0.0,0.0,0.0,0.0,0.0,0.0,0.0,0.0,0.0,0.0,0.0,0.0,0.0,0.0,0.0,0.0,0.0,0.0,0.0,0.0,0.0,0.0,0.0,0.0,
965,0.0,0.0,0.0,0.0,0.0,0.0,0.0,0.0,0.0,0.0,0.0,0.0,0.0,0.0,0.0,0.0,0.0,0.0,0.0,0.0,0.0,0.0,0.0,,,0.0,0.0,0.0,0.0,0.0,0.0,0.0,0.0,0.0,0.0,0.0,0.0,0.0,0.0,0.0,0.0,0.0,0.0,0.0,0.0,0.0,0.0,0.0,0.0,0.0,0.0,0.0,0.0,0.0,0.0,0.0,0.0,0.0,0.0,0.0,0.0,,0.0,0.0,0.0,0.0,0.0,0.0,0.0,0.0,0.0,0.0,0.0,0.0,0.0,0.0,0.0,0.0,0.0,0.0,0.0,0.0,0.0,0.0,0.0,0.0,0.0,0.0,0.0,0.0,0.0,0.0,0.0,0.0,0.0,0.0,0.0,0.0,0.0,0.0,0.0,0.0,0.0,0.0,0.0,0.0,0.0,
966,0.0,0.0,0.0,0.0,0.0,0.0,0.0,0.0,0.0,0.0,0.0,0.0,0.0,0.0,0.0,0.0,0.0,0.0,0.0,0.0,0.0,0.0,0.0,,,0.0,0.0,0.0,0.0,0.0,0.0,0.0,0.0,0.0,0.0,0.0,0.0,0.0,0.0,0.0,0.0,0.0,0.0,0.0,0.0,0.0,0.0,0.0,0.0,0.0,0.0,0.0,0.0,0.0,0.0,0.0,0.0,0.0,0.0,0.0,0.0,,0.0,0.0,0.0,0.0,0.0,0.0,0.0,0.0,0.0,0.0,0.0,0.0,0.0,0.0,0.0,0.0,0.0,0.0,0.0,0.0,0.0,0.0,0.0,0.0,0.0,0.0,0.0,0.0,0.0,0.0,0.0,0.0,0.0,0.0,0.0,0.0,0.0,0.0,0.0,0.0,0.0,0.0,0.0,0.0,0.0,
967,0.0,0.0,0.0,0.0,0.0,0.0,0.0,0.0,0.0,0.0,0.0,0.0,0.0,0.0,0.0,0.0,0.0,0.0,0.0,0.0,0.0,0.0,0.0,,,0.0,0.0,0.0,0.0,0.0,0.0,0.0,0.0,0.0,0.0,0.0,0.0,0.0,0.0,0.0,0.0,0.0,0.0,0.0,0.0,0.0,0.0,0.0,0.0,0.0,0.0,0.0,0.0,0.0,0.0,0.0,0.0,0.0,0.0,0.0,0.0,,0.0,0.0,0.0,0.0,0.0,0.0,0.0,0.0,0.0,0.0,0.0,0.0,0.0,0.0,0.0,0.0,0.0,0.0,0.0,0.0,0.0,0.0,0.0,0.0,0.0,0.0,0.0,0.0,0.0,0.0,0.0,0.0,0.0,0.0,0.0,0.0,0.0,0.0,0.0,0.0,0.0,0.0,0.0,0.0,0.0,
968,0.0,0.0,0.0,0.0,0.0,0.0,0.0,0.0,0.0,0.0,0.0,0.0,0.0,0.0,0.0,0.0,0.0,0.0,0.0,0.0,0.0,0.0,0.0,,,0.0,0.0,0.0,0.0,0.0,0.0,0.0,0.0,0.0,0.0,0.0,0.0,0.0,0.0,0.0,0.0,0.0,0.0,0.0,0.0,0.0,0.0,0.0,0.0,0.0,0.0,0.0,0.0,0.0,0.0,0.0,0.0,0.0,0.0,0.0,0.0,,0.0,0.0,0.0,0.0,0.0,0.0,0.0,0.0,0.0,0.0,0.0,0.0,0.0,0.0,0.0,0.0,0.0,0.0,0.0,0.0,0.0,0.0,0.0,0.0,0.0,0.0,0.0,0.0,0.0,0.0,0.0,0.0,0.0,0.0,0.0,0.0,0.0,0.0,0.0,0.0,0.0,0.0,0.0,0.0,0.0,
969,0.0,0.0,0.0,0.0,0.0,0.0,0.0,0.0,0.0,0.0,0.0,0.0,0.0,0.0,0.0,0.0,0.0,0.0,0.0,0.0,0.0,0.0,0.0,,,0.0,0.0,0.0,0.0,0.0,0.0,0.0,0.0,0.0,0.0,0.0,0.0,0.0,0.0,0.0,0.0,0.0,0.0,0.0,0.0,0.0,0.0,0.0,0.0,0.0,0.0,0.0,0.0,0.0,0.0,0.0,0.0,0.0,0.0,0.0,0.0,,0.0,0.0,0.0,0.0,0.0,0.0,0.0,0.0,0.0,0.0,0.0,0.0,0.0,0.0,0.0,0.0,0.0,0.0,0.0,0.0,0.0,0.0,0.0,0.0,0.0,0.0,0.0,0.0,0.0,0.0,0.0,0.0,0.0,0.0,0.0,0.0,0.0,0.0,0.0,0.0,0.0,0.0,0.0,0.0,0.0,
970,0.0,0.0,0.0,0.0,0.0,0.0,0.0,0.0,0.0,0.0,0.0,0.0,0.0,0.0,0.0,0.0,0.0,0.0,0.0,0.0,0.0,0.0,0.0,,,0.0,0.0,0.0,0.0,0.0,0.0,0.0,0.0,0.0,0.0,0.0,0.0,0.0,0.0,0.0,0.0,0.0,0.0,0.0,0.0,0.0,0.0,0.0,0.0,0.0,0.0,0.0,0.0,0.0,0.0,0.0,0.0,0.0,0.0,0.0,0.0,,0.0,0.0,0.0,0.0,0.0,0.0,0.0,0.0,0.0,0.0,0.0,0.0,0.0,0.0,0.0,0.0,0.0,0.0,0.0,0.0,0.0,0.0,0.0,0.0,0.0,0.0,0.0,0.0,0.0,0.0,0.0,0.0,0.0,0.0,0.0,0.0,0.0,0.0,0.0,0.0,0.0,0.0,0.0,0.0,0.0,
971,0.0,0.0,0.0,0.0,0.0,0.0,0.0,0.0,0.0,0.0,0.0,0.0,0.0,0.0,0.0,0.0,0.0,0.0,0.0,0.0,0.0,0.0,0.0,,,0.0,0.0,0.0,0.0,0.0,0.0,0.0,0.0,0.0,0.0,0.0,0.0,0.0,0.0,0.0,0.0,0.0,0.0,0.0,0.0,0.0,0.0,0.0,0.0,0.0,0.0,0.0,0.0,0.0,0.0,0.0,0.0,0.0,0.0,0.0,0.0,,0.0,0.0,0.0,0.0,0.0,0.0,0.0,0.0,0.0,0.0,0.0,0.0,0.0,0.0,0.0,0.0,0.0,0.0,0.0,0.0,0.0,0.0,0.0,0.0,0.0,0.0,0.0,0.0,0.0,0.0,0.0,0.0,0.0,0.0,0.0,0.0,0.0,0.0,0.0,0.0,0.0,0.0,0.0,0.0,0.0,
972,0.0,0.0,0.0,0.0,0.0,0.0,0.0,0.0,0.0,0.0,0.0,0.0,0.0,0.0,0.0,0.0,0.0,0.0,0.0,0.0,0.0,0.0,0.0,,,0.0,0.0,0.0,0.0,0.0,0.0,0.0,0.0,0.0,0.0,0.0,0.0,0.0,0.0,0.0,0.0,0.0,0.0,0.0,0.0,0.0,0.0,0.0,0.0,0.0,0.0,0.0,0.0,0.0,0.0,0.0,0.0,0.0,0.0,0.0,0.0,,0.0,0.0,0.0,0.0,0.0,0.0,0.0,0.0,0.0,0.0,0.0,0.0,0.0,0.0,0.0,0.0,0.0,0.0,0.0,0.0,0.0,0.0,0.0,0.0,0.0,0.0,0.0,0.0,0.0,0.0,0.0,0.0,0.0,0.0,0.0,0.0,0.0,0.0,0.0,0.0,0.0,0.0,0.0,0.0,0.0,
973,0.0,0.0,0.0,0.0,0.0,0.0,0.0,0.0,0.0,0.0,0.0,0.0,0.0,0.0,0.0,0.0,0.0,0.0,0.0,0.0,0.0,0.0,0.0,,,0.0,0.0,0.0,0.0,0.0,0.0,0.0,0.0,0.0,0.0,0.0,0.0,0.0,0.0,0.0,0.0,0.0,0.0,0.0,0.0,0.0,0.0,0.0,0.0,0.0,0.0,0.0,0.0,0.0,0.0,0.0,0.0,0.0,0.0,0.0,0.0,,0.0,0.0,0.0,0.0,0.0,0.0,0.0,0.0,0.0,0.0,0.0,0.0,0.0,0.0,0.0,0.0,0.0,0.0,0.0,0.0,0.0,0.0,0.0,0.0,0.0,0.0,0.0,0.0,0.0,0.0,0.0,0.0,0.0,0.0,0.0,0.0,0.0,0.0,0.0,0.0,0.0,0.0,0.0,0.0,0.0,
974,0.0,0.0,0.0,0.0,0.0,0.0,0.0,0.0,0.0,0.0,0.0,0.0,0.0,0.0,0.0,0.0,0.0,0.0,0.0,0.0,0.0,0.0,0.0,,,0.0,0.0,0.0,0.0,0.0,0.0,0.0,0.0,0.0,0.0,0.0,0.0,0.0,0.0,0.0,0.0,0.0,0.0,0.0,0.0,0.0,0.0,0.0,0.0,0.0,0.0,0.0,0.0,0.0,0.0,0.0,0.0,0.0,0.0,0.0,0.0,,0.0,0.0,0.0,0.0,0.0,0.0,0.0,0.0,0.0,0.0,0.0,0.0,0.0,0.0,0.0,0.0,0.0,0.0,0.0,0.0,0.0,0.0,0.0,0.0,0.0,0.0,0.0,0.0,0.0,0.0,0.0,0.0,0.0,0.0,0.0,0.0,0.0,0.0,0.0,0.0,0.0,0.0,0.0,0.0,0.0,
975,0.0,0.0,0.0,0.0,0.0,0.0,0.0,0.0,0.0,0.0,0.0,0.0,0.0,0.0,0.0,0.0,0.0,0.0,0.0,0.0,0.0,0.0,0.0,,,0.0,0.0,0.0,0.0,0.0,0.0,0.0,0.0,0.0,0.0,0.0,0.0,0.0,0.0,0.0,0.0,0.0,0.0,0.0,0.0,0.0,0.0,0.0,0.0,0.0,0.0,0.0,0.0,0.0,0.0,0.0,0.0,0.0,0.0,0.0,0.0,,0.0,0.0,0.0,0.0,0.0,0.0,0.0,0.0,0.0,0.0,0.0,0.0,0.0,0.0,0.0,0.0,0.0,0.0,0.0,0.0,0.0,0.0,0.0,0.0,0.0,0.0,0.0,0.0,0.0,0.0,0.0,0.0,0.0,0.0,0.0,0.0,0.0,0.0,0.0,0.0,0.0,0.0,0.0,0.0,0.0,
976,0.0,0.0,0.0,0.0,0.0,0.0,0.0,0.0,0.0,0.0,0.0,0.0,0.0,0.0,0.0,0.0,0.0,0.0,0.0,0.0,0.0,0.0,0.0,,,0.0,0.0,0.0,0.0,0.0,0.0,0.0,0.0,0.0,0.0,0.0,0.0,0.0,0.0,0.0,0.0,0.0,0.0,0.0,0.0,0.0,0.0,0.0,0.0,0.0,2.273731231689453,0.0,0.0,0.0,0.0,0.0,0.0,0.0,0.0,0.0,0.0,,0.0,0.0,0.0,0.0,0.0,0.0,0.0,0.0,0.0,0.0,0.0,0.0,0.0,0.0,0.0,0.0,0.0,0.0,0.0,0.0,0.0,0.0,0.0,0.0,0.0,0.0,0.0,0.0,0.0,0.0,0.0,0.0,0.0,0.0,0.0,0.0,0.0,0.0,0.0,0.0,0.0,0.0,0.0,0.0,0.0,
977,0.0,0.0,0.0,0.0,0.0,0.0,0.0,0.0,2.1868133544921875,0.0,0.0,0.0,0.0,0.0,0.0,0.0,0.0,0.0,0.0,0.0,0.0,0.0,0.0,,,0.0,0.0,0.0,0.0,0.0,0.0,0.0,0.0,0.0,0.0,0.0,0.0,0.0,0.0,0.0,0.0,0.0,0.0,0.0,0.0,0.0,0.0,0.0,0.0,,2.273731231689453,0.0,0.0,0.0,0.0,0.0,0.0,0.0,0.0,0.0,0.0,,0.0,0.0,0.0,,0.0,0.0,0.0,0.0,0.0,0.0,0.0,0.0,0.0,0.0,0.0,0.0,0.0,0.0,0.0,0.0,0.0,0.0,0.0,0.0,0.0,0.0,0.0,0.0,0.0,0.0,0.0,0.0,0.0,0.0,0.0,0.0,0.0,0.0,0.0,0.0,0.0,0.0,0.0,0.0,0.0,
978,0.0,0.0,0.0,0.0,0.0,0.0,0.0,0.0,2.1868133544921875,0.0,0.0,0.0,0.0,0.0,0.0,0.0,0.84149169921875,0.0,0.0,0.0,0.0,0.0,0.0,,,0.0,0.0,0.0,0.0,0.0,,0.0,0.0,0.0,0.0,0.0,0.0,0.0,0.0,0.0,,0.0,0.0,0.0,0.3152885437011719,0.0,0.0,0.0,,,,0.0,0.0,,0.0,0.0,0.0,0.0,0.0,0.0,0.0,,0.0,0.0,0.8772468566894531,,0.0,0.0,0.0,0.0,0.0,0.0,0.0,0.0,0.0,0.0,0.0,0.0,0.0,0.0,0.0,0.0,0.0,0.0,0.0,0.0,0.0,0.0,0.0,0.0,1.9484977722167969,0.0,0.0,0.0,0.0,0.0,0.0,0.0,0.0,0.0,0.0,0.0,0.0,0.0,0.0,0.0,0.0,
979,0.0,0.0,0.47249794006347656,0.0,0.0,0.0,0.0,0.0,,0.0,0.0,0.0,,0.0,0.0,,0.84149169921875,0.0,0.0,0.0,0.0,0.0,0.0,,,0.0,,0.0,,0.0,,0.84149169921875,0.0,0.0,0.0,0.0,0.9514179229736328,0.0,0.0,,,0.0,,0.0,0.3152885437011719,1.8994293212890625,0.47249794006347656,,,,,0.0,0.0,,0.0,0.0,0.0,,,1.6707763671875,,,0.0,1.0024948120117188,0.8772468566894531,,0.0,0.0,0.0,0.9220428466796875,0.4852924346923828,0.0,0.0,0.8542861938476562,,0.19997787475585938,0.4490070343017578,0.0,1.6962318420410156,0.0,0.0,0.0,0.0,0.0,0.0,0.0,0.0,0.0,0.84149169921875,0.0,1.9484977722167969,0.0,0.0,0.47249794006347656,0.0,0.0,0.0,0.0,,0.0,0.0,,0.0,0.0,0.0,0.0,0.0,
980,,0.0,,,0.0,0.4999732971191406,0.0,0.0,,,,,,,,,,,,0.0,0.0,0.0,0.0,,,1.277862548828125,,0.0,,0.7423133850097656,,,,0.0,0.0,,,,,,,0.0,,0.0,,1.8994293212890625,,,,,,0.0,0.0,,0.0,,0.0,,,1.6707763671875,,,0.0,,,,0.0,0.0,0.0,,,0.0,0.0,,,,,,,0.0849609375,0.0,0.0,0.0,0.0,0.0,0.0,0.0,,,,,,,,0.0,,0.5236759185791016,,,0.0,,,0.0,,0.0,0.0,0.0,
981,,,,,,,0.0,0.0,,,,,,,,,,,,0.0,0.0,0.0,0.0,,,,,,,,,,,,0.0,,,,,,,,,0.0,,,,,,,,0.0,0.0,,0.0,,,,,,,,,,,,0.0,0.0,0.0,,,0.0,,,,,,,,,0.0,0.0,0.0,0.0,0.0,0.0,0.0,,,,,,,,0.0,,,,,0.0,,,0.0,,0.0,0.0,0.0,
982,,,,,,,0.0,0.0,,,,,,,,,,,,0.0,0.0,0.0,0.0,,,,,,,,,,,,0.0,,,,,,,,,,,,,,,,,,0.0,,0.0,,,,,,,,,,,,,0.0,0.0,,,0.0,,,,,,,,,0.0,0.0,0.0,0.0,0.0,0.0,0.0,,,,,,,,,,,,,,,,0.0,,0.0,0.0,0.0,
983,,,,,,,0.0,,,,,,,,,,,,,0.0,,0.0,0.0,,,,,,,,,,,,,,,,,,,,,,,,,,,,,,0.0,,0.0,,,,,,,,,,,,,,,,,0.0,,,,,,,,,0.0,0.0,0.0,0.0,0.0,0.0,,,,,,,,,,,,,,,,,0.0,,0.0,0.0,0.0,
984,,,,,,,0.0,,,,,,,,,,,,,,,,,,,,,,,,,,,,,,,,,,,,,,,,,,,,,,,,,,,,,,,,,,,,,,,,,0.0,,,,,,,,,0.0,0.0,0.0,0.0,,,,,,,,,,,,,,,,,,,,,,0.0,,
985,,,,,,,0.0,,,,,,,,,,,,,,,,,,,,,,,,,,,,,,,,,,,,,,,,,,,,,,,,,,,,,,,,,,,,,,,,,0.0,,,,,,,,,0.0,0.0,0.0,,,,,,,,,,,,,,,,,,,,,,,0.0,,
986,,,,,,,0.0,,,,,,,,,,,,,,,,,,,,,,,,,,,,,,,,,,,,,,,,,,,,,,,,,,,,,,,,,,,,,,,,,0.0,,,,,,,,,0.0,,,,,,,,,,,,,,,,,,,,,,,,,0.0,,
987,,,,,,,,,,,,,,,,,,,,,,,,,,,,,,,,,,,,,,,,,,,,,,,,,,,,,,,,,,,,,,,,,,,,,,,,0.0,,,,,,,,,0.0,,,,,,,,,,,,,,,,,,,,,,,,,0.0,,
988,,,,,,,,,,,,,,,,,,,,,,,,,,,,,,,,,,,,,,,,,,,,,,,,,,,,,,,,,,,,,,,,,,,,,,,,,,,,,,,,,,,,,,,,,,,,,,,,,,,,,,,,,,0.0,,
989,,,,,,,,,,,,,,,,,,,,,,,,,,,,,,,,,,,,,,,,,,,,,,,,,,,,,,,,,,,,,,,,,,,,,,,,,,,,,,,,,,,,,,,,,,,,,,,,,,,,,,,,,,,,
990,,,,,,,,,,,,,,,,,,,,,,,,,,,,,,,,,,,,,,,,,,,,,,,,,,,,,,,,,,,,,,,,,,,,,,,,,,,,,,,,,,,,,,,,,,,,,,,,,,,,,,,,,,,,
991,,,,,,,,,,,,,,,,,,,,,,,,,,,,,,,,,,,,,,,,,,,,,,,,,,,,,,,,,,,,,,,,,,,,,,,,,,,,,,,,,,,,,,,,,,,,,,,,,,,,,,,,,,,,
992,,,,,,,,,,,,,,,,,,,,,,,,,,,,,,,,,,,,,,,,,,,,,,,,,,,,,,,,,,,,,,,,,,,,,,,,,,,,,,,,,,,,,,,,,,,,,,,,,,,,,,,,,,,,
993,3.9162979125976562,,,,2.7524452209472656,0.9169769287109375,0.0,0.0,,0.0,,,,,,,,,,0.0,,,0.0,0.0,,,,,,,,,,,,,,,,,,,,,,,,,,,,,0.0,,0.0,,0.0,1.3980484008789062,,,,0.0,,,,,,0.0,0.0,1.5386028289794922,4.510984420776367,0.0,,,,0.0,,,,,0.0,,,,0.0,0.0,,,,,,,,,,0.0,,,,,,,0.0,,,0.0,,
994,0.0,,,,0.0,0.0,0.0,0.0,,0.0,0.0,0.0,,,,0.0,,0.0,0.0,0.0,0.0,,0.0,0.0,,,,,,0.0,,0.0,0.0,,0.0,,0.0,,,0.0,0.0,0.0,0.0,0.0,,0.0,,0.0,,,,0.0,0.0,,0.0,,0.0,0.0,,,,0.0,0.0,,,,0.0,0.0,0.0,0.0,0.0,0.0,,0.0,0.0,0.0,0.0,0.0,0.0,0.0,0.0,0.0,,0.0,0.0,0.0,,0.0,0.0,0.0,,,0.0,0.0,,0.0,0.0,,0.0,,,,0.0,0.0,0.0,0.0,0.0,
995,0.0,0.0,,0.0,0.0,0.0,0.0,0.0,,0.0,0.0,0.0,0.0,0.0,0.0,0.0,,0.0,0.0,0.0,0.0,0.0,0.0,0.0,0.0,0.0,0.0,0.0,0.0,0.0,,0.0,0.0,,0.0,0.0,0.0,,,0.0,0.0,0.0,0.0,0.0,0.0,0.0,0.0,0.0,,0.0,,0.0,0.0,0.0,0.0,0.0,0.0,0.0,0.0,,0.0,0.0,0.0,0.0,0.0,,0.0,0.0,0.0,0.0,0.0,0.0,0.0,0.0,0.0,0.0,0.0,0.0,0.0,0.0,0.0,0.0,0.0,0.0,0.0,0.0,0.0,0.0,0.0,0.0,0.0,,0.0,0.0,,0.0,0.0,0.0,0.0,0.0,0.0,,0.0,0.0,0.0,0.0,0.0,0.0
996,0.0,0.0,0.0,0.0,0.0,0.0,0.0,0.0,,0.0,0.0,0.0,0.0,0.0,0.0,0.0,,0.0,0.0,0.0,0.0,0.0,0.0,0.0,0.0,0.0,0.0,0.0,0.0,0.0,0.0,0.0,0.0,0.0,0.0,0.0,0.0,,,0.0,0.0,0.0,0.0,0.0,0.0,0.0,0.0,0.0,0.0,0.0,0.0,0.0,0.0,0.0,0.0,0.0,0.0,0.0,0.0,,0.0,0.0,0.0,0.0,0.0,,0.0,0.0,0.0,0.0,0.0,0.0,0.0,0.0,0.0,0.0,0.0,0.0,0.0,0.0,0.0,0.0,0.0,0.0,0.0,0.0,0.0,0.0,0.0,0.0,0.0,,0.0,0.0,0.0,0.0,0.0,0.0,0.0,0.0,0.0,0.0,0.0,0.0,0.0,0.0,0.0,0.0
997,0.0,0.0,0.0,0.0,0.0,0.0,0.0,0.0,,0.0,0.0,0.0,0.0,0.0,0.0,0.0,,0.0,0.0,0.0,0.0,0.0,0.0,0.0,0.0,0.0,0.0,0.0,0.0,0.0,0.0,0.0,0.0,0.0,0.0,0.0,0.0,,,0.0,0.0,0.0,0.0,0.0,0.0,0.0,0.0,0.0,0.0,0.0,0.0,0.0,0.0,0.0,0.0,0.0,0.0,0.0,0.0,,0.0,0.0,0.0,0.0,0.0,,0.0,0.0,0.0,0.0,0.0,0.0,0.0,0.0,0.0,0.0,0.0,0.0,0.0,0.0,0.0,0.0,0.0,0.0,0.0,0.0,0.0,0.0,0.0,0.0,0.0,0.0,0.0,0.0,0.0,0.0,0.0,0.0,0.0,0.0,0.0,0.0,0.0,0.0,0.0,0.0,0.0,0.0
998,0.0,0.0,0.0,0.0,0.0,0.0,0.0,0.0,,0.0,0.0,0.0,0.0,0.0,0.0,0.0,,0.0,0.0,0.0,0.0,0.0,0.0,0.0,0.0,0.0,0.0,0.0,0.0,0.0,0.0,0.0,0.0,0.0,0.0,0.0,0.0,,,0.0,0.0,0.0,0.0,0.0,0.0,0.0,0.0,0.0,0.0,0.0,0.0,0.0,0.0,0.0,0.0,0.0,0.0,0.0,0.0,,0.0,0.0,0.0,0.0,0.0,,0.0,0.0,0.0,0.0,0.0,0.0,0.0,0.0,0.0,0.0,0.0,0.0,0.0,0.0,0.0,0.0,0.0,0.0,0.0,0.0,0.0,0.0,0.0,0.0,0.0,0.0,0.0,0.0,0.0,0.0,0.0,0.0,0.0,0.0,0.0,0.0,0.0,0.0,0.0,0.0,0.0,0.0
999,0.0,0.0,0.0,0.0,0.0,0.0,0.0,0.0,,0.0,0.0,0.0,0.0,0.0,0.0,0.0,,0.0,0.0,0.0,0.0,0.0,0.0,0.0,0.0,0.0,0.0,0.0,0.0,0.0,0.0,0.0,0.0,0.0,0.0,0.0,0.0,,,0.0,0.0,0.0,0.0,0.0,0.0,0.0,0.0,0.0,0.0,0.0,0.0,0.0,0.0,0.0,0.0,0.0,0.0,0.0,0.0,,0.0,0.0,0.0,0.0,0.0,,0.0,0.0,0.0,0.0,0.0,0.0,0.0,0.0,0.0,0.0,0.0,0.0,0.0,0.0,0.0,0.0,0.0,0.0,0.0,0.0,0.0,0.0,0.0,0.0,0.0,0.0,0.0,0.0,0.0,0.0,0.0,0.0,0.0,0.0,0.0,0.0,0.0,0.0,0.0,0.0,0.0,0.0
